id,product_name,made_date,arrived_time,best_by_date,status
P00001,Power Bank,2023-02-21,2023-03-17 08:15:14,2024-01-02,EXPIRED
P00002,Power Bank,2026-01-21,2026-01-24 18:27:02,2026-04-22,EXPIRED
P00003,USB Cable,2024-03-23,2024-03-31 16:38:01,2025-06-03,EXPIRED
P00004,Laundry Detergent,2025-05-09,2025-05-17 14:37:17,2025-06-21,EXPIRED
P00005,Laptop Stand,2025-05-15,2025-05-26 08:09:13,2027-05-04,AVAILABLE
P00006,USB Cable,2025-02-17,2025-02-21 11:54:22,2026-09-11,EXPIRED
P00007,Mechanical Keyboard,2025-07-29,2025-08-16 03:59:24,2026-02-05,EXPIRED
P00008,Laundry Detergent,2024-08-23,2024-09-19 20:39:56,2026-10-02,AVAILABLE
P00009,Water Bottle,2023-05-23,2023-05-25 21:14:49,2025-02-03,EXPIRED
P00010,USB Cable,2024-04-21,2024-05-19 03:24:17,2026-12-05,RESERVED
P00011,Orange Juice,2023-11-30,2023-12-12 11:13:42,2025-06-28,EXPIRED
P00012,USB Cable,2026-06-01,2026-06-22 05:34:46,2027-11-14,AVAILABLE
P00013,Toothpaste,2025-02-16,2025-02-25 20:44:35,2026-06-10,EXPIRED
P00014,Cereal,2023-04-25,2023-05-03 01:51:20,2025-08-23,EXPIRED
P00015,Green Tea,2023-05-16,2023-05-23 18:56:45,2025-03-20,EXPIRED
P00016,Water Bottle,2026-09-04,2026-09-20 12:56:58,2029-04-30,AVAILABLE
P00017,Green Tea,2023-10-13,2023-10-21 23:35:34,2025-05-03,EXPIRED
P00018,Notebook,2025-05-27,2025-06-25 18:25:23,2026-09-18,EXPIRED
P00019,Bluetooth Speaker,2025-11-09,2025-11-25 02:48:03,2026-07-21,EXPIRED
P00020,Bluetooth Speaker,2026-07-09,2026-07-15 21:27:38,2026-12-16,AVAILABLE
P00021,Mineral Water,2026-05-05,2026-05-20 16:16:35,2026-06-27,EXPIRED
P00022,Power Bank,2026-01-04,2026-01-29 08:49:41,2027-12-31,AVAILABLE
P00023,Chocolate,2025-06-09,2025-06-15 14:00:46,2026-12-30,AVAILABLE
P00024,Laptop Stand,2025-11-05,2025-12-05 03:55:40,2027-08-08,RESERVED
P00025,Dish Soap,2026-06-01,2026-06-08 04:23:48,2027-05-27,AVAILABLE
P00026,Dish Soap,2023-01-02,2023-01-22 10:31:01,2023-09-18,EXPIRED
P00027,Orange Juice,2024-09-21,2024-09-29 01:15:56,2025-03-31,EXPIRED
P00028,USB Cable,2025-09-22,2025-10-19 02:48:34,2026-07-06,EXPIRED
P00029,Bluetooth Speaker,2026-09-13,2026-09-29 17:10:16,2029-02-25,AVAILABLE
P00030,Laundry Detergent,2024-02-16,2024-03-10 09:25:42,2026-04-20,EXPIRED
P00031,Toothpaste,2025-11-25,2025-12-10 03:15:14,2026-05-05,EXPIRED
P00032,Cereal,2023-02-13,2023-03-04 17:14:37,2024-06-08,EXPIRED
P00033,Wireless Mouse,2023-05-26,2023-06-18 20:03:14,2023-11-10,EXPIRED
P00034,Mechanical Keyboard,2024-11-07,2024-11-10 16:15:17,2027-08-28,AVAILABLE
P00035,Laundry Detergent,2023-09-28,2023-10-22 18:36:30,2025-03-08,EXPIRED
P00036,Hand Soap,2025-04-13,2025-04-20 03:06:42,2027-10-12,AVAILABLE
P00037,Shampoo,2025-04-21,2025-05-06 23:03:43,2025-12-08,EXPIRED
P00038,Mechanical Keyboard,2025-04-04,2025-04-28 10:51:55,2025-12-13,EXPIRED
P00039,Instant Coffee,2024-01-28,2024-02-04 17:28:08,2026-07-10,EXPIRED
P00040,Laptop Stand,2024-07-24,2024-08-08 07:55:59,2025-01-24,EXPIRED
P00041,Toothpaste,2026-02-01,2026-02-05 01:41:34,2026-04-02,EXPIRED
P00042,USB Cable,2024-04-29,2024-05-05 13:31:30,2025-08-09,EXPIRED
P00043,Mineral Water,2023-05-01,2023-05-07 12:00:24,2024-11-24,EXPIRED
P00044,Toothpaste,2024-08-07,2024-08-21 22:46:50,2027-05-30,AVAILABLE
P00045,Water Bottle,2024-08-30,2024-09-06 01:37:47,2025-01-31,EXPIRED
P00046,Cereal,2023-04-28,2023-04-30 18:30:32,2024-04-14,EXPIRED
P00047,Mechanical Keyboard,2025-11-06,2025-11-09 05:04:38,2026-04-24,EXPIRED
P00048,Instant Coffee,2025-04-06,2025-04-10 18:15:37,2025-07-26,EXPIRED
P00049,Ballpoint Pen,2023-06-17,2023-07-01 21:37:36,2025-04-24,EXPIRED
P00050,Green Tea,2024-02-23,2024-03-16 22:20:15,2025-09-18,EXPIRED
P00051,Mineral Water,2023-09-26,2023-10-18 20:19:29,2025-08-03,EXPIRED
P00052,USB Cable,2023-01-20,2023-02-04 19:36:06,2023-07-19,EXPIRED
P00053,Laundry Detergent,2024-03-12,2024-03-29 08:08:59,2026-03-26,EXPIRED
P00054,USB Cable,2024-05-15,2024-05-27 09:10:28,2026-02-23,EXPIRED
P00055,Ballpoint Pen,2026-09-01,2026-09-18 00:42:52,2028-06-05,RESERVED
P00056,Power Bank,2023-10-03,2023-10-12 03:56:06,2024-09-15,EXPIRED
P00057,Green Tea,2024-07-31,2024-08-20 06:45:21,2025-10-20,EXPIRED
P00058,Green Tea,2025-11-01,2025-11-17 08:57:58,2026-03-15,EXPIRED
P00059,USB Cable,2026-07-23,2026-08-06 08:02:00,2028-07-05,AVAILABLE
P00060,Green Tea,2023-11-27,2023-12-21 14:35:45,2026-05-20,EXPIRED
P00061,Laundry Detergent,2023-01-20,2023-01-24 02:56:44,2023-12-21,EXPIRED
P00062,Laundry Detergent,2023-03-15,2023-04-11 11:37:35,2024-02-11,EXPIRED
P00063,Shampoo,2023-09-19,2023-09-21 09:23:57,2024-01-08,EXPIRED
P00064,Orange Juice,2024-03-06,2024-03-28 07:42:06,2026-03-30,EXPIRED
P00065,Laundry Detergent,2025-04-12,2025-05-02 23:09:59,2026-09-08,EXPIRED
P00066,Laptop Stand,2023-12-29,2024-01-27 13:01:11,2025-12-08,EXPIRED
P00067,Shampoo,2024-05-23,2024-06-01 05:50:44,2025-01-29,EXPIRED
P00068,Mineral Water,2023-03-21,2023-04-18 15:14:12,2025-11-17,EXPIRED
P00069,Orange Juice,2024-09-17,2024-10-14 07:14:01,2025-11-16,EXPIRED
P00070,Mineral Water,2024-11-03,2024-11-12 02:49:17,2026-11-22,RESERVED
P00071,Dish Soap,2025-03-29,2025-04-20 17:21:01,2025-12-20,EXPIRED
P00072,Green Tea,2024-01-01,2024-01-20 08:02:06,2026-07-08,EXPIRED
P00073,Orange Juice,2024-10-04,2024-10-18 19:32:07,2026-12-31,AVAILABLE
P00074,Water Bottle,2024-06-05,2024-06-07 22:27:00,2027-06-04,AVAILABLE
P00075,Water Bottle,2025-01-15,2025-01-29 02:42:58,2026-12-22,AVAILABLE
P00076,Cereal,2026-09-20,2026-10-18 03:46:57,2028-06-26,AVAILABLE
P00077,Chocolate,2025-04-16,2025-04-27 12:44:18,2026-01-31,EXPIRED
P00078,Water Bottle,2025-05-11,2025-06-02 12:43:47,2026-06-01,EXPIRED
P00079,Ballpoint Pen,2026-03-11,2026-03-21 12:35:53,2026-04-10,EXPIRED
P00080,Chocolate,2024-08-10,2024-08-17 13:50:37,2026-06-30,EXPIRED
P00081,Toothpaste,2025-06-23,2025-07-08 21:13:32,2028-03-18,RESERVED
P00082,Laptop Stand,2026-09-11,2026-09-14 09:32:42,2028-08-27,AVAILABLE
P00083,Instant Coffee,2024-09-27,2024-10-05 06:09:01,2025-01-29,EXPIRED
P00084,Instant Coffee,2025-08-31,2025-09-20 02:29:26,2026-11-02,RESERVED
P00085,Mineral Water,2025-10-09,2025-10-22 07:09:41,2025-11-19,EXPIRED
P00086,Power Bank,2025-05-20,2025-05-28 05:51:44,2028-05-14,AVAILABLE
P00087,Mechanical Keyboard,2026-02-15,2026-02-23 03:29:08,2028-10-23,RESERVED
P00088,Dish Soap,2026-02-18,2026-03-10 10:48:57,2028-09-11,AVAILABLE
P00089,Dish Soap,2025-05-23,2025-06-19 17:28:57,2026-05-13,EXPIRED
P00090,Hand Soap,2025-07-10,2025-07-19 07:53:40,2027-02-27,AVAILABLE
P00091,Hand Soap,2026-07-07,2026-07-15 08:28:04,2028-03-13,AVAILABLE
P00092,Green Tea,2024-11-18,2024-11-29 17:05:08,2025-10-22,EXPIRED
P00093,Instant Coffee,2025-02-23,2025-03-18 04:45:13,2025-08-03,EXPIRED
P00094,Shampoo,2025-04-14,2025-04-25 17:29:26,2025-09-18,EXPIRED
P00095,Water Bottle,2025-05-10,2025-05-23 18:44:01,2027-07-28,AVAILABLE
P00096,Wireless Mouse,2024-12-21,2024-12-31 12:54:57,2027-05-28,AVAILABLE
P00097,Laundry Detergent,2026-05-20,2026-06-18 07:31:14,2027-12-29,AVAILABLE
P00098,Hand Soap,2023-03-01,2023-03-14 10:42:43,2025-07-06,EXPIRED
P00099,Laptop Stand,2025-08-15,2025-09-14 04:39:34,2025-11-08,EXPIRED
P00100,Mineral Water,2026-04-27,2026-05-16 21:01:05,2028-10-20,AVAILABLE
P00101,Toothpaste,2024-01-08,2024-01-10 08:24:20,2025-04-15,EXPIRED
P00102,Toothpaste,2024-10-31,2024-11-11 12:17:48,2027-04-12,AVAILABLE
P00103,USB Cable,2025-08-21,2025-08-22 23:34:03,2027-09-06,AVAILABLE
P00104,USB Cable,2026-08-27,2026-08-29 00:15:12,2026-11-06,AVAILABLE
P00105,Bluetooth Speaker,2024-05-03,2024-05-08 15:42:07,2025-08-22,EXPIRED
P00106,Toothpaste,2024-06-08,2024-07-03 11:10:38,2025-02-27,EXPIRED
P00107,Laptop Stand,2024-09-29,2024-10-03 18:01:59,2026-07-29,EXPIRED
P00108,Notebook,2025-02-07,2025-02-20 22:12:04,2026-07-19,EXPIRED
P00109,Power Bank,2024-09-09,2024-10-07 21:38:51,2025-06-13,EXPIRED
P00110,Notebook,2023-03-26,2023-04-07 17:27:42,2025-05-22,EXPIRED
P00111,USB Cable,2025-11-02,2025-11-23 10:00:54,2028-04-10,AVAILABLE
P00112,Power Bank,2025-06-06,2025-06-18 20:57:53,2028-02-02,RESERVED
P00113,Bluetooth Speaker,2025-06-10,2025-06-16 23:33:41,2027-01-14,AVAILABLE
P00114,Laundry Detergent,2025-09-17,2025-10-02 13:52:46,2027-04-19,AVAILABLE
P00115,Instant Coffee,2023-06-27,2023-07-06 14:15:48,2026-03-04,EXPIRED
P00116,Notebook,2026-06-03,2026-06-25 12:21:01,2029-04-10,AVAILABLE
P00117,Laptop Stand,2025-09-25,2025-10-02 11:51:16,2027-09-22,AVAILABLE
P00118,Ballpoint Pen,2024-07-19,2024-08-06 00:33:12,2025-02-09,EXPIRED
P00119,Instant Coffee,2025-04-12,2025-04-28 17:48:15,2028-01-12,RESERVED
P00120,Hand Soap,2025-07-06,2025-08-01 00:05:18,2026-11-01,AVAILABLE
P00121,Instant Coffee,2024-09-19,2024-10-11 18:23:30,2026-09-23,AVAILABLE
P00122,Laundry Detergent,2024-11-08,2024-11-20 22:29:17,2026-08-27,EXPIRED
P00123,Green Tea,2024-04-17,2024-04-21 23:12:20,2025-01-16,EXPIRED
P00124,Laundry Detergent,2024-01-15,2024-01-22 06:47:30,2025-09-02,EXPIRED
P00125,Notebook,2025-12-10,2025-12-30 09:06:53,2027-02-10,AVAILABLE
P00126,Instant Coffee,2025-01-09,2025-01-15 09:00:45,2025-10-25,EXPIRED
P00127,Green Tea,2023-04-04,2023-04-06 17:18:44,2024-01-17,EXPIRED
P00128,Hand Soap,2023-07-30,2023-08-27 00:36:18,2026-04-16,EXPIRED
P00129,Hand Soap,2025-06-21,2025-07-02 05:03:16,2028-03-25,AVAILABLE
P00130,USB Cable,2025-03-31,2025-04-16 02:36:40,2025-08-17,EXPIRED
P00131,Bluetooth Speaker,2023-11-02,2023-11-28 18:19:05,2025-04-23,EXPIRED
P00132,Power Bank,2026-02-16,2026-03-13 13:38:38,2027-06-23,AVAILABLE
P00133,Mineral Water,2025-07-11,2025-08-10 14:19:55,2028-01-05,AVAILABLE
P00134,Notebook,2026-06-25,2026-06-27 19:47:06,2027-09-23,RESERVED
P00135,Water Bottle,2024-06-25,2024-07-17 02:10:15,2025-07-15,EXPIRED
P00136,Laundry Detergent,2023-06-03,2023-06-09 00:26:28,2026-02-19,EXPIRED
P00137,Chocolate,2023-03-08,2023-03-16 09:45:18,2025-10-22,EXPIRED
P00138,USB Cable,2024-04-23,2024-05-23 08:50:50,2025-07-02,EXPIRED
P00139,Shampoo,2023-08-24,2023-09-11 07:41:09,2025-03-20,EXPIRED
P00140,Bluetooth Speaker,2023-05-27,2023-05-29 05:50:19,2025-02-06,EXPIRED
P00141,Toothpaste,2023-09-12,2023-09-27 22:19:44,2026-01-13,EXPIRED
P00142,Green Tea,2025-10-21,2025-11-08 15:28:05,2026-02-09,EXPIRED
P00143,Shampoo,2024-10-22,2024-11-11 08:01:05,2026-03-04,EXPIRED
P00144,Notebook,2026-04-17,2026-04-18 21:52:17,2026-08-07,EXPIRED
P00145,Laptop Stand,2025-08-21,2025-09-07 20:28:58,2027-04-12,AVAILABLE
P00146,Notebook,2025-06-11,2025-07-02 15:05:30,2027-06-23,AVAILABLE
P00147,Cereal,2024-10-19,2024-11-10 03:54:10,2026-09-24,AVAILABLE
P00148,Hand Soap,2024-08-13,2024-09-04 12:52:48,2024-11-26,EXPIRED
P00149,Toothpaste,2023-06-30,2023-07-11 08:20:07,2025-11-03,EXPIRED
P00150,Dish Soap,2023-01-03,2023-01-25 17:29:26,2023-05-24,EXPIRED
P00151,Water Bottle,2025-11-27,2025-12-09 19:48:31,2028-06-19,AVAILABLE
P00152,Water Bottle,2024-06-30,2024-07-18 04:59:18,2027-01-13,RESERVED
P00153,Hand Soap,2023-09-06,2023-09-07 20:38:51,2025-02-07,EXPIRED
P00154,Laptop Stand,2024-09-28,2024-10-16 00:35:26,2025-05-06,EXPIRED
P00155,Instant Coffee,2023-08-21,2023-09-05 03:41:53,2024-07-31,EXPIRED
P00156,Hand Soap,2024-08-20,2024-09-06 22:17:26,2027-06-04,AVAILABLE
P00157,Instant Coffee,2025-07-24,2025-08-11 04:24:12,2028-06-28,RESERVED
P00158,Bluetooth Speaker,2023-05-23,2023-06-01 13:21:59,2026-04-26,EXPIRED
P00159,Green Tea,2023-01-06,2023-01-16 23:19:53,2025-11-03,EXPIRED
P00160,Bluetooth Speaker,2025-07-03,2025-07-21 15:22:21,2027-09-13,AVAILABLE
P00161,Cereal,2024-01-22,2024-02-14 07:36:24,2025-06-13,EXPIRED
P00162,Shampoo,2023-03-31,2023-04-11 23:30:45,2025-06-18,EXPIRED
P00163,Mineral Water,2026-09-21,2026-10-17 20:09:31,2027-01-04,AVAILABLE
P00164,Dish Soap,2026-04-23,2026-05-04 03:55:54,2028-11-09,AVAILABLE
P00165,Dish Soap,2025-07-24,2025-07-25 23:09:26,2026-07-05,EXPIRED
P00166,USB Cable,2025-08-19,2025-09-14 08:21:39,2027-12-11,RESERVED
P00167,USB Cable,2024-11-03,2024-12-01 21:54:34,2027-01-20,AVAILABLE
P00168,Hand Soap,2026-01-13,2026-01-15 19:04:15,2027-09-23,AVAILABLE
P00169,USB Cable,2025-06-07,2025-06-11 20:45:55,2026-01-28,EXPIRED
P00170,Toothpaste,2023-12-07,2023-12-30 09:57:01,2024-04-09,EXPIRED
P00171,Cereal,2023-04-25,2023-05-05 11:23:27,2024-03-18,EXPIRED
P00172,Instant Coffee,2025-12-23,2026-01-06 18:43:50,2027-01-25,AVAILABLE
P00173,Laptop Stand,2023-06-11,2023-07-01 12:39:43,2024-11-15,EXPIRED
P00174,Hand Soap,2026-04-09,2026-04-14 07:29:40,2027-10-11,AVAILABLE
P00175,Green Tea,2023-01-20,2023-02-18 14:57:18,2024-01-08,EXPIRED
P00176,USB Cable,2025-06-23,2025-07-05 18:19:40,2027-12-08,RESERVED
P00177,Green Tea,2025-07-24,2025-08-21 09:12:24,2028-05-08,AVAILABLE
P00178,Instant Coffee,2025-02-20,2025-03-11 11:36:18,2026-11-16,AVAILABLE
P00179,Mineral Water,2024-07-16,2024-07-17 18:55:43,2024-11-23,EXPIRED
P00180,Ballpoint Pen,2025-10-14,2025-11-10 09:49:51,2027-02-27,AVAILABLE
P00181,Orange Juice,2024-03-24,2024-04-14 06:39:16,2025-01-28,EXPIRED
P00182,Power Bank,2026-07-09,2026-07-30 01:19:50,2029-01-26,AVAILABLE
P00183,Notebook,2025-01-17,2025-02-10 04:05:58,2026-10-13,AVAILABLE
P00184,Shampoo,2023-12-26,2024-01-02 04:50:34,2026-02-12,EXPIRED
P00185,Dish Soap,2025-10-24,2025-11-23 08:53:10,2027-05-03,AVAILABLE
P00186,Chocolate,2024-11-24,2024-12-20 03:29:04,2025-10-08,EXPIRED
P00187,Instant Coffee,2025-03-24,2025-04-21 17:23:05,2027-07-10,AVAILABLE
P00188,Green Tea,2026-01-03,2026-01-07 14:23:43,2027-07-23,AVAILABLE
P00189,Mineral Water,2026-07-31,2026-08-12 03:43:14,2029-04-21,AVAILABLE
P00190,Ballpoint Pen,2026-02-23,2026-03-06 19:14:41,2026-08-01,EXPIRED
P00191,Toothpaste,2024-09-10,2024-10-01 13:07:08,2025-01-10,EXPIRED
P00192,Mechanical Keyboard,2024-09-15,2024-10-01 03:06:15,2025-07-19,EXPIRED
P00193,Mineral Water,2025-07-18,2025-07-30 21:47:44,2027-12-23,AVAILABLE
P00194,Bluetooth Speaker,2025-04-29,2025-05-20 03:53:31,2027-09-11,AVAILABLE
P00195,Mechanical Keyboard,2025-01-28,2025-02-04 14:28:15,2027-03-11,AVAILABLE
P00196,Orange Juice,2026-01-20,2026-02-18 20:22:03,2028-05-14,AVAILABLE
P00197,Water Bottle,2023-09-08,2023-10-06 14:05:42,2024-12-15,EXPIRED
P00198,Ballpoint Pen,2023-02-13,2023-02-15 10:15:08,2024-05-08,EXPIRED
P00199,USB Cable,2026-02-09,2026-02-16 18:13:52,2027-07-01,AVAILABLE
P00200,Bluetooth Speaker,2026-05-05,2026-05-06 08:54:09,2027-02-25,AVAILABLE
P00201,Green Tea,2023-12-24,2023-12-28 21:55:01,2024-10-18,EXPIRED
P00202,Wireless Mouse,2025-01-03,2025-01-29 07:37:20,2025-03-06,EXPIRED
P00203,Laptop Stand,2024-06-27,2024-06-29 04:47:26,2025-03-16,EXPIRED
P00204,USB Cable,2025-09-02,2025-09-17 11:32:37,2026-05-13,EXPIRED
P00205,Toothpaste,2025-10-28,2025-11-05 19:02:46,2027-08-06,AVAILABLE
P00206,Wireless Mouse,2023-05-05,2023-05-21 12:27:43,2024-01-11,EXPIRED
P00207,Hand Soap,2025-06-27,2025-06-30 02:20:38,2026-05-26,EXPIRED
P00208,USB Cable,2023-09-16,2023-09-25 19:40:37,2025-08-11,EXPIRED
P00209,Mineral Water,2026-05-08,2026-05-25 09:29:32,2028-11-04,AVAILABLE
P00210,Power Bank,2026-09-02,2026-09-23 17:46:55,2027-12-16,AVAILABLE
P00211,Toothpaste,2024-04-12,2024-04-26 10:52:29,2026-08-06,EXPIRED
P00212,Shampoo,2023-07-14,2023-07-25 13:20:42,2025-01-16,EXPIRED
P00213,Orange Juice,2023-11-09,2023-12-01 15:04:05,2024-05-31,EXPIRED
P00214,USB Cable,2025-06-03,2025-06-07 23:47:23,2026-03-26,EXPIRED
P00215,Laundry Detergent,2023-05-03,2023-05-22 17:35:21,2024-02-07,EXPIRED
P00216,Shampoo,2024-12-25,2025-01-22 21:48:27,2025-05-09,EXPIRED
P00217,Chocolate,2026-05-14,2026-05-24 11:06:36,2029-04-17,AVAILABLE
P00218,Bluetooth Speaker,2026-09-06,2026-09-22 07:54:06,2028-09-22,AVAILABLE
P00219,Orange Juice,2023-08-24,2023-09-18 08:36:14,2026-02-17,EXPIRED
P00220,Laundry Detergent,2026-06-27,2026-07-17 21:41:35,2026-09-18,EXPIRED
P00221,Ballpoint Pen,2026-09-09,2026-10-06 22:17:01,2027-10-13,AVAILABLE
P00222,Chocolate,2024-11-26,2024-12-08 00:11:55,2025-10-15,EXPIRED
P00223,Notebook,2026-09-08,2026-09-21 02:09:47,2026-12-09,AVAILABLE
P00224,Dish Soap,2024-03-16,2024-03-29 13:29:21,2025-03-03,EXPIRED
P00225,Orange Juice,2024-09-30,2024-10-24 10:49:36,2025-04-21,EXPIRED
P00226,Mechanical Keyboard,2023-11-15,2023-11-21 19:03:43,2024-05-30,EXPIRED
P00227,Green Tea,2025-06-26,2025-07-18 13:31:38,2028-01-17,AVAILABLE
P00228,Green Tea,2024-03-17,2024-04-11 16:07:22,2026-09-13,EXPIRED
P00229,Power Bank,2024-08-03,2024-08-25 21:37:31,2026-05-26,EXPIRED
P00230,Mechanical Keyboard,2024-03-27,2024-04-09 19:03:00,2025-06-18,EXPIRED
P00231,Chocolate,2024-03-08,2024-04-02 04:48:16,2025-11-20,EXPIRED
P00232,Cereal,2023-09-03,2023-09-04 15:47:27,2024-09-26,EXPIRED
P00233,Bluetooth Speaker,2025-02-17,2025-03-07 22:14:32,2027-03-14,AVAILABLE
P00234,Mineral Water,2023-03-28,2023-04-11 00:29:58,2023-10-03,EXPIRED
P00235,Cereal,2026-03-25,2026-04-08 18:25:45,2028-08-26,AVAILABLE
P00236,Power Bank,2025-04-09,2025-04-10 10:10:51,2027-12-07,RESERVED
P00237,Orange Juice,2023-06-30,2023-07-14 03:15:27,2025-10-27,EXPIRED
P00238,Dish Soap,2023-06-11,2023-06-24 09:47:21,2024-10-06,EXPIRED
P00239,Cereal,2023-12-11,2023-12-14 16:40:07,2026-11-19,AVAILABLE
P00240,Orange Juice,2024-12-20,2025-01-13 20:52:09,2026-05-17,EXPIRED
P00241,Power Bank,2023-10-27,2023-11-05 06:11:38,2024-10-04,EXPIRED
P00242,USB Cable,2023-12-29,2024-01-23 20:31:29,2026-08-04,EXPIRED
P00243,Notebook,2026-08-09,2026-08-30 19:20:55,2028-06-16,AVAILABLE
P00244,Toothpaste,2023-05-20,2023-06-05 14:40:19,2025-01-01,EXPIRED
P00245,Notebook,2023-04-26,2023-05-08 16:04:19,2025-12-26,EXPIRED
P00246,Toothpaste,2023-03-19,2023-03-21 11:53:18,2023-09-22,EXPIRED
P00247,USB Cable,2026-06-13,2026-07-03 16:24:29,2026-10-05,AVAILABLE
P00248,Notebook,2026-08-27,2026-09-03 10:38:30,2029-07-18,AVAILABLE
P00249,Mechanical Keyboard,2025-07-11,2025-07-15 10:45:05,2028-06-08,RESERVED
P00250,Laptop Stand,2023-03-22,2023-03-30 22:28:28,2024-03-11,EXPIRED
P00251,Orange Juice,2025-02-02,2025-03-04 09:24:26,2027-01-25,RESERVED
P00252,Ballpoint Pen,2023-04-18,2023-05-14 20:41:21,2023-09-29,EXPIRED
P00253,Cereal,2023-07-13,2023-07-31 21:24:18,2025-01-09,EXPIRED
P00254,Ballpoint Pen,2023-11-04,2023-11-15 02:37:42,2024-09-18,EXPIRED
P00255,Orange Juice,2024-09-27,2024-10-18 22:42:25,2025-07-18,EXPIRED
P00256,Ballpoint Pen,2023-06-23,2023-07-03 17:24:41,2025-05-25,EXPIRED
P00257,Bluetooth Speaker,2025-12-14,2025-12-17 20:42:27,2028-11-19,AVAILABLE
P00258,Wireless Mouse,2025-01-12,2025-01-22 05:13:21,2027-11-03,AVAILABLE
P00259,Instant Coffee,2023-10-09,2023-10-14 02:18:54,2024-06-02,EXPIRED
P00260,Dish Soap,2026-01-10,2026-02-06 23:56:33,2026-04-27,EXPIRED
P00261,Cereal,2026-06-19,2026-06-24 19:24:09,2027-06-16,AVAILABLE
P00262,Ballpoint Pen,2023-12-06,2023-12-30 14:02:26,2026-01-20,EXPIRED
P00263,Instant Coffee,2025-06-28,2025-07-18 09:48:47,2028-02-02,AVAILABLE
P00264,Laundry Detergent,2024-05-04,2024-05-14 15:57:53,2025-07-05,EXPIRED
P00265,Orange Juice,2026-03-14,2026-03-29 14:49:18,2028-06-03,AVAILABLE
P00266,Dish Soap,2025-05-07,2025-05-13 06:51:38,2026-03-16,EXPIRED
P00267,Green Tea,2023-04-17,2023-05-08 15:55:23,2023-12-13,EXPIRED
P00268,Dish Soap,2023-09-13,2023-09-23 02:48:10,2025-04-23,EXPIRED
P00269,Toothpaste,2025-11-17,2025-11-22 13:05:58,2027-03-16,AVAILABLE
P00270,Orange Juice,2023-02-24,2023-03-10 01:25:32,2025-04-29,EXPIRED
P00271,Instant Coffee,2025-03-01,2025-03-04 11:14:01,2027-01-12,AVAILABLE
P00272,Cereal,2023-10-27,2023-11-01 01:18:58,2026-07-20,EXPIRED
P00273,Bluetooth Speaker,2025-08-18,2025-09-02 19:00:57,2026-02-26,EXPIRED
P00274,Wireless Mouse,2024-06-08,2024-06-15 04:35:46,2026-11-21,AVAILABLE
P00275,Chocolate,2024-05-01,2024-05-11 03:03:15,2026-10-07,RESERVED
P00276,Ballpoint Pen,2025-07-25,2025-07-28 03:53:57,2028-06-12,AVAILABLE
P00277,Laundry Detergent,2023-02-03,2023-02-24 16:36:15,2023-12-24,EXPIRED
P00278,Chocolate,2025-05-29,2025-05-30 19:22:15,2027-10-29,AVAILABLE
P00279,USB Cable,2025-12-08,2025-12-20 02:33:34,2028-11-11,AVAILABLE
P00280,Laundry Detergent,2023-02-11,2023-02-24 15:02:40,2025-05-13,EXPIRED
P00281,Orange Juice,2024-06-03,2024-06-27 00:22:50,2024-11-18,EXPIRED
P00282,Orange Juice,2024-05-08,2024-06-01 21:40:06,2026-04-18,EXPIRED
P00283,Bluetooth Speaker,2023-04-01,2023-04-13 17:21:52,2024-04-23,EXPIRED
P00284,Toothpaste,2025-09-07,2025-09-28 05:51:08,2026-02-13,EXPIRED
P00285,Toothpaste,2023-03-17,2023-03-27 06:02:50,2024-05-28,EXPIRED
P00286,Mechanical Keyboard,2024-10-08,2024-11-07 09:32:25,2027-07-04,AVAILABLE
P00287,Mechanical Keyboard,2026-08-17,2026-08-24 09:22:55,2026-12-22,RESERVED
P00288,Cereal,2024-07-13,2024-07-17 11:27:56,2026-11-09,RESERVED
P00289,Toothpaste,2025-03-02,2025-03-13 05:31:44,2028-01-14,AVAILABLE
P00290,Dish Soap,2024-06-30,2024-07-26 02:46:27,2025-01-07,EXPIRED
P00291,Shampoo,2026-05-18,2026-06-14 05:34:18,2028-04-04,AVAILABLE
P00292,USB Cable,2024-11-02,2024-11-24 09:19:28,2027-04-23,AVAILABLE
P00293,Toothpaste,2024-12-20,2025-01-04 01:46:55,2027-01-11,AVAILABLE
P00294,Shampoo,2024-07-16,2024-08-06 01:04:42,2026-11-24,AVAILABLE
P00295,Dish Soap,2023-11-24,2023-11-25 04:54:38,2026-06-08,EXPIRED
P00296,Mechanical Keyboard,2023-09-16,2023-09-19 07:49:41,2025-11-04,EXPIRED
P00297,Orange Juice,2025-02-23,2025-03-14 01:38:09,2027-10-02,AVAILABLE
P00298,Orange Juice,2025-06-28,2025-07-23 02:36:08,2027-08-18,AVAILABLE
P00299,Cereal,2026-08-23,2026-09-01 07:07:01,2027-10-08,AVAILABLE
P00300,Dish Soap,2025-03-03,2025-04-02 17:07:16,2026-09-17,EXPIRED
P00301,Toothpaste,2024-03-15,2024-04-04 09:44:58,2027-01-14,AVAILABLE
P00302,Power Bank,2023-10-05,2023-11-02 02:28:11,2026-05-03,EXPIRED
P00303,USB Cable,2024-10-16,2024-11-07 11:45:04,2026-07-02,EXPIRED
P00304,Chocolate,2023-11-19,2023-12-12 22:59:44,2024-12-09,EXPIRED
P00305,Orange Juice,2025-11-07,2025-11-15 03:12:50,2026-09-17,EXPIRED
P00306,Instant Coffee,2025-10-08,2025-10-09 11:35:36,2027-12-02,AVAILABLE
P00307,Laundry Detergent,2023-09-23,2023-10-13 02:04:19,2026-01-15,EXPIRED
P00308,Hand Soap,2025-12-12,2025-12-26 13:52:36,2026-06-11,EXPIRED
P00309,Bluetooth Speaker,2024-10-11,2024-11-01 02:28:29,2027-10-05,AVAILABLE
P00310,Bluetooth Speaker,2026-02-03,2026-02-24 18:11:49,2026-11-24,AVAILABLE
P00311,Dish Soap,2023-04-24,2023-05-21 03:33:09,2025-02-04,EXPIRED
P00312,Laptop Stand,2023-11-28,2023-12-09 22:14:22,2026-11-24,AVAILABLE
P00313,USB Cable,2024-05-28,2024-06-04 20:35:17,2025-03-10,EXPIRED
P00314,Chocolate,2026-06-12,2026-06-30 02:32:41,2027-06-22,AVAILABLE
P00315,Notebook,2023-11-12,2023-11-18 21:39:46,2025-11-02,EXPIRED
P00316,Notebook,2023-03-26,2023-04-22 00:05:02,2024-10-18,EXPIRED
P00317,Water Bottle,2026-03-17,2026-03-31 19:40:01,2029-01-29,RESERVED
P00318,Laundry Detergent,2024-08-16,2024-09-06 09:30:15,2026-12-25,AVAILABLE
P00319,Toothpaste,2023-05-30,2023-06-22 01:10:28,2025-10-27,EXPIRED
P00320,Hand Soap,2025-08-09,2025-08-16 10:38:09,2027-06-10,RESERVED
P00321,Cereal,2024-12-08,2024-12-21 04:48:23,2027-11-27,AVAILABLE
P00322,Power Bank,2024-10-15,2024-10-23 14:07:17,2027-05-23,AVAILABLE
P00323,Bluetooth Speaker,2023-07-18,2023-07-20 09:24:55,2025-12-20,EXPIRED
P00324,Instant Coffee,2023-11-24,2023-12-21 10:59:36,2025-09-24,EXPIRED
P00325,Water Bottle,2023-11-23,2023-12-09 16:29:31,2025-09-14,EXPIRED
P00326,Hand Soap,2023-02-17,2023-02-20 12:32:29,2024-07-24,EXPIRED
P00327,Water Bottle,2026-04-09,2026-04-21 01:03:18,2029-02-15,AVAILABLE
P00328,Hand Soap,2024-08-08,2024-08-26 00:54:06,2027-02-06,AVAILABLE
P00329,Green Tea,2025-01-19,2025-02-13 12:23:02,2027-05-19,AVAILABLE
P00330,Notebook,2026-02-24,2026-03-03 11:35:18,2026-08-23,EXPIRED
P00331,Mineral Water,2025-10-29,2025-11-13 17:17:52,2026-07-29,EXPIRED
P00332,Bluetooth Speaker,2023-07-18,2023-07-31 11:50:21,2025-09-03,EXPIRED
P00333,Bluetooth Speaker,2024-02-12,2024-03-03 16:25:32,2024-06-03,EXPIRED
P00334,Mechanical Keyboard,2023-03-21,2023-03-26 22:21:51,2025-12-15,EXPIRED
P00335,Dish Soap,2025-07-24,2025-07-29 19:57:32,2026-06-05,EXPIRED
P00336,Cereal,2026-06-09,2026-06-20 05:25:39,2028-03-12,AVAILABLE
P00337,Cereal,2025-11-04,2025-12-01 16:34:31,2027-08-09,AVAILABLE
P00338,Wireless Mouse,2025-01-24,2025-02-04 21:07:26,2026-11-15,RESERVED
P00339,Wireless Mouse,2026-05-07,2026-05-23 08:41:50,2027-09-15,RESERVED
P00340,Mechanical Keyboard,2026-04-10,2026-04-26 05:33:40,2028-06-26,AVAILABLE
P00341,Instant Coffee,2023-03-06,2023-03-25 22:07:12,2023-05-13,EXPIRED
P00342,Toothpaste,2024-10-04,2024-10-18 04:26:44,2025-12-25,EXPIRED
P00343,Shampoo,2025-10-24,2025-11-18 19:58:30,2026-03-30,EXPIRED
P00344,Bluetooth Speaker,2025-11-28,2025-12-05 17:20:42,2028-09-02,AVAILABLE
P00345,Mineral Water,2024-10-04,2024-10-10 14:58:34,2026-10-05,AVAILABLE
P00346,Orange Juice,2026-08-10,2026-09-05 22:16:39,2029-05-27,AVAILABLE
P00347,Instant Coffee,2024-07-25,2024-08-12 09:14:19,2026-04-07,EXPIRED
P00348,Water Bottle,2025-09-28,2025-10-09 15:22:35,2027-05-11,AVAILABLE
P00349,Power Bank,2026-03-20,2026-04-11 17:24:57,2028-07-05,AVAILABLE
P00350,Bluetooth Speaker,2024-08-17,2024-08-19 09:45:05,2026-08-26,EXPIRED
P00351,Toothpaste,2026-09-05,2026-09-14 23:30:13,2027-11-22,AVAILABLE
P00352,Green Tea,2026-02-25,2026-03-20 08:08:06,2027-07-30,AVAILABLE
P00353,Mechanical Keyboard,2025-12-23,2025-12-31 20:14:03,2026-08-15,EXPIRED
P00354,Shampoo,2024-11-07,2024-11-30 15:06:43,2025-09-14,EXPIRED
P00355,Wireless Mouse,2026-02-01,2026-03-03 05:26:41,2028-11-01,AVAILABLE
P00356,Water Bottle,2024-08-11,2024-08-22 09:41:03,2025-03-12,EXPIRED
P00357,Notebook,2024-04-20,2024-05-08 23:46:54,2024-08-04,EXPIRED
P00358,Laptop Stand,2025-05-05,2025-06-03 05:59:58,2025-08-17,EXPIRED
P00359,Mineral Water,2025-10-11,2025-10-17 23:55:59,2027-06-25,AVAILABLE
P00360,Wireless Mouse,2024-09-03,2024-09-22 19:06:59,2026-08-20,EXPIRED
P00361,Chocolate,2025-07-19,2025-08-09 17:33:31,2026-05-19,EXPIRED
P00362,Dish Soap,2025-08-16,2025-08-25 06:51:07,2027-07-24,AVAILABLE
P00363,Toothpaste,2026-08-20,2026-08-29 22:11:00,2028-08-09,AVAILABLE
P00364,Notebook,2024-01-31,2024-02-06 19:54:40,2026-06-09,EXPIRED
P00365,Shampoo,2025-11-21,2025-12-02 02:25:42,2026-07-04,EXPIRED
P00366,Laptop Stand,2023-10-15,2023-10-31 10:59:15,2023-11-27,EXPIRED
P00367,Green Tea,2025-02-24,2025-03-04 14:48:17,2027-01-30,AVAILABLE
P00368,Notebook,2026-03-19,2026-03-20 08:41:23,2027-08-14,AVAILABLE
P00369,Power Bank,2025-08-11,2025-08-21 05:25:43,2028-07-05,RESERVED
P00370,Chocolate,2023-08-29,2023-09-19 09:23:39,2024-12-23,EXPIRED
P00371,Instant Coffee,2023-10-01,2023-10-17 04:29:47,2025-12-04,EXPIRED
P00372,Shampoo,2026-01-29,2026-02-28 15:48:34,2027-05-21,AVAILABLE
P00373,Ballpoint Pen,2023-06-17,2023-07-04 14:33:45,2025-07-26,EXPIRED
P00374,USB Cable,2026-03-01,2026-03-05 01:53:35,2029-01-29,AVAILABLE
P00375,Notebook,2026-01-04,2026-01-09 05:20:54,2029-01-03,AVAILABLE
P00376,Power Bank,2024-02-25,2024-03-19 18:31:05,2027-02-04,AVAILABLE
P00377,Mechanical Keyboard,2025-07-17,2025-07-22 16:26:29,2025-12-12,EXPIRED
P00378,Laundry Detergent,2025-08-04,2025-08-26 09:46:01,2027-11-22,AVAILABLE
P00379,Wireless Mouse,2024-03-22,2024-04-10 02:02:27,2026-03-27,EXPIRED
P00380,USB Cable,2026-01-13,2026-01-15 02:59:30,2026-04-17,EXPIRED
P00381,Chocolate,2025-04-17,2025-04-23 04:49:41,2027-09-24,AVAILABLE
P00382,Mineral Water,2025-07-07,2025-08-04 12:24:05,2026-05-05,EXPIRED
P00383,Orange Juice,2023-08-31,2023-09-06 17:25:33,2024-06-16,EXPIRED
P00384,Instant Coffee,2023-01-08,2023-02-02 00:19:29,2025-06-24,EXPIRED
P00385,Laundry Detergent,2025-02-15,2025-03-14 07:15:29,2027-02-23,AVAILABLE
P00386,Green Tea,2024-01-22,2024-02-21 23:48:07,2024-04-26,EXPIRED
P00387,Shampoo,2026-06-13,2026-07-08 00:15:13,2026-11-27,AVAILABLE
P00388,Ballpoint Pen,2023-03-10,2023-03-25 19:43:45,2023-07-17,EXPIRED
P00389,Instant Coffee,2023-04-01,2023-04-14 14:14:34,2024-07-18,EXPIRED
P00390,Mechanical Keyboard,2023-10-14,2023-10-31 09:14:52,2025-08-27,EXPIRED
P00391,Notebook,2026-05-09,2026-06-03 21:52:20,2027-10-06,AVAILABLE
P00392,Bluetooth Speaker,2026-09-14,2026-10-01 07:26:19,2028-04-29,AVAILABLE
P00393,Laundry Detergent,2026-04-26,2026-05-25 23:58:11,2028-10-16,AVAILABLE
P00394,Hand Soap,2023-04-07,2023-04-19 20:42:24,2025-02-17,EXPIRED
P00395,Shampoo,2025-04-16,2025-04-21 09:24:11,2028-01-10,AVAILABLE
P00396,Instant Coffee,2024-09-07,2024-10-05 22:09:51,2027-05-13,AVAILABLE
P00397,Laundry Detergent,2025-04-25,2025-05-09 17:33:08,2027-07-29,AVAILABLE
P00398,Green Tea,2024-02-21,2024-03-03 20:05:59,2026-09-29,AVAILABLE
P00399,USB Cable,2026-01-01,2026-01-25 06:03:17,2028-03-13,RESERVED
P00400,Ballpoint Pen,2026-05-19,2026-05-21 02:12:51,2027-09-05,AVAILABLE
P00401,Water Bottle,2024-11-12,2024-11-22 00:13:59,2026-01-05,EXPIRED
P00402,Power Bank,2025-09-07,2025-10-07 07:44:38,2026-11-29,AVAILABLE
P00403,Instant Coffee,2026-02-04,2026-02-15 09:24:29,2028-03-10,AVAILABLE
P00404,Green Tea,2025-01-06,2025-01-23 15:29:06,2027-09-24,AVAILABLE
P00405,Water Bottle,2025-01-29,2025-02-09 13:02:36,2026-05-27,EXPIRED
P00406,Bluetooth Speaker,2023-02-03,2023-02-12 17:59:37,2025-07-07,EXPIRED
P00407,Chocolate,2023-11-09,2023-11-16 10:14:24,2025-04-25,EXPIRED
P00408,Hand Soap,2026-02-01,2026-02-22 21:21:16,2028-11-27,RESERVED
P00409,Hand Soap,2025-08-01,2025-08-07 23:50:22,2026-08-12,EXPIRED
P00410,Bluetooth Speaker,2026-01-24,2026-02-09 05:58:56,2026-06-23,EXPIRED
P00411,Dish Soap,2023-03-11,2023-04-07 02:52:42,2023-07-18,EXPIRED
P00412,Wireless Mouse,2025-04-24,2025-04-29 20:14:04,2026-03-29,EXPIRED
P00413,Wireless Mouse,2024-03-23,2024-04-09 14:23:03,2027-01-06,RESERVED
P00414,Hand Soap,2023-02-02,2023-02-03 17:35:26,2023-03-28,EXPIRED
P00415,Wireless Mouse,2025-12-20,2026-01-13 08:34:18,2026-02-23,EXPIRED
P00416,Dish Soap,2025-05-31,2025-06-26 05:06:58,2026-01-13,EXPIRED
P00417,Dish Soap,2023-11-01,2023-11-09 06:39:33,2025-04-30,EXPIRED
P00418,Orange Juice,2024-07-01,2024-07-27 12:05:23,2026-11-09,AVAILABLE
P00419,Notebook,2024-05-13,2024-06-05 07:19:43,2024-11-24,EXPIRED
P00420,Mechanical Keyboard,2023-07-11,2023-07-24 12:24:35,2026-04-10,EXPIRED
P00421,Mechanical Keyboard,2026-07-28,2026-07-29 22:10:05,2029-06-15,AVAILABLE
P00422,Cereal,2026-03-04,2026-04-01 03:57:33,2026-06-29,EXPIRED
P00423,Instant Coffee,2024-03-08,2024-04-06 22:56:36,2026-12-06,AVAILABLE
P00424,Mechanical Keyboard,2023-06-02,2023-06-24 08:57:34,2023-09-07,EXPIRED
P00425,Laptop Stand,2024-10-06,2024-10-07 06:37:09,2027-01-29,AVAILABLE
P00426,Chocolate,2023-11-29,2023-12-18 07:36:53,2026-03-04,EXPIRED
P00427,Laundry Detergent,2024-11-10,2024-11-23 23:08:50,2025-05-19,EXPIRED
P00428,Dish Soap,2024-12-09,2024-12-11 03:27:14,2025-06-12,EXPIRED
P00429,Cereal,2026-05-24,2026-06-18 19:38:25,2028-04-21,AVAILABLE
P00430,Green Tea,2025-07-11,2025-07-27 07:22:35,2027-09-17,AVAILABLE
P00431,Laptop Stand,2026-04-14,2026-05-06 12:05:49,2028-01-08,AVAILABLE
P00432,USB Cable,2023-06-18,2023-06-27 04:24:45,2024-05-28,EXPIRED
P00433,Mineral Water,2024-10-10,2024-10-22 03:05:00,2026-08-02,EXPIRED
P00434,Toothpaste,2025-01-07,2025-02-01 08:06:08,2025-08-03,EXPIRED
P00435,Laptop Stand,2025-06-01,2025-06-16 17:35:32,2027-10-14,AVAILABLE
P00436,Wireless Mouse,2023-07-03,2023-07-15 17:05:38,2025-05-27,EXPIRED
P00437,Mineral Water,2023-01-26,2023-02-05 13:24:49,2023-08-17,EXPIRED
P00438,Laundry Detergent,2024-05-12,2024-05-31 16:10:43,2026-07-30,EXPIRED
P00439,Laptop Stand,2023-10-12,2023-10-21 09:17:31,2024-09-04,EXPIRED
P00440,USB Cable,2023-12-09,2023-12-23 08:26:19,2026-09-25,AVAILABLE
P00441,Orange Juice,2024-05-30,2024-06-07 23:40:31,2025-08-03,EXPIRED
P00442,Toothpaste,2023-08-08,2023-08-13 09:00:25,2025-07-18,EXPIRED
P00443,Ballpoint Pen,2025-02-17,2025-03-15 10:28:21,2027-08-17,RESERVED
P00444,Ballpoint Pen,2023-10-06,2023-10-16 10:38:44,2024-12-20,EXPIRED
P00445,Hand Soap,2024-10-05,2024-10-11 12:20:18,2027-08-06,AVAILABLE
P00446,Instant Coffee,2024-10-29,2024-11-11 08:52:50,2027-02-10,AVAILABLE
P00447,Power Bank,2026-02-28,2026-03-07 18:34:11,2026-05-24,EXPIRED
P00448,Toothpaste,2024-03-05,2024-03-20 09:53:44,2024-08-23,EXPIRED
P00449,Shampoo,2025-10-19,2025-10-24 20:19:15,2027-04-19,RESERVED
P00450,Bluetooth Speaker,2025-05-16,2025-06-11 12:04:28,2028-02-21,AVAILABLE
P00451,Mineral Water,2025-12-30,2026-01-16 22:26:34,2026-04-14,EXPIRED
P00452,Orange Juice,2026-01-04,2026-01-24 20:58:05,2026-09-14,EXPIRED
P00453,Instant Coffee,2026-09-08,2026-09-30 11:10:41,2027-01-06,AVAILABLE
P00454,Mineral Water,2024-11-10,2024-12-06 13:06:00,2025-06-29,EXPIRED
P00455,Green Tea,2024-03-30,2024-04-16 23:33:35,2025-07-25,EXPIRED
P00456,Toothpaste,2025-02-05,2025-02-18 14:49:43,2027-12-26,AVAILABLE
P00457,Orange Juice,2023-02-20,2023-03-08 03:18:26,2023-09-13,EXPIRED
P00458,Power Bank,2023-10-18,2023-10-30 09:21:29,2025-01-13,EXPIRED
P00459,Dish Soap,2025-09-16,2025-09-28 15:06:28,2028-04-29,AVAILABLE
P00460,USB Cable,2024-09-06,2024-09-08 22:07:01,2026-09-08,EXPIRED
P00461,Power Bank,2023-12-03,2024-01-02 23:15:33,2024-12-24,EXPIRED
P00462,Laundry Detergent,2023-11-24,2023-12-05 17:27:29,2025-04-11,EXPIRED
P00463,Mineral Water,2026-07-13,2026-07-19 05:40:42,2029-01-13,AVAILABLE
P00464,Wireless Mouse,2026-06-11,2026-07-10 06:28:37,2028-12-06,AVAILABLE
P00465,Wireless Mouse,2024-03-15,2024-03-22 08:48:45,2024-08-20,EXPIRED
P00466,Notebook,2023-07-28,2023-08-23 17:11:23,2025-06-24,EXPIRED
P00467,Water Bottle,2025-07-26,2025-07-30 08:42:55,2028-05-23,AVAILABLE
P00468,Cereal,2026-05-07,2026-05-20 19:25:37,2027-01-25,AVAILABLE
P00469,Orange Juice,2025-07-26,2025-08-15 05:52:43,2027-04-26,AVAILABLE
P00470,Notebook,2023-06-23,2023-07-15 04:20:07,2024-11-22,EXPIRED
P00471,Chocolate,2023-08-28,2023-09-03 11:44:09,2026-08-08,EXPIRED
P00472,Mineral Water,2025-05-06,2025-05-26 04:36:24,2027-10-19,AVAILABLE
P00473,Hand Soap,2026-07-25,2026-08-12 22:58:41,2027-08-13,AVAILABLE
P00474,Laptop Stand,2025-09-29,2025-10-09 04:11:20,2028-05-09,AVAILABLE
P00475,Mechanical Keyboard,2025-01-05,2025-01-06 15:08:12,2027-04-01,AVAILABLE
P00476,Dish Soap,2026-08-30,2026-09-15 13:43:31,2029-01-27,RESERVED
P00477,Toothpaste,2025-09-27,2025-10-03 02:36:01,2027-01-21,AVAILABLE
P00478,Mechanical Keyboard,2024-07-16,2024-07-24 17:18:10,2027-03-09,AVAILABLE
P00479,Hand Soap,2026-01-30,2026-02-16 03:36:07,2027-08-31,AVAILABLE
P00480,Orange Juice,2026-01-15,2026-02-11 01:48:46,2028-08-05,AVAILABLE
P00481,Water Bottle,2025-05-20,2025-05-24 23:53:41,2026-11-07,AVAILABLE
P00482,Mechanical Keyboard,2025-07-10,2025-07-19 11:55:52,2026-02-03,EXPIRED
P00483,Toothpaste,2023-08-29,2023-09-23 07:13:51,2025-09-15,EXPIRED
P00484,Ballpoint Pen,2026-07-19,2026-08-02 05:39:08,2027-10-15,AVAILABLE
P00485,Mechanical Keyboard,2026-03-13,2026-03-25 17:17:38,2027-03-22,AVAILABLE
P00486,Chocolate,2024-08-15,2024-09-03 08:54:32,2025-03-28,EXPIRED
P00487,Bluetooth Speaker,2025-04-22,2025-05-22 01:17:55,2026-02-05,EXPIRED
P00488,Bluetooth Speaker,2024-05-26,2024-05-31 22:20:53,2025-11-13,EXPIRED
P00489,Mineral Water,2025-09-29,2025-10-04 18:40:17,2028-02-24,AVAILABLE
P00490,Toothpaste,2023-06-04,2023-06-25 02:25:32,2025-01-23,EXPIRED
P00491,Orange Juice,2025-07-20,2025-08-05 10:37:00,2026-02-25,EXPIRED
P00492,Toothpaste,2026-07-24,2026-08-15 22:22:54,2026-12-30,AVAILABLE
P00493,Mineral Water,2024-03-22,2024-04-05 06:31:17,2026-02-11,EXPIRED
P00494,Chocolate,2024-11-22,2024-12-10 18:08:36,2027-09-11,AVAILABLE
P00495,Mechanical Keyboard,2023-04-05,2023-04-09 20:50:53,2025-12-01,EXPIRED
P00496,Wireless Mouse,2023-09-12,2023-10-12 05:28:29,2023-10-13,EXPIRED
P00497,Shampoo,2024-02-19,2024-03-13 04:56:41,2025-11-28,EXPIRED
P00498,Laptop Stand,2024-07-15,2024-07-18 20:23:16,2025-01-29,EXPIRED
P00499,Orange Juice,2026-08-21,2026-08-27 01:25:40,2028-06-06,RESERVED
P00500,Instant Coffee,2025-05-29,2025-06-19 02:45:06,2025-06-30,EXPIRED
P00501,Water Bottle,2025-09-03,2025-09-06 04:37:14,2028-08-31,RESERVED
P00502,Toothpaste,2023-01-20,2023-01-21 22:21:52,2023-10-23,EXPIRED
P00503,Shampoo,2023-09-28,2023-10-14 02:14:24,2024-04-27,EXPIRED
P00504,Power Bank,2023-07-31,2023-08-11 11:56:19,2024-06-05,EXPIRED
P00505,Mineral Water,2023-09-30,2023-10-21 21:09:04,2023-11-16,EXPIRED
P00506,Ballpoint Pen,2026-08-24,2026-08-30 14:22:46,2027-12-03,RESERVED
P00507,Bluetooth Speaker,2025-04-23,2025-05-13 21:28:55,2026-08-10,EXPIRED
P00508,USB Cable,2023-07-25,2023-07-30 03:37:46,2025-10-18,EXPIRED
P00509,Orange Juice,2025-05-29,2025-06-09 04:15:17,2025-12-17,EXPIRED
P00510,Instant Coffee,2026-02-07,2026-02-27 19:46:38,2027-10-13,RESERVED
P00511,Wireless Mouse,2026-09-10,2026-10-09 09:13:33,2029-08-18,AVAILABLE
P00512,Mineral Water,2024-08-28,2024-09-18 01:50:57,2026-01-30,EXPIRED
P00513,Hand Soap,2025-03-01,2025-03-05 07:31:40,2025-08-23,EXPIRED
P00514,Dish Soap,2023-01-25,2023-02-06 10:08:24,2025-07-04,EXPIRED
P00515,Orange Juice,2026-01-23,2026-02-14 05:48:30,2026-07-21,EXPIRED
P00516,Wireless Mouse,2026-04-17,2026-04-20 00:16:13,2026-08-06,EXPIRED
P00517,Mechanical Keyboard,2025-03-26,2025-04-12 09:40:45,2028-02-15,AVAILABLE
P00518,Shampoo,2025-04-03,2025-04-06 20:34:34,2026-03-11,EXPIRED
P00519,Green Tea,2023-06-21,2023-07-01 02:32:58,2024-09-09,EXPIRED
P00520,Bluetooth Speaker,2026-01-03,2026-01-14 12:37:40,2026-06-17,EXPIRED
P00521,Chocolate,2025-06-14,2025-07-08 07:03:15,2026-01-06,EXPIRED
P00522,Shampoo,2023-08-26,2023-09-10 19:38:03,2025-06-19,EXPIRED
P00523,Laptop Stand,2023-09-02,2023-09-03 22:08:44,2023-10-25,EXPIRED
P00524,Laptop Stand,2025-10-13,2025-10-25 16:33:50,2027-04-26,AVAILABLE
P00525,Orange Juice,2023-09-17,2023-10-11 08:46:56,2024-06-14,EXPIRED
P00526,Wireless Mouse,2024-11-17,2024-12-13 13:17:33,2025-04-26,EXPIRED
P00527,Green Tea,2026-03-26,2026-04-16 02:31:29,2029-03-06,AVAILABLE
P00528,Mechanical Keyboard,2025-10-20,2025-11-17 18:10:23,2026-10-07,AVAILABLE
P00529,Power Bank,2026-03-21,2026-04-12 23:07:14,2029-02-25,AVAILABLE
P00530,Mechanical Keyboard,2023-01-26,2023-02-03 01:30:23,2025-04-19,EXPIRED
P00531,Bluetooth Speaker,2024-01-02,2024-02-01 01:35:51,2026-06-08,EXPIRED
P00532,Instant Coffee,2024-10-21,2024-10-29 13:58:46,2026-09-06,EXPIRED
P00533,Green Tea,2023-06-09,2023-06-28 11:07:32,2023-10-24,EXPIRED
P00534,Laptop Stand,2024-04-02,2024-04-28 16:02:25,2024-09-20,EXPIRED
P00535,Toothpaste,2024-08-01,2024-08-26 09:20:05,2027-03-24,AVAILABLE
P00536,Orange Juice,2024-02-15,2024-02-25 18:50:19,2025-07-25,EXPIRED
P00537,Toothpaste,2025-01-24,2025-02-12 15:49:49,2026-03-30,EXPIRED
P00538,Laundry Detergent,2024-05-17,2024-05-22 00:59:26,2024-08-03,EXPIRED
P00539,Instant Coffee,2026-01-14,2026-01-26 20:53:44,2026-03-04,EXPIRED
P00540,Cereal,2023-01-03,2023-01-28 21:24:54,2024-10-23,EXPIRED
P00541,Power Bank,2024-02-25,2024-03-13 07:26:31,2024-07-26,EXPIRED
P00542,Bluetooth Speaker,2024-07-27,2024-07-30 01:58:14,2027-07-26,AVAILABLE
P00543,Orange Juice,2025-07-27,2025-08-20 02:37:06,2028-06-26,AVAILABLE
P00544,Mineral Water,2023-06-03,2023-06-22 18:03:27,2024-03-26,EXPIRED
P00545,Instant Coffee,2024-08-20,2024-08-29 10:59:51,2026-12-02,RESERVED
P00546,Cereal,2024-10-13,2024-10-28 08:14:04,2026-01-01,EXPIRED
P00547,Bluetooth Speaker,2026-04-12,2026-04-16 04:06:10,2028-11-17,AVAILABLE
P00548,Cereal,2025-04-12,2025-04-16 17:22:49,2026-07-11,EXPIRED
P00549,Toothpaste,2024-09-23,2024-10-08 08:54:07,2025-04-26,EXPIRED
P00550,Laptop Stand,2024-09-15,2024-10-12 22:44:38,2025-01-05,EXPIRED
P00551,Water Bottle,2024-11-02,2024-11-07 02:45:15,2026-11-30,AVAILABLE
P00552,Dish Soap,2023-04-11,2023-05-03 09:16:52,2024-05-01,EXPIRED
P00553,Wireless Mouse,2025-04-08,2025-05-06 14:35:47,2026-10-01,AVAILABLE
P00554,Toothpaste,2023-07-28,2023-08-23 04:07:00,2023-12-31,EXPIRED
P00555,Instant Coffee,2023-09-25,2023-10-02 12:23:43,2024-04-14,EXPIRED
P00556,Notebook,2026-04-15,2026-04-24 02:01:04,2027-06-23,RESERVED
P00557,Toothpaste,2023-09-21,2023-09-24 10:07:02,2026-05-22,EXPIRED
P00558,Mechanical Keyboard,2023-12-11,2024-01-10 18:27:52,2026-03-28,EXPIRED
P00559,Hand Soap,2023-03-02,2023-03-15 21:27:11,2025-03-25,EXPIRED
P00560,Water Bottle,2024-01-19,2024-01-28 08:28:56,2024-12-18,EXPIRED
P00561,Mechanical Keyboard,2026-06-11,2026-07-01 19:15:41,2028-03-06,AVAILABLE
P00562,Shampoo,2026-02-01,2026-02-17 01:05:17,2028-04-25,AVAILABLE
P00563,Shampoo,2024-02-13,2024-03-05 16:15:40,2024-04-22,EXPIRED
P00564,Mineral Water,2025-01-05,2025-01-21 17:50:31,2027-01-09,AVAILABLE
P00565,Dish Soap,2024-10-20,2024-11-02 08:11:01,2026-09-03,EXPIRED
P00566,Ballpoint Pen,2024-03-24,2024-03-25 08:03:51,2026-12-15,AVAILABLE
P00567,Orange Juice,2026-04-11,2026-04-19 05:06:15,2027-09-16,AVAILABLE
P00568,Laundry Detergent,2023-04-25,2023-05-20 07:36:54,2025-07-28,EXPIRED
P00569,Orange Juice,2023-12-22,2023-12-28 07:37:20,2026-01-24,EXPIRED
P00570,Notebook,2023-02-27,2023-03-22 22:22:36,2024-01-14,EXPIRED
P00571,Notebook,2024-01-21,2024-02-17 15:34:19,2025-02-13,EXPIRED
P00572,Hand Soap,2023-03-19,2023-03-22 01:14:38,2024-07-09,EXPIRED
P00573,Wireless Mouse,2025-12-14,2025-12-30 00:21:58,2027-03-01,AVAILABLE
P00574,Cereal,2023-12-30,2024-01-29 10:03:01,2024-11-26,EXPIRED
P00575,Notebook,2023-10-18,2023-11-12 03:54:33,2025-12-03,EXPIRED
P00576,USB Cable,2025-02-04,2025-02-27 21:25:37,2025-09-28,EXPIRED
P00577,Cereal,2024-09-10,2024-09-21 04:10:46,2027-03-23,RESERVED
P00578,Hand Soap,2026-08-22,2026-09-02 05:45:35,2028-09-20,AVAILABLE
P00579,Notebook,2023-12-26,2024-01-08 09:46:44,2025-09-19,EXPIRED
P00580,Bluetooth Speaker,2023-12-30,2024-01-23 00:44:36,2026-04-09,EXPIRED
P00581,Notebook,2023-03-08,2023-03-14 19:20:58,2024-07-02,EXPIRED
P00582,Notebook,2023-08-02,2023-09-01 15:09:21,2024-02-07,EXPIRED
P00583,Instant Coffee,2024-12-11,2024-12-22 05:40:56,2025-07-10,EXPIRED
P00584,Cereal,2025-07-03,2025-07-04 08:13:15,2025-12-18,EXPIRED
P00585,Orange Juice,2024-06-09,2024-07-05 03:46:00,2024-10-15,EXPIRED
P00586,Mineral Water,2025-06-16,2025-07-10 13:10:56,2027-11-10,AVAILABLE
P00587,Mineral Water,2024-12-20,2025-01-07 12:06:53,2027-09-27,AVAILABLE
P00588,Instant Coffee,2023-11-30,2023-12-15 02:51:54,2024-03-07,EXPIRED
P00589,Chocolate,2023-02-11,2023-02-22 08:06:04,2025-02-10,EXPIRED
P00590,Laptop Stand,2025-02-07,2025-02-13 23:04:35,2025-09-15,EXPIRED
P00591,Cereal,2026-05-01,2026-05-21 15:45:01,2028-10-30,RESERVED
P00592,Laptop Stand,2026-05-28,2026-06-26 13:10:03,2027-01-20,AVAILABLE
P00593,Water Bottle,2024-01-25,2024-02-08 22:35:46,2025-08-20,EXPIRED
P00594,Chocolate,2024-09-01,2024-09-09 03:03:25,2027-07-03,AVAILABLE
P00595,Mechanical Keyboard,2025-01-08,2025-01-09 13:05:18,2027-10-18,AVAILABLE
P00596,Power Bank,2023-02-22,2023-03-01 05:40:18,2023-09-07,EXPIRED
P00597,Hand Soap,2023-08-25,2023-09-04 12:30:31,2025-03-19,EXPIRED
P00598,USB Cable,2026-08-07,2026-08-25 12:11:23,2028-10-26,AVAILABLE
P00599,Laptop Stand,2025-07-01,2025-07-03 08:28:29,2027-01-21,AVAILABLE
P00600,Green Tea,2026-03-01,2026-03-03 04:48:44,2026-10-15,AVAILABLE
P00601,Orange Juice,2026-01-13,2026-01-27 18:14:35,2026-06-16,EXPIRED
P00602,Mineral Water,2025-12-06,2025-12-20 17:43:55,2028-09-03,AVAILABLE
P00603,Instant Coffee,2025-09-02,2025-09-12 02:25:57,2025-12-12,EXPIRED
P00604,Dish Soap,2026-03-15,2026-04-13 16:51:36,2027-02-09,AVAILABLE
P00605,Toothpaste,2023-12-21,2023-12-27 06:51:12,2024-10-04,EXPIRED
P00606,Mechanical Keyboard,2025-05-17,2025-05-20 21:27:12,2026-04-14,EXPIRED
P00607,Ballpoint Pen,2024-06-12,2024-06-23 23:58:51,2024-11-26,EXPIRED
P00608,USB Cable,2025-03-05,2025-03-23 12:35:20,2026-10-21,AVAILABLE
P00609,Toothpaste,2023-01-26,2023-02-21 22:39:37,2025-07-03,EXPIRED
P00610,Power Bank,2025-04-28,2025-05-03 04:36:37,2025-12-19,EXPIRED
P00611,Power Bank,2026-02-26,2026-03-23 03:50:18,2028-03-01,AVAILABLE
P00612,Green Tea,2025-02-23,2025-03-16 15:36:38,2027-11-18,AVAILABLE
P00613,Laptop Stand,2024-07-18,2024-07-31 04:39:38,2026-11-17,AVAILABLE
P00614,Mineral Water,2024-11-09,2024-12-02 07:03:47,2027-08-09,AVAILABLE
P00615,Orange Juice,2023-02-11,2023-02-22 09:19:17,2025-12-13,EXPIRED
P00616,Power Bank,2024-04-11,2024-04-16 09:47:28,2026-02-27,EXPIRED
P00617,Green Tea,2025-05-03,2025-05-23 20:05:12,2027-11-23,AVAILABLE
P00618,Shampoo,2025-09-19,2025-10-14 16:55:23,2026-02-11,EXPIRED
P00619,Dish Soap,2023-11-22,2023-11-25 09:45:32,2026-03-27,EXPIRED
P00620,Bluetooth Speaker,2025-12-09,2026-01-07 18:01:11,2027-02-06,AVAILABLE
P00621,Mechanical Keyboard,2024-05-25,2024-05-27 14:03:58,2026-07-02,EXPIRED
P00622,Water Bottle,2024-07-15,2024-07-27 14:32:25,2025-04-24,EXPIRED
P00623,Wireless Mouse,2024-05-10,2024-05-22 15:38:28,2025-06-07,EXPIRED
P00624,Hand Soap,2026-04-16,2026-05-04 11:22:10,2027-10-27,RESERVED
P00625,USB Cable,2024-08-06,2024-08-07 12:03:10,2025-11-17,EXPIRED
P00626,Instant Coffee,2026-08-18,2026-08-26 21:13:17,2029-01-02,AVAILABLE
P00627,Wireless Mouse,2023-01-19,2023-02-04 04:41:11,2023-03-07,EXPIRED
P00628,Instant Coffee,2024-05-31,2024-06-20 09:45:45,2026-01-14,EXPIRED
P00629,Shampoo,2025-02-10,2025-03-10 11:29:16,2026-06-01,EXPIRED
P00630,Toothpaste,2024-09-10,2024-10-02 16:52:39,2027-01-01,AVAILABLE
P00631,Power Bank,2023-01-16,2023-02-02 21:53:53,2025-03-22,EXPIRED
P00632,Laundry Detergent,2026-08-18,2026-09-07 19:18:19,2027-04-26,AVAILABLE
P00633,USB Cable,2024-11-19,2024-11-28 20:20:55,2026-07-09,EXPIRED
P00634,Green Tea,2026-09-05,2026-09-28 20:19:12,2027-08-08,AVAILABLE
P00635,Instant Coffee,2023-04-27,2023-05-23 19:25:42,2025-03-11,EXPIRED
P00636,Bluetooth Speaker,2023-02-22,2023-03-15 15:18:16,2025-07-28,EXPIRED
P00637,Mineral Water,2025-03-06,2025-03-30 01:37:45,2026-04-28,EXPIRED
P00638,Cereal,2024-03-31,2024-04-22 17:40:50,2026-12-30,RESERVED
P00639,Orange Juice,2025-11-04,2025-11-14 05:53:42,2026-12-09,AVAILABLE
P00640,Power Bank,2025-08-22,2025-08-27 23:16:46,2026-09-30,RESERVED
P00641,Cereal,2026-09-02,2026-09-05 07:22:14,2028-06-21,AVAILABLE
P00642,Cereal,2025-01-31,2025-02-09 18:18:29,2025-10-29,EXPIRED
P00643,Hand Soap,2023-04-20,2023-05-18 20:37:37,2023-10-12,EXPIRED
P00644,Hand Soap,2024-02-03,2024-02-20 03:55:43,2026-04-24,EXPIRED
P00645,Dish Soap,2024-09-03,2024-09-17 01:55:54,2025-08-07,EXPIRED
P00646,Bluetooth Speaker,2024-02-15,2024-02-26 13:36:57,2026-10-09,AVAILABLE
P00647,Cereal,2024-01-05,2024-01-30 02:31:21,2025-01-31,EXPIRED
P00648,Cereal,2026-07-23,2026-07-25 00:28:17,2027-10-24,AVAILABLE
P00649,Notebook,2023-11-21,2023-12-07 02:08:39,2026-05-27,EXPIRED
P00650,Shampoo,2025-04-06,2025-04-20 15:24:00,2025-07-22,EXPIRED
P00651,Laundry Detergent,2024-02-13,2024-03-08 11:00:57,2026-01-02,EXPIRED
P00652,Dish Soap,2024-01-26,2024-01-27 21:00:40,2025-07-18,EXPIRED
P00653,Instant Coffee,2024-12-06,2024-12-16 04:06:24,2027-11-01,AVAILABLE
P00654,Chocolate,2023-12-09,2023-12-12 01:19:18,2026-07-29,EXPIRED
P00655,Dish Soap,2026-05-06,2026-05-23 10:27:56,2027-03-06,AVAILABLE
P00656,Hand Soap,2025-01-05,2025-01-30 06:10:58,2027-05-11,AVAILABLE
P00657,Instant Coffee,2024-04-04,2024-04-28 04:13:46,2024-06-17,EXPIRED
P00658,Notebook,2025-10-30,2025-11-05 03:23:45,2026-02-13,EXPIRED
P00659,Mineral Water,2026-08-04,2026-08-13 17:39:03,2026-12-10,RESERVED
P00660,Power Bank,2026-08-31,2026-09-27 00:03:44,2027-05-25,AVAILABLE
P00661,Toothpaste,2025-02-17,2025-02-21 17:16:30,2026-01-26,EXPIRED
P00662,Water Bottle,2026-07-14,2026-07-15 09:26:42,2027-03-07,RESERVED
P00663,Dish Soap,2024-07-06,2024-07-26 19:44:08,2026-12-10,AVAILABLE
P00664,Dish Soap,2026-06-19,2026-06-23 09:07:50,2027-02-21,AVAILABLE
P00665,Water Bottle,2026-06-01,2026-06-08 08:53:33,2027-08-18,AVAILABLE
P00666,Shampoo,2024-08-27,2024-09-02 01:35:31,2025-11-25,EXPIRED
P00667,Hand Soap,2024-11-08,2024-11-16 00:00:42,2025-06-08,EXPIRED
P00668,Power Bank,2026-03-21,2026-04-12 15:09:05,2029-03-02,AVAILABLE
P00669,Power Bank,2024-06-08,2024-06-29 07:29:18,2025-12-30,EXPIRED
P00670,Toothpaste,2023-04-13,2023-04-17 05:55:02,2024-12-28,EXPIRED
P00671,Orange Juice,2024-10-02,2024-10-16 23:07:06,2025-02-02,EXPIRED
P00672,Wireless Mouse,2023-10-11,2023-11-02 20:10:21,2025-11-11,EXPIRED
P00673,Toothpaste,2026-06-27,2026-07-06 23:05:23,2028-06-27,AVAILABLE
P00674,Power Bank,2025-03-31,2025-04-13 14:17:53,2027-06-28,RESERVED
P00675,Hand Soap,2025-05-13,2025-06-03 05:07:08,2025-10-10,EXPIRED
P00676,Laptop Stand,2023-08-01,2023-08-15 18:30:51,2026-02-13,EXPIRED
P00677,Laptop Stand,2026-06-05,2026-06-18 11:39:01,2027-03-29,AVAILABLE
P00678,Hand Soap,2023-08-20,2023-09-18 13:28:02,2024-01-26,EXPIRED
P00679,Green Tea,2026-09-03,2026-09-14 00:45:55,2028-01-04,RESERVED
P00680,Cereal,2025-11-29,2025-12-16 22:44:39,2026-07-12,EXPIRED
P00681,Shampoo,2026-09-17,2026-10-11 07:30:22,2028-12-13,AVAILABLE
P00682,Laundry Detergent,2026-06-09,2026-06-11 00:41:59,2027-05-26,AVAILABLE
P00683,Hand Soap,2025-10-12,2025-11-09 05:04:48,2028-08-13,AVAILABLE
P00684,Instant Coffee,2024-11-08,2024-11-17 01:32:14,2027-01-22,AVAILABLE
P00685,Instant Coffee,2023-06-11,2023-06-26 14:51:36,2026-01-13,EXPIRED
P00686,USB Cable,2025-10-17,2025-11-01 10:07:31,2025-12-22,EXPIRED
P00687,Power Bank,2025-04-06,2025-04-20 01:35:35,2025-05-06,EXPIRED
P00688,USB Cable,2026-05-22,2026-06-11 20:19:56,2029-04-27,AVAILABLE
P00689,Water Bottle,2026-09-02,2026-09-24 14:21:23,2027-01-21,AVAILABLE
P00690,Toothpaste,2024-11-10,2024-11-28 19:38:30,2026-12-24,RESERVED
P00691,Toothpaste,2023-08-22,2023-08-26 21:14:00,2025-08-20,EXPIRED
P00692,Orange Juice,2026-07-21,2026-08-16 09:35:33,2028-09-23,RESERVED
P00693,Power Bank,2023-04-04,2023-05-03 05:31:08,2025-08-19,EXPIRED
P00694,Power Bank,2024-06-04,2024-06-24 06:12:07,2026-09-16,EXPIRED
P00695,Water Bottle,2025-07-25,2025-08-21 06:45:21,2026-04-01,EXPIRED
P00696,Shampoo,2023-04-06,2023-05-06 20:53:43,2024-01-13,EXPIRED
P00697,Toothpaste,2025-07-25,2025-08-16 18:32:08,2028-06-10,AVAILABLE
P00698,Dish Soap,2023-04-10,2023-04-28 13:53:37,2026-01-23,EXPIRED
P00699,Dish Soap,2023-12-29,2024-01-21 18:11:46,2024-10-16,EXPIRED
P00700,Power Bank,2025-03-04,2025-03-26 19:38:56,2027-01-22,AVAILABLE
P00701,Mineral Water,2025-05-07,2025-05-27 22:48:15,2026-12-18,AVAILABLE
P00702,Cereal,2024-08-25,2024-09-09 04:08:26,2027-08-09,AVAILABLE
P00703,Laundry Detergent,2024-10-04,2024-10-27 23:59:35,2026-01-22,EXPIRED
P00704,Water Bottle,2024-03-05,2024-03-25 22:18:43,2026-03-12,EXPIRED
P00705,Bluetooth Speaker,2026-08-24,2026-08-30 16:34:44,2028-07-14,RESERVED
P00706,Power Bank,2024-12-22,2025-01-09 15:37:36,2027-05-25,RESERVED
P00707,Laundry Detergent,2024-08-08,2024-09-06 13:51:00,2025-04-13,EXPIRED
P00708,Wireless Mouse,2025-02-19,2025-02-24 01:42:03,2026-05-04,EXPIRED
P00709,Green Tea,2023-11-26,2023-12-06 21:16:09,2024-05-01,EXPIRED
P00710,Chocolate,2024-02-22,2024-03-18 17:02:22,2026-10-05,AVAILABLE
P00711,Ballpoint Pen,2026-02-24,2026-03-24 07:47:41,2028-05-30,AVAILABLE
P00712,Dish Soap,2024-08-12,2024-09-04 21:03:59,2026-11-01,AVAILABLE
P00713,Shampoo,2024-10-02,2024-10-20 01:00:47,2026-03-30,EXPIRED
P00714,Water Bottle,2026-06-24,2026-07-22 14:53:14,2028-08-15,AVAILABLE
P00715,Laundry Detergent,2026-05-20,2026-05-27 23:12:18,2028-12-24,AVAILABLE
P00716,USB Cable,2024-01-18,2024-01-24 23:32:07,2026-03-30,EXPIRED
P00717,Mechanical Keyboard,2025-05-27,2025-06-05 17:16:08,2026-05-21,EXPIRED
P00718,Notebook,2024-06-06,2024-06-07 10:29:45,2025-05-19,EXPIRED
P00719,Mechanical Keyboard,2023-11-11,2023-12-11 10:38:03,2025-08-18,EXPIRED
P00720,Hand Soap,2026-03-18,2026-04-05 11:04:50,2028-01-27,AVAILABLE
P00721,Instant Coffee,2024-01-12,2024-01-29 02:50:32,2025-01-02,EXPIRED
P00722,Shampoo,2026-01-17,2026-02-04 12:05:22,2027-05-15,AVAILABLE
P00723,Cereal,2024-11-09,2024-11-21 09:13:48,2027-08-08,AVAILABLE
P00724,Wireless Mouse,2023-08-23,2023-09-14 11:28:15,2025-02-02,EXPIRED
P00725,Mechanical Keyboard,2024-10-19,2024-11-01 03:24:16,2026-06-20,EXPIRED
P00726,Wireless Mouse,2025-11-24,2025-12-21 11:32:51,2028-10-30,AVAILABLE
P00727,Hand Soap,2023-03-31,2023-04-10 20:12:20,2026-03-17,EXPIRED
P00728,USB Cable,2023-07-16,2023-07-22 17:34:00,2023-12-27,EXPIRED
P00729,Water Bottle,2026-07-13,2026-08-07 06:55:43,2028-12-27,AVAILABLE
P00730,Water Bottle,2026-01-06,2026-02-02 22:56:47,2028-07-15,RESERVED
P00731,USB Cable,2023-11-11,2023-11-12 14:45:21,2024-02-26,EXPIRED
P00732,USB Cable,2023-05-31,2023-06-02 05:50:16,2023-11-21,EXPIRED
P00733,Notebook,2024-04-11,2024-05-11 08:26:24,2026-11-20,RESERVED
P00734,Mineral Water,2025-06-05,2025-06-16 00:24:43,2026-03-04,EXPIRED
P00735,Laundry Detergent,2023-01-13,2023-02-03 23:39:04,2023-05-16,EXPIRED
P00736,USB Cable,2025-01-02,2025-02-01 16:06:18,2026-10-11,AVAILABLE
P00737,USB Cable,2024-07-30,2024-08-24 14:24:25,2024-10-31,EXPIRED
P00738,Hand Soap,2023-11-17,2023-12-05 07:08:47,2026-02-24,EXPIRED
P00739,Laundry Detergent,2024-08-27,2024-09-17 04:19:43,2026-10-30,AVAILABLE
P00740,Laundry Detergent,2026-02-10,2026-02-15 03:02:00,2028-05-27,AVAILABLE
P00741,Laundry Detergent,2023-06-24,2023-07-04 06:47:47,2025-06-27,EXPIRED
P00742,Water Bottle,2025-04-25,2025-05-24 20:54:32,2026-03-12,EXPIRED
P00743,Laptop Stand,2024-01-12,2024-01-20 19:53:16,2025-03-14,EXPIRED
P00744,Power Bank,2024-01-07,2024-01-29 18:54:03,2026-09-07,EXPIRED
P00745,Laundry Detergent,2023-05-30,2023-06-09 21:04:16,2024-01-16,EXPIRED
P00746,Water Bottle,2026-04-04,2026-04-20 10:22:08,2027-08-27,AVAILABLE
P00747,Chocolate,2026-06-22,2026-06-25 06:20:31,2029-01-29,AVAILABLE
P00748,Ballpoint Pen,2026-09-12,2026-09-22 22:37:09,2028-10-27,AVAILABLE
P00749,Shampoo,2023-12-12,2023-12-13 10:15:50,2025-04-08,EXPIRED
P00750,Shampoo,2024-07-20,2024-08-16 11:08:43,2026-06-29,EXPIRED
P00751,Hand Soap,2025-08-05,2025-08-20 11:49:19,2028-05-28,AVAILABLE
P00752,Power Bank,2023-12-26,2024-01-16 19:05:53,2025-08-21,EXPIRED
P00753,Bluetooth Speaker,2026-01-08,2026-01-15 08:46:56,2026-07-13,EXPIRED
P00754,USB Cable,2023-02-08,2023-03-08 16:40:01,2025-06-16,EXPIRED
P00755,Notebook,2024-03-11,2024-04-10 01:35:16,2026-12-02,RESERVED
P00756,Bluetooth Speaker,2025-01-19,2025-02-01 07:57:49,2026-10-06,AVAILABLE
P00757,Toothpaste,2025-10-23,2025-11-09 02:25:23,2028-09-15,AVAILABLE
P00758,Instant Coffee,2026-06-11,2026-07-03 05:48:32,2027-04-24,AVAILABLE
P00759,Laptop Stand,2024-01-02,2024-01-21 18:42:55,2024-11-26,EXPIRED
P00760,Hand Soap,2025-01-04,2025-01-06 07:48:31,2026-05-23,EXPIRED
P00761,USB Cable,2024-06-25,2024-07-07 07:02:42,2025-09-21,EXPIRED
P00762,Dish Soap,2025-01-09,2025-01-22 15:58:29,2025-05-14,EXPIRED
P00763,Mechanical Keyboard,2026-08-21,2026-09-01 03:45:33,2028-04-02,RESERVED
P00764,Green Tea,2026-03-31,2026-04-18 18:11:24,2028-06-13,AVAILABLE
P00765,Notebook,2026-08-31,2026-09-29 02:33:16,2028-11-08,AVAILABLE
P00766,Dish Soap,2025-04-11,2025-04-23 11:31:50,2028-01-23,AVAILABLE
P00767,Wireless Mouse,2025-10-24,2025-11-22 04:28:10,2027-03-09,AVAILABLE
P00768,Dish Soap,2026-08-10,2026-08-19 06:09:11,2027-07-28,AVAILABLE
P00769,Ballpoint Pen,2023-08-31,2023-09-22 07:26:51,2025-08-06,EXPIRED
P00770,Power Bank,2025-09-13,2025-10-05 15:30:13,2026-09-08,EXPIRED
P00771,Shampoo,2023-02-15,2023-02-23 01:08:36,2024-02-09,EXPIRED
P00772,Bluetooth Speaker,2026-07-13,2026-07-30 01:57:36,2027-06-08,AVAILABLE
P00773,Laptop Stand,2024-06-12,2024-07-12 05:33:25,2024-08-19,EXPIRED
P00774,Chocolate,2023-06-25,2023-07-02 14:38:30,2026-04-06,EXPIRED
P00775,Laptop Stand,2024-03-25,2024-04-21 13:38:09,2025-05-01,EXPIRED
P00776,Ballpoint Pen,2026-09-12,2026-09-29 08:10:46,2028-09-12,AVAILABLE
P00777,Ballpoint Pen,2026-04-24,2026-04-27 07:24:24,2027-02-18,AVAILABLE
P00778,Wireless Mouse,2024-02-19,2024-03-07 16:43:26,2025-01-20,EXPIRED
P00779,Ballpoint Pen,2023-07-17,2023-07-23 15:57:39,2023-11-03,EXPIRED
P00780,Laundry Detergent,2025-10-27,2025-11-21 03:05:30,2026-08-19,EXPIRED
P00781,Ballpoint Pen,2026-01-09,2026-02-05 00:57:49,2028-07-10,AVAILABLE
P00782,Shampoo,2025-01-28,2025-02-25 01:44:33,2027-07-25,AVAILABLE
P00783,Hand Soap,2025-02-19,2025-03-03 18:51:47,2025-10-07,EXPIRED
P00784,Shampoo,2023-10-02,2023-10-11 15:49:14,2024-04-20,EXPIRED
P00785,Chocolate,2026-05-10,2026-06-08 17:26:16,2027-07-01,AVAILABLE
P00786,Wireless Mouse,2026-03-29,2026-04-15 03:33:00,2028-06-04,RESERVED
P00787,Water Bottle,2024-10-08,2024-10-22 11:06:09,2027-03-29,RESERVED
P00788,Notebook,2024-06-03,2024-06-12 17:27:36,2026-07-21,EXPIRED
P00789,Ballpoint Pen,2024-07-18,2024-08-09 12:48:13,2026-12-11,AVAILABLE
P00790,Laundry Detergent,2025-09-15,2025-09-21 11:35:35,2028-07-01,AVAILABLE
P00791,Chocolate,2026-03-29,2026-04-10 22:25:47,2027-02-04,RESERVED
P00792,Power Bank,2024-04-15,2024-04-30 22:10:06,2025-07-28,EXPIRED
P00793,Dish Soap,2025-03-31,2025-04-26 10:51:35,2025-08-14,EXPIRED
P00794,Laptop Stand,2025-03-07,2025-03-28 00:51:05,2026-01-28,EXPIRED
P00795,Hand Soap,2026-05-14,2026-05-28 02:04:16,2027-09-10,AVAILABLE
P00796,USB Cable,2026-06-01,2026-06-03 23:24:59,2028-09-28,AVAILABLE
P00797,Dish Soap,2024-08-09,2024-09-01 19:03:49,2025-09-01,EXPIRED
P00798,Hand Soap,2025-06-18,2025-06-19 06:54:42,2028-06-13,AVAILABLE
P00799,Water Bottle,2023-03-10,2023-04-05 19:32:33,2024-07-26,EXPIRED
P00800,Ballpoint Pen,2023-12-14,2024-01-05 01:23:15,2024-01-13,EXPIRED
P00801,Laptop Stand,2023-06-27,2023-07-06 12:22:42,2025-10-13,EXPIRED
P00802,Mineral Water,2026-04-15,2026-04-22 16:00:47,2026-10-02,AVAILABLE
P00803,Laundry Detergent,2024-08-05,2024-08-29 17:58:37,2026-08-17,EXPIRED
P00804,Orange Juice,2024-07-20,2024-07-28 19:12:29,2026-11-24,AVAILABLE
P00805,Wireless Mouse,2024-06-18,2024-06-24 13:32:06,2024-12-13,EXPIRED
P00806,Dish Soap,2024-08-25,2024-09-05 03:51:32,2026-03-05,EXPIRED
P00807,Laundry Detergent,2026-03-23,2026-04-01 22:28:24,2029-01-06,AVAILABLE
P00808,Cereal,2025-07-28,2025-08-19 14:57:37,2025-10-22,EXPIRED
P00809,Hand Soap,2023-08-27,2023-09-05 02:24:40,2024-12-20,EXPIRED
P00810,Instant Coffee,2024-10-08,2024-10-22 11:33:34,2024-11-26,EXPIRED
P00811,Green Tea,2024-05-23,2024-06-02 02:25:43,2026-05-23,EXPIRED
P00812,USB Cable,2026-02-09,2026-03-11 05:30:20,2028-03-04,AVAILABLE
P00813,Notebook,2024-07-05,2024-07-11 23:43:59,2025-08-28,EXPIRED
P00814,Hand Soap,2024-02-13,2024-02-21 23:15:55,2025-09-08,EXPIRED
P00815,Water Bottle,2024-04-14,2024-04-21 07:53:39,2026-05-13,EXPIRED
P00816,Bluetooth Speaker,2023-08-07,2023-08-11 02:43:42,2026-06-10,EXPIRED
P00817,Ballpoint Pen,2023-01-14,2023-02-08 17:02:54,2025-10-27,EXPIRED
P00818,Orange Juice,2026-06-25,2026-07-06 15:57:56,2028-02-07,AVAILABLE
P00819,Laptop Stand,2025-11-12,2025-11-21 12:14:48,2026-08-31,EXPIRED
P00820,Mechanical Keyboard,2025-12-12,2026-01-07 13:30:34,2026-03-18,EXPIRED
P00821,Dish Soap,2024-12-12,2024-12-25 21:49:11,2027-08-05,AVAILABLE
P00822,Dish Soap,2025-07-31,2025-08-11 22:00:00,2026-11-04,AVAILABLE
P00823,Notebook,2023-07-26,2023-08-06 11:39:55,2025-02-06,EXPIRED
P00824,Laptop Stand,2026-01-28,2026-02-06 07:17:30,2028-01-30,AVAILABLE
P00825,Laptop Stand,2025-10-18,2025-11-01 06:26:44,2027-12-19,AVAILABLE
P00826,Mineral Water,2024-07-26,2024-08-10 05:36:08,2025-12-06,EXPIRED
P00827,Power Bank,2024-07-06,2024-08-01 07:35:27,2026-09-24,AVAILABLE
P00828,Bluetooth Speaker,2023-11-03,2023-11-19 00:11:26,2026-09-21,AVAILABLE
P00829,Dish Soap,2025-12-29,2026-01-22 10:50:31,2027-10-04,AVAILABLE
P00830,Laundry Detergent,2026-03-08,2026-03-10 12:06:44,2027-03-07,AVAILABLE
P00831,Water Bottle,2024-06-04,2024-06-20 20:06:28,2026-05-20,EXPIRED
P00832,Green Tea,2025-01-09,2025-01-21 17:35:59,2026-07-20,EXPIRED
P00833,Orange Juice,2023-02-10,2023-02-24 03:22:55,2024-04-22,EXPIRED
P00834,Notebook,2026-03-25,2026-04-15 20:34:11,2027-11-27,AVAILABLE
P00835,Cereal,2025-11-11,2025-11-27 23:28:56,2026-05-20,EXPIRED
P00836,Mineral Water,2026-06-10,2026-06-20 14:40:09,2027-06-18,RESERVED
P00837,Cereal,2025-05-13,2025-06-03 19:36:25,2025-11-05,EXPIRED
P00838,USB Cable,2023-11-28,2023-12-09 07:20:20,2025-08-15,EXPIRED
P00839,Green Tea,2026-05-24,2026-06-14 12:17:56,2028-12-20,AVAILABLE
P00840,Notebook,2025-12-02,2025-12-17 13:10:11,2026-02-17,EXPIRED
P00841,Bluetooth Speaker,2024-04-25,2024-05-17 08:47:44,2024-11-04,EXPIRED
P00842,Water Bottle,2023-12-08,2023-12-21 03:06:04,2026-09-02,EXPIRED
P00843,Laundry Detergent,2023-04-21,2023-04-22 12:33:48,2023-11-07,EXPIRED
P00844,Power Bank,2024-06-21,2024-07-11 04:05:41,2026-09-27,AVAILABLE
P00845,Instant Coffee,2024-05-21,2024-06-14 09:28:40,2025-03-05,EXPIRED
P00846,Bluetooth Speaker,2025-12-14,2026-01-10 05:01:02,2028-01-13,AVAILABLE
P00847,Hand Soap,2025-08-14,2025-09-11 17:59:17,2028-03-12,AVAILABLE
P00848,Laundry Detergent,2023-12-29,2024-01-17 19:29:40,2026-07-06,EXPIRED
P00849,Dish Soap,2026-08-03,2026-08-24 17:19:58,2028-08-13,AVAILABLE
P00850,Laundry Detergent,2024-04-10,2024-05-06 02:28:19,2026-05-29,EXPIRED
P00851,Shampoo,2024-06-16,2024-06-21 09:00:00,2025-04-21,EXPIRED
P00852,Orange Juice,2024-08-10,2024-08-26 17:00:44,2027-06-13,AVAILABLE
P00853,Chocolate,2023-01-19,2023-02-13 13:51:18,2024-06-05,EXPIRED
P00854,Wireless Mouse,2026-01-27,2026-02-08 06:26:56,2028-08-09,AVAILABLE
P00855,Instant Coffee,2023-12-01,2023-12-24 23:41:24,2026-02-12,EXPIRED
P00856,Instant Coffee,2024-06-22,2024-06-25 13:40:15,2027-06-15,AVAILABLE
P00857,Green Tea,2024-08-06,2024-08-27 23:34:51,2026-03-09,EXPIRED
P00858,Shampoo,2024-01-21,2024-02-18 02:11:08,2025-10-05,EXPIRED
P00859,Power Bank,2026-07-28,2026-08-12 19:28:17,2029-05-30,AVAILABLE
P00860,Cereal,2023-02-09,2023-02-14 01:34:01,2024-03-25,EXPIRED
P00861,Power Bank,2024-07-31,2024-08-09 04:45:28,2024-09-15,EXPIRED
P00862,Instant Coffee,2023-07-04,2023-07-09 00:31:13,2025-07-03,EXPIRED
P00863,Shampoo,2024-09-30,2024-10-26 15:23:29,2025-01-02,EXPIRED
P00864,Cereal,2023-06-14,2023-07-11 04:03:17,2025-09-24,EXPIRED
P00865,USB Cable,2026-01-17,2026-02-02 05:12:57,2027-07-13,AVAILABLE
P00866,Wireless Mouse,2023-09-07,2023-10-02 22:15:24,2026-04-01,EXPIRED
P00867,Instant Coffee,2023-03-10,2023-03-17 14:47:49,2023-10-18,EXPIRED
P00868,Dish Soap,2024-03-02,2024-03-18 12:43:19,2026-01-22,EXPIRED
P00869,Laptop Stand,2026-07-12,2026-08-05 01:47:59,2027-04-18,AVAILABLE
P00870,Hand Soap,2026-07-31,2026-08-10 06:23:56,2026-12-14,RESERVED
P00871,Water Bottle,2023-08-20,2023-08-28 20:27:20,2023-10-19,EXPIRED
P00872,Laptop Stand,2024-07-19,2024-08-07 03:25:50,2025-12-28,EXPIRED
P00873,Wireless Mouse,2023-03-28,2023-04-16 22:30:44,2024-03-09,EXPIRED
P00874,Orange Juice,2023-07-03,2023-07-11 05:31:05,2025-06-25,EXPIRED
P00875,Mechanical Keyboard,2023-05-03,2023-05-15 20:09:44,2024-01-07,EXPIRED
P00876,Bluetooth Speaker,2025-09-26,2025-10-04 10:35:50,2027-10-07,AVAILABLE
P00877,Water Bottle,2023-02-13,2023-03-08 12:22:46,2023-12-15,EXPIRED
P00878,Green Tea,2023-03-22,2023-04-07 22:28:35,2024-12-14,EXPIRED
P00879,Laundry Detergent,2025-09-30,2025-10-07 18:11:34,2027-10-12,AVAILABLE
P00880,Toothpaste,2024-07-17,2024-08-14 19:58:55,2025-07-10,EXPIRED
P00881,USB Cable,2025-12-23,2025-12-28 14:18:52,2027-07-15,AVAILABLE
P00882,Orange Juice,2025-07-18,2025-07-19 20:32:24,2026-08-31,EXPIRED
P00883,Wireless Mouse,2026-06-23,2026-07-21 11:49:39,2027-11-24,AVAILABLE
P00884,USB Cable,2026-09-10,2026-09-28 12:12:33,2029-07-24,AVAILABLE
P00885,Bluetooth Speaker,2026-06-09,2026-06-19 10:26:41,2028-04-28,AVAILABLE
P00886,Power Bank,2025-12-07,2025-12-29 02:02:53,2026-09-28,AVAILABLE
P00887,Mechanical Keyboard,2024-02-18,2024-02-22 15:12:06,2024-05-23,EXPIRED
P00888,Notebook,2026-08-07,2026-09-03 12:42:31,2028-02-12,AVAILABLE
P00889,Orange Juice,2024-03-28,2024-04-17 22:04:00,2025-06-28,EXPIRED
P00890,Hand Soap,2023-06-13,2023-06-28 20:03:23,2025-11-10,EXPIRED
P00891,Orange Juice,2023-04-30,2023-05-27 19:17:33,2023-08-21,EXPIRED
P00892,USB Cable,2024-09-14,2024-09-17 06:33:06,2025-05-09,EXPIRED
P00893,Instant Coffee,2025-12-24,2026-01-06 06:12:33,2027-06-16,AVAILABLE
P00894,Laptop Stand,2026-02-17,2026-03-13 17:26:47,2026-10-21,RESERVED
P00895,Notebook,2025-01-03,2025-01-25 14:44:42,2027-06-26,AVAILABLE
P00896,Laptop Stand,2024-01-05,2024-01-23 12:32:21,2024-12-23,EXPIRED
P00897,Laundry Detergent,2026-05-13,2026-05-28 11:57:20,2028-04-06,AVAILABLE
P00898,Shampoo,2026-07-20,2026-08-03 23:20:38,2027-12-24,AVAILABLE
P00899,Laundry Detergent,2024-03-14,2024-03-27 17:59:47,2025-09-15,EXPIRED
P00900,Orange Juice,2025-07-15,2025-07-30 12:00:46,2025-10-23,EXPIRED
P00901,Chocolate,2026-05-05,2026-05-06 16:08:56,2028-02-12,AVAILABLE
P00902,Chocolate,2024-03-30,2024-04-06 10:01:49,2025-11-15,EXPIRED
P00903,Laundry Detergent,2025-11-13,2025-12-01 18:59:36,2026-10-25,AVAILABLE
P00904,Mechanical Keyboard,2025-07-31,2025-08-12 04:08:16,2027-09-20,AVAILABLE
P00905,Instant Coffee,2024-04-22,2024-05-01 09:05:36,2026-08-18,EXPIRED
P00906,Notebook,2024-03-21,2024-04-14 02:46:20,2027-01-03,AVAILABLE
P00907,Hand Soap,2026-03-26,2026-04-22 03:38:41,2027-12-31,AVAILABLE
P00908,Notebook,2025-02-20,2025-02-23 01:58:49,2027-02-04,AVAILABLE
P00909,Shampoo,2025-05-03,2025-06-02 03:55:49,2026-09-09,EXPIRED
P00910,Ballpoint Pen,2023-01-24,2023-02-14 20:24:03,2024-11-08,EXPIRED
P00911,Dish Soap,2023-03-26,2023-04-06 17:36:09,2025-02-22,EXPIRED
P00912,Dish Soap,2024-03-28,2024-04-02 01:43:46,2026-07-10,EXPIRED
P00913,Toothpaste,2026-05-03,2026-05-22 16:05:14,2028-11-02,AVAILABLE
P00914,Mineral Water,2023-10-31,2023-11-05 10:05:30,2024-03-09,EXPIRED
P00915,Laundry Detergent,2025-03-28,2025-04-06 02:25:32,2027-10-03,RESERVED
P00916,Bluetooth Speaker,2023-10-04,2023-10-20 17:12:31,2026-01-20,EXPIRED
P00917,Notebook,2024-02-06,2024-02-24 19:47:33,2025-07-24,EXPIRED
P00918,Instant Coffee,2023-05-27,2023-06-05 13:20:43,2023-12-26,EXPIRED
P00919,Power Bank,2025-04-27,2025-05-11 11:22:12,2027-03-14,AVAILABLE
P00920,Ballpoint Pen,2026-09-04,2026-09-05 09:10:22,2029-03-27,AVAILABLE
P00921,Bluetooth Speaker,2025-06-21,2025-06-23 07:12:43,2027-08-25,AVAILABLE
P00922,USB Cable,2023-08-19,2023-09-12 01:15:39,2024-07-16,EXPIRED
P00923,Chocolate,2023-01-29,2023-02-09 22:51:07,2024-11-13,EXPIRED
P00924,Toothpaste,2025-08-22,2025-08-23 10:13:47,2026-11-28,AVAILABLE
P00925,Laundry Detergent,2025-12-07,2026-01-01 08:35:30,2026-10-22,RESERVED
P00926,Wireless Mouse,2025-02-10,2025-03-01 21:33:02,2026-08-17,EXPIRED
P00927,Laptop Stand,2023-05-04,2023-05-14 06:50:44,2024-12-09,EXPIRED
P00928,Mechanical Keyboard,2025-08-10,2025-08-31 00:04:24,2027-03-18,RESERVED
P00929,Orange Juice,2023-08-09,2023-08-10 09:55:56,2025-11-07,EXPIRED
P00930,Instant Coffee,2025-02-18,2025-03-07 22:06:57,2026-12-26,AVAILABLE
P00931,Ballpoint Pen,2025-12-24,2025-12-27 05:12:32,2028-08-17,AVAILABLE
P00932,Wireless Mouse,2023-03-23,2023-03-31 16:19:21,2026-01-19,EXPIRED
P00933,Mineral Water,2023-11-18,2023-11-19 11:43:22,2025-12-14,EXPIRED
P00934,Chocolate,2024-04-28,2024-05-15 08:51:03,2025-11-06,EXPIRED
P00935,Mineral Water,2023-03-02,2023-03-20 08:14:09,2025-02-28,EXPIRED
P00936,Mineral Water,2026-09-07,2026-09-12 02:46:24,2028-01-15,AVAILABLE
P00937,Instant Coffee,2026-03-19,2026-03-24 13:19:58,2028-02-21,AVAILABLE
P00938,Laundry Detergent,2023-09-27,2023-10-04 20:08:37,2024-12-14,EXPIRED
P00939,Bluetooth Speaker,2024-09-24,2024-10-17 22:57:33,2025-07-27,EXPIRED
P00940,Shampoo,2023-10-25,2023-11-15 18:58:10,2025-09-04,EXPIRED
P00941,USB Cable,2026-02-15,2026-03-05 23:07:11,2027-12-27,AVAILABLE
P00942,Wireless Mouse,2024-10-14,2024-11-12 13:26:19,2027-05-09,RESERVED
P00943,Green Tea,2023-11-08,2023-12-03 06:06:08,2024-12-20,EXPIRED
P00944,Wireless Mouse,2026-06-07,2026-06-27 08:38:36,2027-10-22,AVAILABLE
P00945,Instant Coffee,2024-04-17,2024-05-09 00:22:05,2027-01-18,AVAILABLE
P00946,Dish Soap,2026-05-23,2026-06-08 22:41:23,2027-07-03,AVAILABLE
P00947,Hand Soap,2025-08-28,2025-09-02 05:12:14,2025-12-02,EXPIRED
P00948,Shampoo,2023-01-31,2023-03-02 08:26:14,2024-04-20,EXPIRED
P00949,Water Bottle,2023-05-16,2023-05-22 14:55:39,2026-03-14,EXPIRED
P00950,Cereal,2025-07-26,2025-08-24 07:27:25,2025-11-18,EXPIRED
P00951,Ballpoint Pen,2025-02-18,2025-03-14 10:25:39,2025-06-06,EXPIRED
P00952,Dish Soap,2023-08-12,2023-08-27 14:52:56,2023-12-06,EXPIRED
P00953,Instant Coffee,2025-11-28,2025-12-16 12:47:02,2028-02-29,AVAILABLE
P00954,Mechanical Keyboard,2024-01-24,2024-02-03 14:25:56,2025-11-07,EXPIRED
P00955,Chocolate,2025-08-02,2025-08-08 13:18:39,2025-12-21,EXPIRED
P00956,Dish Soap,2023-10-19,2023-11-03 20:28:05,2026-09-08,EXPIRED
P00957,Power Bank,2024-01-04,2024-01-29 18:57:44,2024-11-06,EXPIRED
P00958,Mineral Water,2025-04-26,2025-05-07 14:01:11,2027-12-11,AVAILABLE
P00959,Water Bottle,2025-07-20,2025-07-23 08:20:44,2026-07-20,EXPIRED
P00960,Power Bank,2023-07-06,2023-07-10 22:28:40,2025-08-17,EXPIRED
P00961,USB Cable,2025-12-08,2025-12-31 12:46:50,2028-11-19,AVAILABLE
P00962,Laptop Stand,2025-02-14,2025-03-04 12:02:49,2026-02-28,EXPIRED
P00963,Cereal,2026-03-04,2026-04-01 21:55:09,2027-03-01,AVAILABLE
P00964,Laptop Stand,2023-04-16,2023-04-30 09:19:46,2025-11-14,EXPIRED
P00965,Chocolate,2026-07-06,2026-07-12 03:57:08,2027-09-24,AVAILABLE
P00966,Ballpoint Pen,2024-06-02,2024-06-03 14:31:54,2027-04-19,AVAILABLE
P00967,Wireless Mouse,2026-05-30,2026-06-28 15:15:13,2029-02-27,AVAILABLE
P00968,Shampoo,2025-06-23,2025-06-26 19:38:00,2026-12-06,AVAILABLE
P00969,Green Tea,2026-06-23,2026-07-14 17:52:52,2027-09-21,AVAILABLE
P00970,Laptop Stand,2023-10-31,2023-11-02 20:22:02,2024-09-22,EXPIRED
P00971,Mechanical Keyboard,2026-03-29,2026-04-25 19:19:21,2026-10-24,AVAILABLE
P00972,Power Bank,2025-05-03,2025-05-09 05:43:18,2026-05-31,EXPIRED
P00973,Toothpaste,2026-03-31,2026-04-12 01:05:49,2028-01-02,AVAILABLE
P00974,Orange Juice,2025-02-15,2025-03-14 02:48:27,2025-07-27,EXPIRED
P00975,Chocolate,2025-08-22,2025-08-27 03:44:55,2027-04-06,AVAILABLE
P00976,Dish Soap,2025-04-27,2025-05-14 06:44:13,2025-09-23,EXPIRED
P00977,Power Bank,2026-03-16,2026-04-09 20:33:05,2028-12-30,RESERVED
P00978,Ballpoint Pen,2024-08-11,2024-08-25 19:54:20,2026-02-23,EXPIRED
P00979,Dish Soap,2026-03-23,2026-04-12 11:59:08,2029-02-01,AVAILABLE
P00980,Hand Soap,2025-10-05,2025-10-31 05:56:39,2027-02-23,RESERVED
P00981,Chocolate,2024-02-01,2024-02-02 03:01:29,2024-10-29,EXPIRED
P00982,Water Bottle,2026-06-14,2026-06-28 13:02:21,2028-06-29,AVAILABLE
P00983,Water Bottle,2023-01-24,2023-02-14 06:44:18,2024-07-28,EXPIRED
P00984,USB Cable,2024-09-22,2024-10-02 16:35:20,2024-11-03,EXPIRED
P00985,Power Bank,2024-11-13,2024-11-24 12:46:36,2025-02-10,EXPIRED
P00986,Laptop Stand,2024-02-02,2024-02-13 10:59:43,2026-11-09,AVAILABLE
P00987,Mechanical Keyboard,2026-08-15,2026-08-20 15:09:40,2029-04-14,AVAILABLE
P00988,Cereal,2025-08-05,2025-08-31 13:59:47,2025-12-27,EXPIRED
P00989,Dish Soap,2024-09-05,2024-09-24 23:43:20,2024-11-12,EXPIRED
P00990,Water Bottle,2026-03-28,2026-04-19 10:51:58,2028-04-20,AVAILABLE
P00991,Bluetooth Speaker,2024-07-28,2024-08-24 00:21:24,2025-08-01,EXPIRED
P00992,Notebook,2026-05-25,2026-06-07 05:38:07,2028-03-16,RESERVED
P00993,Cereal,2023-03-06,2023-03-15 13:05:31,2024-08-03,EXPIRED
P00994,Orange Juice,2025-07-14,2025-08-10 09:13:33,2027-04-24,AVAILABLE
P00995,Power Bank,2025-02-05,2025-03-03 01:49:12,2025-09-12,EXPIRED
P00996,Toothpaste,2025-11-02,2025-11-03 15:57:32,2026-10-13,AVAILABLE
P00997,Cereal,2025-09-17,2025-10-11 16:19:49,2027-08-18,AVAILABLE
P00998,Power Bank,2025-11-23,2025-12-15 04:13:46,2026-03-07,EXPIRED
P00999,Toothpaste,2025-03-04,2025-03-27 16:07:00,2026-12-30,AVAILABLE
P01000,Ballpoint Pen,2023-06-28,2023-07-09 14:56:02,2024-02-24,EXPIRED
P01001,Dish Soap,2026-09-11,2026-10-05 09:01:36,2028-07-11,RESERVED
P01002,Water Bottle,2024-10-19,2024-10-26 06:18:17,2026-09-02,EXPIRED
P01003,Toothpaste,2023-08-29,2023-09-07 04:10:17,2024-05-19,EXPIRED
P01004,Wireless Mouse,2026-06-29,2026-07-17 16:06:13,2028-07-15,AVAILABLE
P01005,Cereal,2024-07-09,2024-07-14 22:51:18,2025-12-22,EXPIRED
P01006,Laptop Stand,2023-05-26,2023-06-05 19:57:21,2025-12-19,EXPIRED
P01007,Mechanical Keyboard,2023-09-24,2023-09-25 15:57:43,2024-02-04,EXPIRED
P01008,Power Bank,2025-02-24,2025-02-26 02:27:25,2026-03-27,EXPIRED
P01009,Ballpoint Pen,2026-04-28,2026-05-19 22:44:28,2028-05-25,AVAILABLE
P01010,Cereal,2024-02-10,2024-03-04 21:51:34,2024-08-18,EXPIRED
P01011,Toothpaste,2026-03-08,2026-03-13 02:52:51,2028-11-21,AVAILABLE
P01012,Toothpaste,2024-09-27,2024-10-19 20:45:49,2027-06-07,AVAILABLE
P01013,Instant Coffee,2024-04-03,2024-04-08 19:16:58,2026-05-17,EXPIRED
P01014,Mineral Water,2024-01-11,2024-02-03 21:21:50,2025-12-06,EXPIRED
P01015,Toothpaste,2025-09-25,2025-09-26 02:30:07,2027-10-14,AVAILABLE
P01016,Toothpaste,2023-12-16,2023-12-26 11:38:36,2024-10-01,EXPIRED
P01017,Dish Soap,2023-07-30,2023-08-12 22:50:06,2025-06-26,EXPIRED
P01018,Laundry Detergent,2026-08-23,2026-08-26 09:34:29,2028-12-20,AVAILABLE
P01019,Shampoo,2024-05-03,2024-05-23 07:35:10,2027-02-14,AVAILABLE
P01020,USB Cable,2024-11-28,2024-12-05 22:37:27,2027-06-07,AVAILABLE
P01021,Cereal,2026-01-20,2026-02-12 07:11:42,2026-07-28,EXPIRED
P01022,Notebook,2025-09-23,2025-09-27 18:38:29,2027-08-20,AVAILABLE
P01023,Power Bank,2025-06-30,2025-07-06 09:25:04,2026-03-09,EXPIRED
P01024,Ballpoint Pen,2025-02-15,2025-02-26 15:41:42,2025-07-20,EXPIRED
P01025,USB Cable,2024-03-21,2024-04-17 04:56:37,2024-04-20,EXPIRED
P01026,Bluetooth Speaker,2026-09-15,2026-09-20 14:34:18,2028-12-21,AVAILABLE
P01027,Notebook,2025-07-04,2025-07-11 06:43:56,2027-05-13,AVAILABLE
P01028,Notebook,2024-09-15,2024-10-15 13:45:58,2026-09-20,EXPIRED
P01029,USB Cable,2026-04-08,2026-04-09 19:32:25,2027-01-24,AVAILABLE
P01030,Mechanical Keyboard,2025-01-26,2025-02-24 17:03:00,2027-03-02,AVAILABLE
P01031,Chocolate,2023-03-05,2023-03-13 13:44:37,2025-06-19,EXPIRED
P01032,Cereal,2025-02-22,2025-03-07 12:27:34,2026-05-30,EXPIRED
P01033,Laptop Stand,2025-08-30,2025-09-04 06:35:24,2027-10-06,AVAILABLE
P01034,Bluetooth Speaker,2024-08-13,2024-09-10 21:08:08,2024-10-05,EXPIRED
P01035,USB Cable,2026-08-20,2026-08-21 04:46:56,2029-06-11,RESERVED
P01036,Shampoo,2023-10-06,2023-10-09 04:41:51,2026-03-05,EXPIRED
P01037,Toothpaste,2026-05-22,2026-06-21 13:39:11,2029-01-06,AVAILABLE
P01038,Shampoo,2026-02-04,2026-03-03 14:24:22,2027-06-11,AVAILABLE
P01039,Shampoo,2026-05-23,2026-05-24 18:31:54,2027-10-19,RESERVED
P01040,Dish Soap,2024-07-05,2024-07-19 17:36:23,2024-10-11,EXPIRED
P01041,Mechanical Keyboard,2026-03-09,2026-03-25 22:23:07,2028-12-19,RESERVED
P01042,USB Cable,2023-10-18,2023-11-11 23:33:54,2025-06-11,EXPIRED
P01043,Toothpaste,2025-11-24,2025-11-27 16:56:39,2026-06-23,EXPIRED
P01044,Instant Coffee,2025-08-25,2025-09-15 23:42:42,2026-03-02,EXPIRED
P01045,Laundry Detergent,2026-04-02,2026-04-12 19:03:57,2028-04-04,AVAILABLE
P01046,Wireless Mouse,2025-08-18,2025-09-02 16:57:30,2027-07-27,AVAILABLE
P01047,Orange Juice,2024-08-26,2024-09-05 05:02:44,2026-06-09,EXPIRED
P01048,Notebook,2024-06-17,2024-06-19 20:30:37,2025-06-28,EXPIRED
P01049,Notebook,2023-04-16,2023-05-08 09:51:47,2023-07-10,EXPIRED
P01050,Chocolate,2025-09-19,2025-09-22 04:32:04,2027-05-11,AVAILABLE
P01051,Bluetooth Speaker,2026-06-15,2026-06-24 08:54:16,2026-08-13,EXPIRED
P01052,Power Bank,2026-05-21,2026-05-27 18:47:09,2028-12-20,AVAILABLE
P01053,Laptop Stand,2024-06-19,2024-07-15 22:15:31,2025-07-24,EXPIRED
P01054,Dish Soap,2023-03-09,2023-03-20 02:09:38,2024-02-17,EXPIRED
P01055,Hand Soap,2025-04-25,2025-05-20 12:15:42,2027-11-12,RESERVED
P01056,Laptop Stand,2024-03-07,2024-03-26 23:53:22,2024-07-26,EXPIRED
P01057,Green Tea,2023-08-26,2023-08-28 05:29:25,2026-05-27,EXPIRED
P01058,Chocolate,2025-09-02,2025-09-26 17:14:24,2027-12-09,AVAILABLE
P01059,Green Tea,2023-10-25,2023-11-11 13:00:18,2026-05-31,EXPIRED
P01060,Mineral Water,2024-10-08,2024-10-25 21:02:06,2026-11-01,AVAILABLE
P01061,Ballpoint Pen,2026-08-28,2026-09-25 08:21:17,2028-03-26,AVAILABLE
P01062,Green Tea,2026-09-02,2026-09-21 12:29:49,2028-02-09,RESERVED
P01063,Notebook,2024-02-04,2024-02-21 10:43:44,2025-03-08,EXPIRED
P01064,Cereal,2026-01-26,2026-01-27 21:00:53,2026-07-14,EXPIRED
P01065,Wireless Mouse,2025-04-22,2025-04-26 16:06:43,2027-11-21,AVAILABLE
P01066,Instant Coffee,2024-08-03,2024-08-12 06:02:01,2025-03-09,EXPIRED
P01067,Mechanical Keyboard,2026-05-01,2026-05-23 06:38:40,2027-02-04,RESERVED
P01068,Power Bank,2023-06-26,2023-07-24 19:08:24,2024-08-07,EXPIRED
P01069,Power Bank,2024-01-13,2024-01-22 09:29:42,2024-07-16,EXPIRED
P01070,Toothpaste,2024-07-20,2024-08-14 13:44:57,2026-06-12,EXPIRED
P01071,Green Tea,2023-11-28,2023-12-23 02:17:49,2024-05-03,EXPIRED
P01072,Mineral Water,2025-03-06,2025-03-17 01:16:52,2026-09-29,AVAILABLE
P01073,Toothpaste,2023-05-23,2023-06-08 06:39:25,2024-06-21,EXPIRED
P01074,Hand Soap,2023-08-11,2023-08-16 17:49:27,2024-11-30,EXPIRED
P01075,Ballpoint Pen,2026-08-10,2026-08-14 14:45:16,2027-04-08,AVAILABLE
P01076,USB Cable,2023-05-25,2023-06-13 23:16:49,2025-12-23,EXPIRED
P01077,Wireless Mouse,2025-10-16,2025-10-21 20:40:00,2026-01-31,EXPIRED
P01078,Mineral Water,2024-06-29,2024-07-04 22:21:57,2026-10-08,AVAILABLE
P01079,Wireless Mouse,2025-11-21,2025-12-14 15:30:27,2028-03-27,RESERVED
P01080,USB Cable,2026-01-11,2026-01-19 00:24:44,2028-10-24,AVAILABLE
P01081,Notebook,2026-01-01,2026-01-31 11:21:43,2027-10-13,AVAILABLE
P01082,Mechanical Keyboard,2026-07-18,2026-08-08 02:23:34,2028-07-13,AVAILABLE
P01083,Toothpaste,2024-08-16,2024-09-06 06:11:35,2024-12-04,EXPIRED
P01084,Mineral Water,2026-09-15,2026-09-22 09:44:24,2027-05-21,RESERVED
P01085,Orange Juice,2025-09-23,2025-09-26 20:28:47,2026-11-15,AVAILABLE
P01086,Mechanical Keyboard,2024-01-31,2024-02-01 23:37:15,2026-11-27,AVAILABLE
P01087,USB Cable,2026-01-12,2026-02-02 09:31:34,2028-08-19,AVAILABLE
P01088,Mechanical Keyboard,2024-11-25,2024-11-27 10:50:46,2025-03-22,EXPIRED
P01089,Mineral Water,2023-08-31,2023-09-07 20:42:33,2026-04-25,EXPIRED
P01090,Laundry Detergent,2023-11-02,2023-11-26 18:14:59,2024-04-27,EXPIRED
P01091,Mechanical Keyboard,2023-10-17,2023-11-02 20:01:30,2024-02-17,EXPIRED
P01092,Instant Coffee,2026-08-21,2026-08-26 00:11:40,2026-12-31,AVAILABLE
P01093,Power Bank,2025-07-23,2025-08-12 05:53:37,2025-12-30,EXPIRED
P01094,Power Bank,2023-08-22,2023-09-07 19:51:39,2024-12-15,EXPIRED
P01095,USB Cable,2024-02-20,2024-03-05 10:51:53,2026-06-22,EXPIRED
P01096,Cereal,2023-09-05,2023-09-27 18:34:08,2025-07-24,EXPIRED
P01097,Water Bottle,2023-04-04,2023-04-23 05:21:04,2024-01-06,EXPIRED
P01098,Green Tea,2023-10-17,2023-11-11 13:10:44,2025-12-12,EXPIRED
P01099,Laundry Detergent,2023-12-04,2023-12-19 07:59:37,2024-03-26,EXPIRED
P01100,Bluetooth Speaker,2023-07-24,2023-08-19 20:39:24,2024-07-11,EXPIRED
P01101,Wireless Mouse,2025-09-24,2025-09-27 00:00:11,2026-04-24,EXPIRED
P01102,Notebook,2024-08-04,2024-08-18 22:51:50,2027-05-05,RESERVED
P01103,Bluetooth Speaker,2024-02-27,2024-03-03 20:17:33,2026-10-06,AVAILABLE
P01104,Instant Coffee,2023-12-24,2024-01-13 22:02:38,2025-01-25,EXPIRED
P01105,Hand Soap,2026-06-07,2026-06-10 20:52:50,2028-03-14,AVAILABLE
P01106,Shampoo,2023-01-10,2023-01-28 07:12:07,2023-08-23,EXPIRED
P01107,Ballpoint Pen,2025-01-11,2025-02-08 17:32:14,2027-09-18,RESERVED
P01108,Water Bottle,2024-07-20,2024-07-22 06:07:50,2025-06-20,EXPIRED
P01109,Hand Soap,2025-10-15,2025-10-21 05:42:59,2026-02-10,EXPIRED
P01110,Mechanical Keyboard,2026-08-13,2026-08-25 09:13:27,2028-02-08,AVAILABLE
P01111,Ballpoint Pen,2025-07-17,2025-07-19 03:47:03,2026-08-11,EXPIRED
P01112,Laptop Stand,2023-03-01,2023-03-17 16:07:04,2024-07-24,EXPIRED
P01113,Toothpaste,2026-04-28,2026-05-17 10:26:12,2028-03-25,AVAILABLE
P01114,Power Bank,2024-10-29,2024-11-06 03:15:47,2027-03-22,AVAILABLE
P01115,Mineral Water,2024-03-27,2024-03-30 15:37:31,2024-08-15,EXPIRED
P01116,Shampoo,2023-10-24,2023-10-31 19:29:11,2026-01-24,EXPIRED
P01117,Orange Juice,2023-10-07,2023-10-22 23:12:40,2025-11-09,EXPIRED
P01118,Green Tea,2024-02-19,2024-03-01 04:02:44,2024-07-20,EXPIRED
P01119,Green Tea,2023-10-07,2023-10-11 14:29:26,2024-10-21,EXPIRED
P01120,Cereal,2024-03-26,2024-04-24 09:38:10,2025-04-08,EXPIRED
P01121,Notebook,2026-02-06,2026-03-06 07:05:26,2028-12-03,AVAILABLE
P01122,Notebook,2025-08-27,2025-09-23 14:17:00,2028-02-19,RESERVED
P01123,Instant Coffee,2024-05-22,2024-06-02 13:37:14,2025-04-22,EXPIRED
P01124,Notebook,2023-01-11,2023-01-25 01:02:30,2025-12-08,EXPIRED
P01125,Mechanical Keyboard,2025-05-21,2025-06-07 12:30:51,2026-01-06,EXPIRED
P01126,Toothpaste,2025-10-11,2025-10-19 02:35:48,2025-12-05,EXPIRED
P01127,Shampoo,2024-03-22,2024-03-27 11:18:15,2024-10-23,EXPIRED
P01128,Wireless Mouse,2025-09-09,2025-10-01 09:10:45,2028-05-06,AVAILABLE
P01129,Notebook,2023-02-19,2023-03-06 14:49:08,2025-06-28,EXPIRED
P01130,Laptop Stand,2025-01-28,2025-02-18 14:45:40,2025-03-01,EXPIRED
P01131,USB Cable,2025-02-27,2025-03-28 22:21:33,2025-06-03,EXPIRED
P01132,Chocolate,2025-05-22,2025-06-16 08:44:39,2026-08-19,EXPIRED
P01133,USB Cable,2026-06-24,2026-07-23 10:47:59,2026-11-13,AVAILABLE
P01134,Orange Juice,2023-04-16,2023-04-20 12:23:29,2023-08-07,EXPIRED
P01135,Orange Juice,2025-01-20,2025-01-26 20:35:45,2025-07-06,EXPIRED
P01136,Laundry Detergent,2024-02-24,2024-02-29 10:15:34,2024-11-12,EXPIRED
P01137,Hand Soap,2026-04-03,2026-05-01 22:13:48,2027-08-07,AVAILABLE
P01138,Orange Juice,2024-07-01,2024-07-18 21:27:17,2024-11-19,EXPIRED
P01139,USB Cable,2025-02-02,2025-02-14 14:31:32,2025-11-10,EXPIRED
P01140,Hand Soap,2025-12-25,2026-01-16 17:57:18,2028-08-06,AVAILABLE
P01141,Orange Juice,2023-05-15,2023-05-22 14:05:05,2025-08-22,EXPIRED
P01142,Laptop Stand,2024-08-13,2024-08-16 03:10:17,2025-04-29,EXPIRED
P01143,Bluetooth Speaker,2025-10-13,2025-10-18 06:33:40,2025-12-28,EXPIRED
P01144,Chocolate,2025-05-03,2025-05-25 17:59:08,2028-01-28,AVAILABLE
P01145,Shampoo,2025-06-28,2025-07-22 20:01:18,2026-08-19,EXPIRED
P01146,USB Cable,2023-02-15,2023-03-15 07:53:33,2025-02-01,EXPIRED
P01147,Shampoo,2026-03-31,2026-04-11 20:41:50,2028-02-27,AVAILABLE
P01148,Notebook,2025-12-21,2026-01-17 17:28:29,2027-10-04,AVAILABLE
P01149,Bluetooth Speaker,2024-09-19,2024-09-25 08:14:30,2026-11-19,AVAILABLE
P01150,Mechanical Keyboard,2023-10-31,2023-11-12 09:29:10,2024-10-24,EXPIRED
P01151,Laundry Detergent,2024-08-07,2024-08-13 05:53:45,2025-07-17,EXPIRED
P01152,Laptop Stand,2024-05-02,2024-05-06 01:20:36,2025-02-15,EXPIRED
P01153,Toothpaste,2024-06-17,2024-06-29 05:13:35,2024-09-26,EXPIRED
P01154,Cereal,2024-12-05,2024-12-10 11:28:34,2025-12-02,EXPIRED
P01155,Laundry Detergent,2024-09-09,2024-09-13 00:25:59,2027-07-28,AVAILABLE
P01156,Toothpaste,2024-10-17,2024-10-22 00:47:34,2027-09-21,AVAILABLE
P01157,Chocolate,2025-08-28,2025-09-26 09:48:36,2026-07-25,EXPIRED
P01158,Notebook,2025-06-24,2025-07-05 22:07:46,2028-03-30,AVAILABLE
P01159,Bluetooth Speaker,2026-02-02,2026-02-06 09:01:25,2027-05-29,AVAILABLE
P01160,Orange Juice,2023-07-09,2023-07-20 01:38:41,2024-09-10,EXPIRED
P01161,Notebook,2025-12-14,2025-12-22 08:12:01,2026-07-03,EXPIRED
P01162,Laundry Detergent,2025-07-01,2025-07-23 21:05:32,2027-10-16,AVAILABLE
P01163,Hand Soap,2024-10-12,2024-11-01 19:32:03,2026-11-20,AVAILABLE
P01164,Bluetooth Speaker,2025-05-25,2025-06-06 12:23:00,2027-01-27,AVAILABLE
P01165,Orange Juice,2024-09-22,2024-10-07 17:05:13,2027-04-19,RESERVED
P01166,Shampoo,2025-06-25,2025-07-05 05:51:46,2027-12-10,RESERVED
P01167,Shampoo,2023-10-13,2023-11-09 18:38:05,2024-09-01,EXPIRED
P01168,Water Bottle,2024-09-13,2024-09-29 16:21:04,2026-11-21,AVAILABLE
P01169,Wireless Mouse,2025-04-18,2025-05-09 08:26:11,2027-12-20,RESERVED
P01170,Notebook,2023-10-08,2023-10-15 05:53:24,2025-06-21,EXPIRED
P01171,Laundry Detergent,2025-10-01,2025-10-03 09:53:37,2027-07-15,AVAILABLE
P01172,Laundry Detergent,2025-08-07,2025-08-15 00:50:00,2026-07-18,EXPIRED
P01173,Green Tea,2024-09-06,2024-09-27 20:30:07,2026-05-18,EXPIRED
P01174,Shampoo,2024-01-03,2024-01-19 22:41:15,2024-03-31,EXPIRED
P01175,Power Bank,2024-07-21,2024-08-06 02:38:47,2026-08-30,EXPIRED
P01176,Notebook,2025-09-11,2025-09-30 13:55:16,2028-06-11,RESERVED
P01177,Power Bank,2025-02-03,2025-02-20 23:36:01,2026-08-18,EXPIRED
P01178,Laptop Stand,2026-04-06,2026-04-08 04:20:29,2027-02-07,AVAILABLE
P01179,Laptop Stand,2023-04-19,2023-04-28 11:26:40,2025-05-17,EXPIRED
P01180,Mechanical Keyboard,2024-08-16,2024-08-26 16:40:59,2025-02-19,EXPIRED
P01181,Dish Soap,2024-02-01,2024-02-26 20:11:48,2024-09-11,EXPIRED
P01182,Ballpoint Pen,2023-12-09,2023-12-27 10:55:20,2025-09-15,EXPIRED
P01183,Green Tea,2025-01-12,2025-01-16 17:37:22,2025-12-02,EXPIRED
P01184,Wireless Mouse,2023-10-08,2023-10-25 09:23:49,2026-07-27,EXPIRED
P01185,Shampoo,2024-11-27,2024-12-27 05:06:13,2025-11-08,EXPIRED
P01186,Dish Soap,2024-03-28,2024-04-24 06:50:57,2024-12-16,EXPIRED
P01187,Shampoo,2025-08-01,2025-08-31 02:07:52,2026-05-26,EXPIRED
P01188,Wireless Mouse,2025-09-09,2025-09-21 09:44:23,2026-07-20,EXPIRED
P01189,Toothpaste,2026-05-08,2026-05-25 10:11:45,2028-02-20,AVAILABLE
P01190,Power Bank,2024-03-31,2024-04-05 22:09:44,2025-08-07,EXPIRED
P01191,Chocolate,2023-09-14,2023-09-21 04:05:27,2024-05-29,EXPIRED
P01192,USB Cable,2023-02-08,2023-03-05 15:48:27,2023-06-05,EXPIRED
P01193,Water Bottle,2023-08-09,2023-08-11 21:32:37,2024-01-07,EXPIRED
P01194,Hand Soap,2023-09-01,2023-10-01 08:02:04,2025-06-09,EXPIRED
P01195,Wireless Mouse,2023-07-17,2023-08-12 03:58:38,2024-10-09,EXPIRED
P01196,Notebook,2024-02-14,2024-02-20 21:22:01,2024-09-16,EXPIRED
P01197,Bluetooth Speaker,2024-07-22,2024-08-10 11:22:10,2027-06-12,RESERVED
P01198,Ballpoint Pen,2024-05-10,2024-05-27 18:04:06,2024-07-07,EXPIRED
P01199,Dish Soap,2024-03-20,2024-04-12 06:18:10,2024-04-27,EXPIRED
P01200,Power Bank,2024-03-14,2024-04-13 16:54:45,2026-12-11,AVAILABLE
P01201,Notebook,2024-01-15,2024-01-30 21:06:11,2026-02-09,EXPIRED
P01202,Mineral Water,2025-05-18,2025-05-25 16:14:26,2026-02-03,EXPIRED
P01203,Cereal,2023-09-11,2023-09-26 03:33:08,2026-07-22,EXPIRED
P01204,Orange Juice,2024-08-13,2024-08-31 23:02:05,2026-07-15,EXPIRED
P01205,Hand Soap,2023-08-25,2023-09-07 09:29:38,2025-06-23,EXPIRED
P01206,Toothpaste,2024-04-07,2024-04-25 13:18:54,2026-09-30,AVAILABLE
P01207,USB Cable,2025-09-01,2025-09-23 11:11:00,2028-07-03,RESERVED
P01208,Power Bank,2025-03-22,2025-04-06 16:42:43,2025-10-12,EXPIRED
P01209,Power Bank,2023-10-21,2023-11-03 12:44:37,2024-06-15,EXPIRED
P01210,Laptop Stand,2023-05-13,2023-05-25 06:21:12,2025-09-16,EXPIRED
P01211,Power Bank,2024-04-21,2024-05-18 13:46:31,2025-12-12,EXPIRED
P01212,Notebook,2026-04-30,2026-05-09 20:25:22,2029-01-28,RESERVED
P01213,Ballpoint Pen,2025-04-08,2025-04-24 16:17:09,2027-11-25,AVAILABLE
P01214,Power Bank,2024-05-28,2024-06-13 15:14:40,2025-03-29,EXPIRED
P01215,Wireless Mouse,2023-07-23,2023-08-16 01:53:04,2026-06-07,EXPIRED
P01216,Wireless Mouse,2024-01-02,2024-01-15 19:43:20,2024-12-09,EXPIRED
P01217,Chocolate,2026-06-27,2026-07-17 03:48:04,2029-06-25,AVAILABLE
P01218,Toothpaste,2024-02-18,2024-02-28 21:31:31,2027-01-16,AVAILABLE
P01219,Laundry Detergent,2024-12-04,2024-12-30 17:34:01,2025-03-08,EXPIRED
P01220,Shampoo,2023-09-01,2023-09-14 14:20:54,2025-11-09,EXPIRED
P01221,Toothpaste,2025-07-30,2025-08-01 01:11:35,2027-05-11,RESERVED
P01222,Laptop Stand,2025-10-03,2025-10-17 04:19:45,2028-01-07,AVAILABLE
P01223,Power Bank,2026-03-11,2026-04-02 15:42:35,2028-11-27,AVAILABLE
P01224,Laundry Detergent,2023-11-17,2023-12-04 01:25:16,2026-09-25,AVAILABLE
P01225,Mineral Water,2026-06-17,2026-07-09 11:49:18,2028-05-03,AVAILABLE
P01226,Wireless Mouse,2026-04-24,2026-04-26 04:53:23,2028-05-07,RESERVED
P01227,Notebook,2023-02-25,2023-03-22 20:21:24,2023-10-12,EXPIRED
P01228,Shampoo,2024-12-07,2024-12-19 13:22:03,2026-05-21,EXPIRED
P01229,Instant Coffee,2024-04-25,2024-05-16 09:37:05,2024-10-06,EXPIRED
P01230,Chocolate,2023-08-23,2023-09-03 05:01:34,2025-07-20,EXPIRED
P01231,Mechanical Keyboard,2025-08-01,2025-08-23 13:36:32,2028-01-10,AVAILABLE
P01232,Wireless Mouse,2025-08-19,2025-09-07 00:20:24,2027-11-26,AVAILABLE
P01233,Notebook,2023-07-20,2023-08-15 15:06:44,2024-10-13,EXPIRED
P01234,Cereal,2025-10-14,2025-10-31 21:21:10,2027-07-19,AVAILABLE
P01235,Shampoo,2024-02-18,2024-03-05 20:54:50,2024-08-20,EXPIRED
P01236,Laundry Detergent,2024-03-14,2024-03-24 08:03:19,2026-07-15,EXPIRED
P01237,Instant Coffee,2026-07-03,2026-07-27 02:45:54,2027-02-12,AVAILABLE
P01238,Cereal,2024-07-13,2024-07-16 18:51:33,2027-04-12,AVAILABLE
P01239,Water Bottle,2024-12-12,2025-01-07 02:41:52,2026-09-21,AVAILABLE
P01240,Chocolate,2025-06-05,2025-06-27 17:20:12,2027-10-31,AVAILABLE
P01241,Green Tea,2026-07-03,2026-07-20 14:42:48,2027-08-06,AVAILABLE
P01242,Dish Soap,2024-01-18,2024-02-06 15:13:42,2026-10-01,AVAILABLE
P01243,Laundry Detergent,2026-06-12,2026-07-10 13:59:36,2026-11-11,AVAILABLE
P01244,Water Bottle,2025-01-16,2025-01-31 04:15:09,2026-10-22,AVAILABLE
P01245,Shampoo,2024-10-14,2024-11-11 02:40:13,2027-03-07,AVAILABLE
P01246,Chocolate,2026-08-16,2026-08-22 08:43:38,2028-01-11,AVAILABLE
P01247,Instant Coffee,2023-08-21,2023-08-26 06:01:15,2025-06-16,EXPIRED
P01248,Toothpaste,2025-09-21,2025-10-09 13:27:41,2026-01-04,EXPIRED
P01249,Water Bottle,2023-11-23,2023-12-02 04:01:16,2025-07-13,EXPIRED
P01250,Laundry Detergent,2023-12-27,2024-01-17 01:46:31,2024-03-06,EXPIRED
P01251,Mechanical Keyboard,2023-06-21,2023-07-02 19:19:55,2023-11-28,EXPIRED
P01252,Shampoo,2025-01-14,2025-02-05 21:56:05,2027-05-06,RESERVED
P01253,Bluetooth Speaker,2024-04-28,2024-05-02 18:47:32,2025-01-30,EXPIRED
P01254,Dish Soap,2026-04-03,2026-04-28 16:16:31,2026-11-03,AVAILABLE
P01255,Ballpoint Pen,2023-09-08,2023-10-03 10:21:53,2025-12-14,EXPIRED
P01256,Instant Coffee,2025-05-16,2025-05-23 04:06:11,2026-08-27,EXPIRED
P01257,Green Tea,2025-06-19,2025-07-03 08:55:37,2025-11-10,EXPIRED
P01258,Hand Soap,2025-12-28,2026-01-09 22:07:20,2028-06-12,AVAILABLE
P01259,Instant Coffee,2024-07-22,2024-08-20 04:23:30,2026-09-13,EXPIRED
P01260,Chocolate,2023-02-13,2023-03-06 19:02:53,2023-07-04,EXPIRED
P01261,Instant Coffee,2024-06-02,2024-06-20 12:19:40,2026-07-15,EXPIRED
P01262,Power Bank,2025-12-31,2026-01-28 07:54:28,2028-04-04,AVAILABLE
P01263,Mineral Water,2024-06-07,2024-06-17 02:59:52,2025-11-01,EXPIRED
P01264,Chocolate,2024-03-06,2024-04-03 05:58:28,2026-01-14,EXPIRED
P01265,Shampoo,2023-03-11,2023-03-20 02:52:49,2026-01-10,EXPIRED
P01266,Hand Soap,2025-04-25,2025-05-25 10:45:27,2025-12-16,EXPIRED
P01267,Laptop Stand,2024-06-18,2024-07-05 02:22:26,2026-05-18,EXPIRED
P01268,Toothpaste,2023-02-26,2023-03-23 01:41:41,2024-04-07,EXPIRED
P01269,Toothpaste,2026-08-05,2026-08-10 00:25:12,2028-05-21,AVAILABLE
P01270,Notebook,2023-06-18,2023-06-22 05:15:33,2024-04-09,EXPIRED
P01271,Ballpoint Pen,2025-04-20,2025-05-16 10:28:30,2026-02-17,EXPIRED
P01272,Green Tea,2023-12-22,2024-01-13 18:52:20,2025-08-20,EXPIRED
P01273,Water Bottle,2023-06-22,2023-07-06 11:11:25,2025-09-01,EXPIRED
P01274,Notebook,2024-04-04,2024-04-05 00:59:35,2025-08-15,EXPIRED
P01275,USB Cable,2025-08-05,2025-08-12 08:44:54,2026-08-15,EXPIRED
P01276,Mechanical Keyboard,2025-04-01,2025-04-21 13:38:16,2026-03-02,EXPIRED
P01277,USB Cable,2025-01-23,2025-01-29 18:07:00,2027-08-02,AVAILABLE
P01278,Hand Soap,2023-08-31,2023-09-08 22:13:12,2025-03-28,EXPIRED
P01279,Chocolate,2025-10-09,2025-10-22 04:27:54,2027-01-05,AVAILABLE
P01280,Water Bottle,2024-08-02,2024-08-26 21:12:26,2025-09-05,EXPIRED
P01281,Shampoo,2023-10-26,2023-10-27 09:16:15,2026-06-05,EXPIRED
P01282,Instant Coffee,2025-01-27,2025-02-15 21:41:29,2025-08-20,EXPIRED
P01283,Wireless Mouse,2025-08-18,2025-08-23 10:44:25,2026-11-25,RESERVED
P01284,Mineral Water,2025-05-16,2025-06-09 19:16:04,2025-12-27,EXPIRED
P01285,Laundry Detergent,2023-05-01,2023-05-03 10:59:15,2026-01-19,EXPIRED
P01286,Orange Juice,2026-05-26,2026-06-17 19:45:47,2026-09-26,AVAILABLE
P01287,Green Tea,2025-10-30,2025-11-19 12:19:25,2027-12-28,AVAILABLE
P01288,Laundry Detergent,2023-03-26,2023-04-14 05:16:10,2026-02-19,EXPIRED
P01289,Hand Soap,2024-11-25,2024-12-24 14:08:05,2026-10-05,RESERVED
P01290,Dish Soap,2025-06-05,2025-06-10 08:07:20,2025-10-03,EXPIRED
P01291,Bluetooth Speaker,2025-10-19,2025-11-16 08:47:23,2028-04-16,AVAILABLE
P01292,Green Tea,2026-06-09,2026-07-06 08:33:20,2028-12-17,AVAILABLE
P01293,Cereal,2025-10-03,2025-10-28 04:35:54,2028-04-21,AVAILABLE
P01294,Water Bottle,2023-11-01,2023-11-03 07:11:02,2026-07-21,EXPIRED
P01295,Green Tea,2023-12-01,2023-12-24 14:27:07,2026-10-09,AVAILABLE
P01296,Toothpaste,2024-12-31,2025-01-23 17:31:29,2027-11-05,AVAILABLE
P01297,Bluetooth Speaker,2023-09-11,2023-09-23 02:13:55,2025-05-14,EXPIRED
P01298,Laptop Stand,2023-12-11,2024-01-04 16:52:17,2025-03-19,EXPIRED
P01299,Notebook,2023-01-09,2023-01-26 18:11:26,2023-07-15,EXPIRED
P01300,Instant Coffee,2025-10-17,2025-11-08 03:56:21,2026-01-08,EXPIRED
P01301,Chocolate,2023-09-07,2023-09-20 11:37:59,2024-05-11,EXPIRED
P01302,Cereal,2023-11-11,2023-11-12 02:29:53,2026-08-19,EXPIRED
P01303,Toothpaste,2026-07-10,2026-07-19 19:42:00,2028-06-13,AVAILABLE
P01304,Ballpoint Pen,2025-07-16,2025-07-27 23:46:58,2026-05-06,EXPIRED
P01305,Water Bottle,2023-04-10,2023-05-06 20:18:20,2023-08-31,EXPIRED
P01306,USB Cable,2026-01-25,2026-02-14 12:05:25,2027-07-31,AVAILABLE
P01307,Instant Coffee,2025-03-27,2025-03-30 00:54:13,2026-03-25,EXPIRED
P01308,Mineral Water,2025-04-04,2025-04-14 20:48:41,2026-03-15,EXPIRED
P01309,Power Bank,2024-09-03,2024-09-19 13:47:51,2026-06-30,EXPIRED
P01310,Ballpoint Pen,2023-09-26,2023-10-08 21:06:53,2025-11-16,EXPIRED
P01311,Dish Soap,2024-02-14,2024-03-01 14:56:24,2026-11-15,AVAILABLE
P01312,Notebook,2026-05-14,2026-05-28 02:48:27,2028-07-06,AVAILABLE
P01313,Laptop Stand,2025-06-08,2025-06-29 13:05:02,2028-05-24,AVAILABLE
P01314,Toothpaste,2024-04-04,2024-04-25 21:45:09,2027-02-12,AVAILABLE
P01315,Dish Soap,2023-06-21,2023-07-01 14:27:05,2026-03-25,EXPIRED
P01316,Chocolate,2023-11-01,2023-11-06 21:57:19,2025-04-23,EXPIRED
P01317,Dish Soap,2025-05-25,2025-06-04 18:03:35,2025-11-27,EXPIRED
P01318,Mechanical Keyboard,2025-11-17,2025-11-21 16:27:26,2026-06-28,EXPIRED
P01319,Toothpaste,2026-09-15,2026-10-09 18:52:16,2028-10-11,AVAILABLE
P01320,Notebook,2023-06-17,2023-07-12 16:01:07,2026-02-18,EXPIRED
P01321,Laptop Stand,2024-01-09,2024-02-05 12:02:05,2026-06-09,EXPIRED
P01322,Chocolate,2024-10-04,2024-10-23 23:29:48,2027-05-13,AVAILABLE
P01323,Green Tea,2024-11-30,2024-12-30 05:13:11,2025-06-08,EXPIRED
P01324,Ballpoint Pen,2024-06-15,2024-07-13 21:06:27,2024-08-20,EXPIRED
P01325,Wireless Mouse,2025-03-19,2025-03-23 00:10:41,2027-12-21,AVAILABLE
P01326,Mineral Water,2026-09-09,2026-10-03 19:46:31,2028-06-20,AVAILABLE
P01327,Ballpoint Pen,2025-01-08,2025-01-31 21:44:43,2027-04-26,AVAILABLE
P01328,USB Cable,2023-09-14,2023-09-19 00:12:07,2023-11-15,EXPIRED
P01329,Water Bottle,2023-02-24,2023-03-03 15:41:09,2024-08-02,EXPIRED
P01330,Shampoo,2026-07-06,2026-08-03 17:12:05,2028-04-12,AVAILABLE
P01331,Bluetooth Speaker,2025-08-28,2025-09-11 00:07:10,2026-08-05,EXPIRED
P01332,Toothpaste,2025-09-20,2025-10-06 00:55:28,2027-02-28,AVAILABLE
P01333,Chocolate,2026-03-12,2026-04-08 12:03:21,2026-04-27,EXPIRED
P01334,Power Bank,2026-07-15,2026-08-12 22:27:26,2029-05-25,RESERVED
P01335,Notebook,2026-05-05,2026-05-29 17:18:02,2029-02-26,AVAILABLE
P01336,Hand Soap,2025-11-17,2025-12-06 23:39:59,2028-09-11,AVAILABLE
P01337,Mechanical Keyboard,2025-12-17,2025-12-18 13:36:20,2026-05-26,EXPIRED
P01338,Green Tea,2026-08-20,2026-09-03 15:07:31,2028-08-29,AVAILABLE
P01339,Shampoo,2023-02-12,2023-02-18 09:46:12,2025-10-30,EXPIRED
P01340,Orange Juice,2025-06-16,2025-06-24 16:14:37,2027-06-10,AVAILABLE
P01341,Toothpaste,2023-09-26,2023-10-25 09:46:45,2026-01-02,EXPIRED
P01342,Shampoo,2026-08-29,2026-09-22 11:50:30,2027-08-25,AVAILABLE
P01343,Water Bottle,2024-08-01,2024-08-24 23:05:42,2027-05-16,AVAILABLE
P01344,Laptop Stand,2024-02-13,2024-02-19 19:31:06,2026-07-13,EXPIRED
P01345,Hand Soap,2024-09-13,2024-09-21 06:35:03,2024-11-19,EXPIRED
P01346,Orange Juice,2024-06-18,2024-06-30 21:10:11,2027-05-15,AVAILABLE
P01347,USB Cable,2024-11-22,2024-12-06 03:39:14,2025-08-26,EXPIRED
P01348,Laundry Detergent,2024-04-03,2024-04-19 08:21:50,2026-04-30,EXPIRED
P01349,Mechanical Keyboard,2026-02-14,2026-02-23 04:54:44,2029-02-03,AVAILABLE
P01350,Power Bank,2023-04-14,2023-05-14 14:51:29,2023-12-27,EXPIRED
P01351,Power Bank,2026-06-04,2026-06-24 03:52:35,2026-09-27,AVAILABLE
P01352,Power Bank,2023-12-09,2023-12-30 03:55:13,2026-01-17,EXPIRED
P01353,Laptop Stand,2024-08-21,2024-09-13 14:48:32,2027-07-07,RESERVED
P01354,Power Bank,2023-11-12,2023-12-03 11:21:52,2024-09-19,EXPIRED
P01355,Power Bank,2024-02-18,2024-03-04 13:49:49,2024-04-01,EXPIRED
P01356,Instant Coffee,2025-08-28,2025-09-08 09:32:10,2026-03-20,EXPIRED
P01357,Green Tea,2025-02-01,2025-02-24 13:23:40,2026-07-18,EXPIRED
P01358,Bluetooth Speaker,2025-12-20,2026-01-03 07:08:51,2028-06-15,AVAILABLE
P01359,Shampoo,2025-07-28,2025-08-25 16:50:43,2027-09-06,AVAILABLE
P01360,Toothpaste,2023-10-26,2023-11-20 00:45:51,2026-10-19,AVAILABLE
P01361,USB Cable,2024-11-23,2024-12-04 12:49:10,2027-05-30,AVAILABLE
P01362,Mineral Water,2023-03-17,2023-04-08 20:09:57,2023-08-12,EXPIRED
P01363,Dish Soap,2024-08-28,2024-09-11 12:56:43,2026-06-12,EXPIRED
P01364,Cereal,2024-12-05,2024-12-06 08:57:33,2025-10-31,EXPIRED
P01365,Mineral Water,2025-07-02,2025-07-23 06:56:34,2028-01-23,RESERVED
P01366,Orange Juice,2026-08-21,2026-09-03 06:56:19,2027-03-11,AVAILABLE
P01367,Laundry Detergent,2024-11-16,2024-11-29 23:46:47,2025-08-31,EXPIRED
P01368,Dish Soap,2026-01-12,2026-01-22 06:05:32,2027-11-12,AVAILABLE
P01369,Cereal,2026-07-25,2026-07-31 00:01:56,2028-02-04,AVAILABLE
P01370,Chocolate,2025-05-15,2025-06-01 03:46:03,2027-07-17,AVAILABLE
P01371,Dish Soap,2024-12-26,2024-12-30 01:48:41,2025-10-07,EXPIRED
P01372,Toothpaste,2024-09-02,2024-09-21 23:00:29,2026-08-27,EXPIRED
P01373,Instant Coffee,2026-04-06,2026-04-25 22:57:40,2027-08-27,AVAILABLE
P01374,Chocolate,2024-08-05,2024-08-27 22:36:43,2025-06-17,EXPIRED
P01375,Mineral Water,2025-11-30,2025-12-24 07:06:20,2028-11-21,AVAILABLE
P01376,Water Bottle,2025-01-09,2025-01-24 03:09:45,2027-06-29,AVAILABLE
P01377,USB Cable,2023-07-08,2023-07-10 13:56:08,2026-04-08,EXPIRED
P01378,Water Bottle,2025-07-02,2025-07-05 11:43:33,2027-11-03,AVAILABLE
P01379,Laundry Detergent,2025-11-28,2025-12-23 12:55:16,2028-10-14,RESERVED
P01380,Shampoo,2025-06-20,2025-07-13 15:46:26,2026-06-18,EXPIRED
P01381,Bluetooth Speaker,2025-11-01,2025-11-06 15:45:29,2026-08-22,EXPIRED
P01382,Dish Soap,2025-12-19,2025-12-23 22:13:29,2028-09-13,AVAILABLE
P01383,Laptop Stand,2026-02-18,2026-03-02 03:38:54,2028-07-03,AVAILABLE
P01384,Power Bank,2025-01-26,2025-02-14 09:02:33,2026-01-04,EXPIRED
P01385,Power Bank,2025-01-30,2025-02-09 11:19:18,2027-11-21,AVAILABLE
P01386,Bluetooth Speaker,2023-10-19,2023-11-14 18:26:03,2025-08-03,EXPIRED
P01387,Chocolate,2024-03-17,2024-03-23 23:31:00,2024-12-22,EXPIRED
P01388,Laundry Detergent,2024-12-15,2024-12-18 01:26:30,2026-10-10,AVAILABLE
P01389,Toothpaste,2024-11-22,2024-12-18 12:30:53,2025-09-19,EXPIRED
P01390,Bluetooth Speaker,2025-10-30,2025-11-20 14:48:28,2028-06-05,AVAILABLE
P01391,Cereal,2023-07-02,2023-07-28 19:42:39,2025-11-16,EXPIRED
P01392,Mineral Water,2024-04-21,2024-05-20 12:21:34,2024-08-22,EXPIRED
P01393,Toothpaste,2024-07-22,2024-08-12 02:55:10,2024-10-10,EXPIRED
P01394,Notebook,2026-07-14,2026-08-09 22:19:35,2027-04-23,RESERVED
P01395,Laundry Detergent,2023-06-24,2023-07-01 19:34:36,2023-11-09,EXPIRED
P01396,Notebook,2025-12-04,2025-12-11 15:32:57,2026-02-10,EXPIRED
P01397,Power Bank,2026-09-10,2026-10-10 17:11:01,2028-04-25,AVAILABLE
P01398,Instant Coffee,2026-04-01,2026-04-16 02:51:34,2028-02-16,AVAILABLE
P01399,Notebook,2023-04-03,2023-04-19 00:21:27,2024-05-06,EXPIRED
P01400,Shampoo,2023-02-19,2023-03-19 16:20:24,2024-08-28,EXPIRED
P01401,USB Cable,2023-08-23,2023-08-27 17:10:18,2024-07-12,EXPIRED
P01402,Laptop Stand,2024-06-07,2024-07-02 02:09:19,2026-10-19,RESERVED
P01403,Laptop Stand,2023-05-01,2023-05-21 10:11:01,2023-09-27,EXPIRED
P01404,Chocolate,2025-03-09,2025-03-13 10:09:26,2027-01-31,AVAILABLE
P01405,Mineral Water,2023-09-05,2023-09-07 06:15:48,2025-01-31,EXPIRED
P01406,Hand Soap,2025-11-07,2025-12-02 16:24:07,2027-06-11,AVAILABLE
P01407,Cereal,2025-08-09,2025-08-27 13:04:30,2025-11-06,EXPIRED
P01408,Shampoo,2026-07-21,2026-07-29 00:17:35,2027-03-15,AVAILABLE
P01409,Laundry Detergent,2026-08-27,2026-09-22 04:19:36,2029-01-06,AVAILABLE
P01410,USB Cable,2026-07-26,2026-08-12 06:50:09,2028-09-27,AVAILABLE
P01411,Laptop Stand,2024-05-17,2024-06-04 13:58:35,2026-12-28,AVAILABLE
P01412,Wireless Mouse,2025-08-09,2025-09-05 19:18:41,2026-08-16,EXPIRED
P01413,Wireless Mouse,2023-05-04,2023-06-03 15:17:38,2024-10-28,EXPIRED
P01414,Mineral Water,2024-12-20,2025-01-16 20:13:37,2027-11-30,AVAILABLE
P01415,Mechanical Keyboard,2023-11-27,2023-12-21 17:36:04,2025-09-02,EXPIRED
P01416,USB Cable,2025-03-20,2025-04-12 03:53:08,2026-11-12,AVAILABLE
P01417,Water Bottle,2026-06-04,2026-06-21 10:56:43,2028-06-04,RESERVED
P01418,Green Tea,2025-07-16,2025-07-25 07:42:20,2027-07-15,AVAILABLE
P01419,Toothpaste,2026-05-12,2026-05-23 00:58:44,2027-03-11,RESERVED
P01420,Wireless Mouse,2026-05-31,2026-06-16 00:57:00,2027-06-20,AVAILABLE
P01421,Laundry Detergent,2025-09-28,2025-10-23 12:34:05,2026-04-04,EXPIRED
P01422,Laundry Detergent,2023-03-05,2023-04-03 21:28:43,2023-12-12,EXPIRED
P01423,Orange Juice,2025-02-09,2025-03-08 19:22:24,2026-03-08,EXPIRED
P01424,Wireless Mouse,2023-09-13,2023-09-28 11:59:12,2026-04-10,EXPIRED
P01425,Wireless Mouse,2024-03-29,2024-04-22 00:48:17,2026-04-30,EXPIRED
P01426,Water Bottle,2023-07-04,2023-07-31 19:40:19,2024-10-28,EXPIRED
P01427,Instant Coffee,2025-10-08,2025-10-20 01:17:31,2027-01-09,AVAILABLE
P01428,Water Bottle,2026-07-31,2026-08-13 03:55:17,2029-06-19,AVAILABLE
P01429,Laptop Stand,2026-02-04,2026-02-11 21:47:36,2027-02-28,AVAILABLE
P01430,Notebook,2023-09-20,2023-10-14 02:08:16,2025-01-28,EXPIRED
P01431,Dish Soap,2024-07-15,2024-07-22 21:01:44,2026-01-13,EXPIRED
P01432,Laundry Detergent,2025-07-18,2025-07-19 13:41:43,2025-12-01,EXPIRED
P01433,Cereal,2025-06-04,2025-07-02 13:17:07,2028-05-30,AVAILABLE
P01434,Hand Soap,2025-01-10,2025-01-27 01:56:46,2026-05-14,EXPIRED
P01435,Mechanical Keyboard,2024-07-23,2024-08-22 13:34:28,2026-05-31,EXPIRED
P01436,Wireless Mouse,2025-03-13,2025-03-20 10:05:56,2025-06-02,EXPIRED
P01437,Instant Coffee,2025-05-17,2025-05-20 07:12:10,2027-04-21,AVAILABLE
P01438,USB Cable,2026-07-06,2026-07-27 03:01:30,2029-01-05,AVAILABLE
P01439,Notebook,2026-07-06,2026-08-05 10:53:16,2027-12-24,AVAILABLE
P01440,Hand Soap,2024-05-03,2024-05-14 01:52:21,2027-05-02,AVAILABLE
P01441,USB Cable,2026-05-13,2026-06-02 14:48:06,2028-12-12,AVAILABLE
P01442,Power Bank,2023-06-25,2023-06-27 01:24:20,2023-12-05,EXPIRED
P01443,Bluetooth Speaker,2023-05-07,2023-06-06 14:03:19,2025-11-06,EXPIRED
P01444,USB Cable,2023-07-28,2023-08-19 01:35:03,2025-04-21,EXPIRED
P01445,Mineral Water,2025-04-02,2025-04-06 19:48:26,2026-08-22,EXPIRED
P01446,Ballpoint Pen,2026-09-13,2026-10-03 00:29:24,2029-05-20,AVAILABLE
P01447,Ballpoint Pen,2026-06-22,2026-06-26 10:41:43,2026-09-13,EXPIRED
P01448,Toothpaste,2025-11-25,2025-12-06 18:12:06,2026-07-23,EXPIRED
P01449,Wireless Mouse,2026-05-03,2026-05-26 02:37:50,2027-07-03,AVAILABLE
P01450,Bluetooth Speaker,2026-07-29,2026-08-15 08:22:26,2029-05-09,RESERVED
P01451,Ballpoint Pen,2025-06-29,2025-07-05 07:08:51,2025-10-27,EXPIRED
P01452,Mechanical Keyboard,2023-09-19,2023-09-29 18:27:32,2025-10-20,EXPIRED
P01453,Chocolate,2026-04-10,2026-05-09 17:49:09,2027-03-07,AVAILABLE
P01454,Chocolate,2026-05-20,2026-05-31 09:23:00,2029-05-14,AVAILABLE
P01455,Bluetooth Speaker,2023-04-28,2023-05-06 16:52:53,2023-09-16,EXPIRED
P01456,Shampoo,2024-12-05,2024-12-12 06:40:58,2026-02-20,EXPIRED
P01457,USB Cable,2024-11-30,2024-12-07 21:30:44,2027-08-14,AVAILABLE
P01458,Cereal,2026-03-30,2026-04-18 10:39:19,2028-09-02,AVAILABLE
P01459,Laptop Stand,2023-08-03,2023-08-18 01:31:14,2023-09-09,EXPIRED
P01460,Instant Coffee,2024-04-16,2024-05-01 19:13:15,2027-01-25,RESERVED
P01461,Cereal,2025-02-08,2025-02-15 12:11:52,2025-03-23,EXPIRED
P01462,Orange Juice,2023-01-21,2023-01-24 11:01:35,2023-10-13,EXPIRED
P01463,Bluetooth Speaker,2024-08-18,2024-09-02 06:40:37,2026-09-24,AVAILABLE
P01464,Wireless Mouse,2024-02-12,2024-02-19 09:11:14,2025-08-31,EXPIRED
P01465,Laptop Stand,2024-11-26,2024-12-24 17:15:11,2026-01-31,EXPIRED
P01466,Wireless Mouse,2023-12-27,2024-01-23 08:58:06,2024-03-08,EXPIRED
P01467,Bluetooth Speaker,2025-02-15,2025-03-08 03:21:59,2026-05-21,EXPIRED
P01468,Chocolate,2025-07-23,2025-07-31 11:51:23,2026-08-07,EXPIRED
P01469,Dish Soap,2026-06-30,2026-07-29 13:56:45,2026-12-10,AVAILABLE
P01470,Bluetooth Speaker,2023-09-25,2023-10-21 06:12:34,2025-12-07,EXPIRED
P01471,Orange Juice,2024-10-13,2024-11-02 13:40:15,2025-02-14,EXPIRED
P01472,Ballpoint Pen,2026-04-17,2026-04-24 17:18:50,2027-03-17,AVAILABLE
P01473,Instant Coffee,2023-04-20,2023-05-11 08:55:08,2026-03-25,EXPIRED
P01474,Notebook,2025-09-28,2025-10-05 23:05:50,2028-06-17,RESERVED
P01475,Ballpoint Pen,2023-05-13,2023-05-19 16:24:48,2026-04-19,EXPIRED
P01476,Orange Juice,2025-10-18,2025-11-04 14:11:20,2027-12-22,AVAILABLE
P01477,Hand Soap,2025-10-10,2025-10-26 08:37:25,2026-01-22,EXPIRED
P01478,Water Bottle,2024-03-25,2024-04-23 06:28:55,2025-08-17,EXPIRED
P01479,Mineral Water,2024-03-23,2024-04-02 13:56:24,2025-03-09,EXPIRED
P01480,Orange Juice,2024-06-05,2024-06-23 02:08:48,2024-12-24,EXPIRED
P01481,Chocolate,2025-06-29,2025-07-16 11:14:37,2025-10-21,EXPIRED
P01482,Toothpaste,2025-11-15,2025-12-05 10:27:28,2028-07-29,AVAILABLE
P01483,Shampoo,2025-01-22,2025-02-17 15:20:17,2027-04-15,AVAILABLE
P01484,Laptop Stand,2025-06-23,2025-07-01 08:41:04,2027-07-28,AVAILABLE
P01485,Chocolate,2025-10-24,2025-11-10 17:41:05,2027-06-12,AVAILABLE
P01486,Power Bank,2023-08-31,2023-09-03 11:02:34,2024-11-13,EXPIRED
P01487,Cereal,2024-02-07,2024-02-29 10:16:19,2025-09-21,EXPIRED
P01488,Water Bottle,2026-05-22,2026-05-27 22:47:34,2027-12-07,AVAILABLE
P01489,Chocolate,2024-07-31,2024-08-27 11:50:25,2026-12-08,AVAILABLE
P01490,Wireless Mouse,2025-08-24,2025-09-14 16:48:09,2027-12-16,AVAILABLE
P01491,Instant Coffee,2024-03-05,2024-03-21 07:33:37,2026-11-19,RESERVED
P01492,Toothpaste,2024-11-28,2024-12-24 02:20:54,2026-01-16,EXPIRED
P01493,Shampoo,2025-05-05,2025-05-12 14:28:54,2025-08-04,EXPIRED
P01494,Orange Juice,2023-10-12,2023-10-31 04:19:47,2023-11-30,EXPIRED
P01495,Hand Soap,2026-09-11,2026-10-08 11:21:14,2029-02-15,AVAILABLE
P01496,Mineral Water,2026-01-06,2026-01-16 10:37:01,2026-04-11,EXPIRED
P01497,Bluetooth Speaker,2023-11-11,2023-11-22 18:40:51,2026-02-18,EXPIRED
P01498,Mineral Water,2024-02-23,2024-03-07 02:34:24,2025-04-13,EXPIRED
P01499,Hand Soap,2023-08-11,2023-08-22 18:28:40,2025-05-25,EXPIRED
P01500,USB Cable,2023-12-18,2023-12-22 21:35:11,2024-03-22,EXPIRED
P01501,Ballpoint Pen,2025-09-27,2025-09-28 05:12:04,2027-12-26,AVAILABLE
P01502,Water Bottle,2024-04-22,2024-05-02 21:33:04,2026-12-09,AVAILABLE
P01503,Orange Juice,2025-11-27,2025-11-28 05:20:55,2028-04-16,AVAILABLE
P01504,Laptop Stand,2023-08-15,2023-08-20 17:26:30,2024-02-01,EXPIRED
P01505,Mineral Water,2024-02-27,2024-03-03 06:19:27,2026-11-25,AVAILABLE
P01506,Ballpoint Pen,2026-03-23,2026-04-02 18:12:32,2028-11-16,AVAILABLE
P01507,Water Bottle,2023-01-16,2023-01-21 14:04:52,2025-05-12,EXPIRED
P01508,Ballpoint Pen,2024-05-20,2024-06-06 10:58:36,2027-03-21,AVAILABLE
P01509,Toothpaste,2026-03-25,2026-03-27 23:05:18,2028-11-13,AVAILABLE
P01510,Chocolate,2025-03-11,2025-03-31 05:26:15,2026-04-12,EXPIRED
P01511,Ballpoint Pen,2025-06-03,2025-06-18 12:58:42,2026-07-13,EXPIRED
P01512,Notebook,2023-07-15,2023-07-28 22:02:15,2024-07-02,EXPIRED
P01513,Green Tea,2026-07-10,2026-07-28 09:42:58,2026-12-23,RESERVED
P01514,Water Bottle,2025-10-07,2025-10-21 17:07:23,2026-04-11,EXPIRED
P01515,Power Bank,2025-10-30,2025-11-24 10:26:28,2026-11-01,AVAILABLE
P01516,Water Bottle,2025-11-02,2025-11-04 14:01:04,2028-07-04,AVAILABLE
P01517,Cereal,2025-03-28,2025-04-25 06:25:02,2025-05-18,EXPIRED
P01518,Green Tea,2023-08-23,2023-09-15 04:20:42,2026-04-29,EXPIRED
P01519,Hand Soap,2025-08-02,2025-08-05 02:35:42,2027-01-10,RESERVED
P01520,Toothpaste,2023-10-15,2023-10-31 08:53:10,2024-10-28,EXPIRED
P01521,Wireless Mouse,2026-05-28,2026-06-01 05:18:07,2028-09-04,AVAILABLE
P01522,USB Cable,2023-01-23,2023-02-14 08:09:28,2025-02-24,EXPIRED
P01523,Laptop Stand,2024-03-19,2024-04-11 01:57:43,2025-07-04,EXPIRED
P01524,Toothpaste,2023-04-08,2023-05-05 20:51:33,2023-12-04,EXPIRED
P01525,Mineral Water,2024-09-23,2024-10-08 01:38:00,2025-01-30,EXPIRED
P01526,Mineral Water,2024-02-18,2024-03-19 07:23:58,2025-07-20,EXPIRED
P01527,Water Bottle,2023-07-07,2023-07-08 13:01:00,2025-06-26,EXPIRED
P01528,Water Bottle,2023-05-10,2023-05-18 03:51:53,2024-05-17,EXPIRED
P01529,Laptop Stand,2023-04-01,2023-04-15 16:06:52,2025-02-28,EXPIRED
P01530,Cereal,2026-02-25,2026-03-18 06:39:13,2028-06-13,AVAILABLE
P01531,Power Bank,2024-04-20,2024-04-27 03:22:20,2025-05-10,EXPIRED
P01532,Wireless Mouse,2025-04-03,2025-04-24 10:00:24,2026-07-12,EXPIRED
P01533,Toothpaste,2024-03-26,2024-03-29 21:52:17,2026-05-20,EXPIRED
P01534,Mechanical Keyboard,2023-05-18,2023-06-16 06:26:19,2026-04-05,EXPIRED
P01535,Power Bank,2026-01-03,2026-01-29 18:10:16,2026-08-15,EXPIRED
P01536,Ballpoint Pen,2024-10-26,2024-11-16 22:24:43,2025-08-24,EXPIRED
P01537,Cereal,2023-12-26,2024-01-16 22:20:54,2026-10-08,AVAILABLE
P01538,Cereal,2023-02-06,2023-02-26 18:28:24,2026-01-17,EXPIRED
P01539,Instant Coffee,2025-10-28,2025-11-16 22:00:14,2026-01-09,EXPIRED
P01540,Ballpoint Pen,2023-09-12,2023-09-22 07:47:27,2025-02-21,EXPIRED
P01541,Ballpoint Pen,2023-06-12,2023-06-14 04:23:31,2025-03-10,EXPIRED
P01542,Water Bottle,2023-11-07,2023-11-20 06:41:02,2025-04-07,EXPIRED
P01543,Ballpoint Pen,2025-06-27,2025-07-21 10:08:17,2027-05-08,RESERVED
P01544,Mechanical Keyboard,2025-12-02,2025-12-28 13:41:52,2027-08-14,AVAILABLE
P01545,Instant Coffee,2024-11-09,2024-11-20 07:13:34,2025-03-29,EXPIRED
P01546,Instant Coffee,2024-03-31,2024-04-20 12:33:20,2025-05-10,EXPIRED
P01547,Toothpaste,2026-07-13,2026-07-14 02:55:31,2027-01-02,AVAILABLE
P01548,Mechanical Keyboard,2026-07-23,2026-07-28 06:08:05,2027-08-12,AVAILABLE
P01549,Laundry Detergent,2024-02-23,2024-03-02 16:05:27,2026-11-05,AVAILABLE
P01550,Laptop Stand,2024-02-09,2024-02-17 13:11:38,2025-08-01,EXPIRED
P01551,Chocolate,2024-08-07,2024-08-26 14:40:12,2026-03-16,EXPIRED
P01552,Hand Soap,2023-06-13,2023-06-25 12:24:10,2026-03-03,EXPIRED
P01553,Toothpaste,2025-05-15,2025-06-01 19:47:27,2026-04-29,EXPIRED
P01554,Hand Soap,2023-02-10,2023-03-07 12:27:54,2023-08-29,EXPIRED
P01555,Chocolate,2026-05-03,2026-05-21 04:35:46,2027-05-27,AVAILABLE
P01556,Mineral Water,2025-08-07,2025-08-17 14:18:24,2028-05-17,AVAILABLE
P01557,Cereal,2023-10-07,2023-10-30 15:12:09,2024-11-28,EXPIRED
P01558,Wireless Mouse,2023-01-27,2023-02-24 16:46:46,2025-04-02,EXPIRED
P01559,Hand Soap,2025-04-08,2025-05-08 13:25:47,2027-06-11,AVAILABLE
P01560,Hand Soap,2024-09-22,2024-10-13 18:04:26,2025-01-09,EXPIRED
P01561,Power Bank,2025-02-27,2025-03-29 18:10:12,2027-09-08,AVAILABLE
P01562,Orange Juice,2025-11-09,2025-12-02 15:40:44,2028-01-02,RESERVED
P01563,Mechanical Keyboard,2026-08-26,2026-09-08 13:47:15,2028-02-03,AVAILABLE
P01564,Mechanical Keyboard,2025-01-10,2025-01-31 22:43:01,2025-12-08,EXPIRED
P01565,Green Tea,2026-05-24,2026-06-08 21:09:16,2027-11-11,AVAILABLE
P01566,Notebook,2026-09-19,2026-10-16 05:00:07,2027-04-26,RESERVED
P01567,Mineral Water,2025-03-25,2025-04-17 18:57:05,2028-03-20,AVAILABLE
P01568,Shampoo,2023-12-06,2024-01-02 13:16:44,2025-09-14,EXPIRED
P01569,Dish Soap,2025-12-27,2026-01-18 12:37:19,2028-05-17,RESERVED
P01570,USB Cable,2023-08-12,2023-09-02 18:49:51,2025-08-16,EXPIRED
P01571,Bluetooth Speaker,2024-07-04,2024-07-28 06:59:47,2026-10-27,RESERVED
P01572,Chocolate,2023-01-14,2023-01-20 15:00:06,2023-07-06,EXPIRED
P01573,Shampoo,2025-12-11,2025-12-25 20:18:46,2028-06-10,AVAILABLE
P01574,Laptop Stand,2025-02-06,2025-02-12 22:08:12,2027-11-29,AVAILABLE
P01575,Dish Soap,2023-08-14,2023-08-29 18:52:13,2024-09-27,EXPIRED
P01576,Water Bottle,2023-05-01,2023-05-25 05:51:48,2024-06-26,EXPIRED
P01577,Green Tea,2025-04-17,2025-05-02 20:58:39,2025-12-26,EXPIRED
P01578,Laptop Stand,2023-06-13,2023-06-23 02:24:07,2025-01-29,EXPIRED
P01579,USB Cable,2024-12-01,2024-12-02 18:15:30,2027-09-20,RESERVED
P01580,Power Bank,2023-01-20,2023-01-22 08:48:00,2023-05-15,EXPIRED
P01581,Power Bank,2024-03-08,2024-03-25 00:24:38,2027-03-08,AVAILABLE
P01582,Hand Soap,2025-08-27,2025-09-21 10:38:27,2027-08-16,AVAILABLE
P01583,Cereal,2024-10-07,2024-11-03 07:23:42,2027-01-31,AVAILABLE
P01584,Ballpoint Pen,2023-04-28,2023-05-10 10:51:06,2023-06-03,EXPIRED
P01585,Toothpaste,2025-04-02,2025-04-26 04:01:38,2026-01-08,EXPIRED
P01586,Dish Soap,2024-07-26,2024-08-18 07:23:28,2027-04-25,AVAILABLE
P01587,Shampoo,2026-09-14,2026-09-21 00:40:52,2028-08-03,AVAILABLE
P01588,Orange Juice,2023-04-04,2023-04-30 23:20:43,2025-10-29,EXPIRED
P01589,Instant Coffee,2026-05-27,2026-06-12 12:47:39,2026-12-09,AVAILABLE
P01590,Shampoo,2025-09-02,2025-09-24 22:57:06,2027-11-29,AVAILABLE
P01591,Ballpoint Pen,2024-02-04,2024-02-27 04:55:33,2027-01-02,AVAILABLE
P01592,Bluetooth Speaker,2025-10-16,2025-11-11 02:19:53,2028-06-28,AVAILABLE
P01593,Toothpaste,2023-08-25,2023-09-10 21:34:15,2025-02-03,EXPIRED
P01594,Water Bottle,2023-12-16,2024-01-10 21:44:05,2024-08-18,EXPIRED
P01595,Shampoo,2023-03-01,2023-03-07 10:57:24,2024-10-25,EXPIRED
P01596,Instant Coffee,2024-06-11,2024-07-03 15:57:42,2025-03-20,EXPIRED
P01597,Bluetooth Speaker,2025-12-30,2026-01-20 23:31:05,2027-12-11,AVAILABLE
P01598,Notebook,2026-05-15,2026-05-18 20:21:24,2028-08-03,RESERVED
P01599,Laundry Detergent,2025-06-13,2025-07-09 07:14:16,2026-03-06,EXPIRED
P01600,Chocolate,2023-06-29,2023-07-03 02:21:47,2024-08-17,EXPIRED
P01601,Power Bank,2026-03-19,2026-03-31 04:54:20,2028-06-04,AVAILABLE
P01602,Wireless Mouse,2024-09-28,2024-09-30 18:34:12,2026-12-31,AVAILABLE
P01603,Cereal,2025-01-17,2025-02-12 21:59:50,2025-11-01,EXPIRED
P01604,Dish Soap,2026-09-21,2026-10-11 18:14:06,2029-01-07,AVAILABLE
P01605,Laundry Detergent,2025-08-01,2025-08-12 04:52:18,2026-11-22,AVAILABLE
P01606,Toothpaste,2023-10-29,2023-11-18 09:09:47,2024-02-06,EXPIRED
P01607,Ballpoint Pen,2024-10-17,2024-10-27 16:44:07,2026-05-30,EXPIRED
P01608,Notebook,2025-09-06,2025-09-27 06:31:18,2027-11-16,AVAILABLE
P01609,Cereal,2023-11-09,2023-12-06 22:13:54,2025-03-13,EXPIRED
P01610,Mechanical Keyboard,2024-01-02,2024-01-30 15:46:25,2025-10-05,EXPIRED
P01611,Laptop Stand,2023-02-14,2023-03-04 12:21:27,2025-11-09,EXPIRED
P01612,Orange Juice,2025-03-12,2025-03-25 02:33:46,2026-11-11,AVAILABLE
P01613,Water Bottle,2026-01-27,2026-02-09 03:08:20,2026-06-16,EXPIRED
P01614,Chocolate,2025-07-26,2025-08-16 05:36:08,2028-02-15,RESERVED
P01615,Hand Soap,2024-08-19,2024-09-17 04:13:13,2025-10-23,EXPIRED
P01616,Wireless Mouse,2025-01-11,2025-02-04 18:06:43,2025-12-09,EXPIRED
P01617,Mineral Water,2025-05-24,2025-06-15 05:59:03,2026-01-05,EXPIRED
P01618,Orange Juice,2025-08-28,2025-09-03 01:07:32,2027-08-21,AVAILABLE
P01619,Shampoo,2023-11-01,2023-11-22 23:25:15,2024-02-08,EXPIRED
P01620,Power Bank,2024-05-08,2024-05-21 15:19:44,2025-05-26,EXPIRED
P01621,Mineral Water,2026-09-10,2026-09-13 14:55:52,2028-11-30,AVAILABLE
P01622,Toothpaste,2025-01-22,2025-01-23 03:07:05,2025-10-28,EXPIRED
P01623,Hand Soap,2026-08-06,2026-08-28 16:14:01,2029-05-14,AVAILABLE
P01624,Power Bank,2026-04-29,2026-05-05 12:30:41,2028-11-02,AVAILABLE
P01625,Notebook,2023-09-14,2023-09-18 10:04:45,2024-10-26,EXPIRED
P01626,Mineral Water,2023-02-10,2023-02-23 17:52:34,2025-12-06,EXPIRED
P01627,USB Cable,2025-11-28,2025-12-25 18:34:45,2026-09-08,EXPIRED
P01628,Water Bottle,2026-09-10,2026-10-09 03:11:55,2027-10-13,AVAILABLE
P01629,Laundry Detergent,2025-07-04,2025-07-30 10:07:02,2026-04-23,EXPIRED
P01630,Notebook,2024-02-27,2024-03-19 05:05:35,2025-09-04,EXPIRED
P01631,Mechanical Keyboard,2023-06-23,2023-06-27 16:19:23,2024-07-08,EXPIRED
P01632,Shampoo,2026-09-09,2026-09-10 07:19:02,2029-09-06,AVAILABLE
P01633,Laundry Detergent,2025-06-30,2025-07-05 18:31:44,2027-05-01,AVAILABLE
P01634,Orange Juice,2026-05-26,2026-06-13 16:13:44,2027-01-13,RESERVED
P01635,Mechanical Keyboard,2024-04-30,2024-05-02 06:09:19,2025-08-13,EXPIRED
P01636,Bluetooth Speaker,2026-05-18,2026-06-05 06:37:22,2028-01-06,AVAILABLE
P01637,Ballpoint Pen,2025-05-14,2025-05-17 17:16:16,2027-08-03,RESERVED
P01638,Laptop Stand,2025-03-30,2025-04-14 02:16:43,2027-09-17,RESERVED
P01639,Bluetooth Speaker,2026-01-02,2026-01-09 02:40:46,2027-08-06,RESERVED
P01640,Water Bottle,2025-02-01,2025-02-20 21:41:52,2028-01-14,AVAILABLE
P01641,Laptop Stand,2025-05-09,2025-06-05 04:20:50,2027-11-13,AVAILABLE
P01642,Wireless Mouse,2026-05-21,2026-05-29 02:17:07,2027-01-31,RESERVED
P01643,Laundry Detergent,2025-04-13,2025-04-16 10:40:05,2027-05-26,AVAILABLE
P01644,Green Tea,2023-10-27,2023-11-24 07:17:00,2024-06-13,EXPIRED
P01645,Mineral Water,2024-03-31,2024-04-13 03:50:59,2025-01-07,EXPIRED
P01646,Laptop Stand,2025-12-14,2026-01-07 09:37:52,2028-10-11,AVAILABLE
P01647,Dish Soap,2024-12-15,2025-01-07 18:55:18,2026-07-23,EXPIRED
P01648,Ballpoint Pen,2023-07-22,2023-08-20 01:10:20,2025-10-26,EXPIRED
P01649,Laptop Stand,2024-12-07,2025-01-02 23:43:50,2027-04-10,AVAILABLE
P01650,Notebook,2023-09-19,2023-09-28 00:43:32,2024-09-01,EXPIRED
P01651,Bluetooth Speaker,2023-10-20,2023-11-02 18:47:17,2024-03-06,EXPIRED
P01652,Orange Juice,2024-05-25,2024-06-16 19:26:45,2027-01-17,AVAILABLE
P01653,Toothpaste,2024-12-25,2025-01-20 14:32:18,2026-08-11,EXPIRED
P01654,Shampoo,2025-12-02,2025-12-25 07:19:40,2026-06-28,EXPIRED
P01655,Chocolate,2025-04-12,2025-05-07 10:54:05,2025-10-21,EXPIRED
P01656,USB Cable,2024-05-06,2024-05-09 05:36:03,2024-11-25,EXPIRED
P01657,Chocolate,2026-02-08,2026-03-10 15:51:55,2026-03-31,EXPIRED
P01658,Shampoo,2025-11-07,2025-12-07 23:08:30,2028-09-21,AVAILABLE
P01659,Laundry Detergent,2023-09-13,2023-09-26 00:39:12,2023-10-27,EXPIRED
P01660,Shampoo,2025-12-30,2026-01-23 11:15:47,2026-04-25,EXPIRED
P01661,Ballpoint Pen,2025-07-07,2025-07-13 21:59:56,2026-11-09,AVAILABLE
P01662,USB Cable,2025-01-21,2025-02-17 04:32:22,2025-06-04,EXPIRED
P01663,Shampoo,2025-10-11,2025-10-24 05:23:07,2027-10-03,RESERVED
P01664,Instant Coffee,2026-01-09,2026-02-06 03:18:19,2028-10-24,AVAILABLE
P01665,Green Tea,2024-03-12,2024-03-13 23:40:36,2026-06-26,EXPIRED
P01666,Water Bottle,2024-09-16,2024-10-16 20:32:52,2024-12-27,EXPIRED
P01667,Toothpaste,2026-06-19,2026-07-17 15:03:22,2026-07-31,EXPIRED
P01668,Ballpoint Pen,2025-07-31,2025-08-11 09:22:06,2025-09-09,EXPIRED
P01669,Orange Juice,2024-01-17,2024-01-30 11:00:06,2026-07-17,EXPIRED
P01670,Hand Soap,2024-02-09,2024-02-12 16:32:57,2025-01-18,EXPIRED
P01671,Shampoo,2023-09-11,2023-10-11 15:00:09,2025-03-06,EXPIRED
P01672,Instant Coffee,2025-08-21,2025-09-03 11:19:23,2028-02-14,AVAILABLE
P01673,Laundry Detergent,2024-07-05,2024-07-09 14:42:53,2027-01-20,AVAILABLE
P01674,Bluetooth Speaker,2024-12-25,2025-01-18 13:00:22,2026-03-06,EXPIRED
P01675,Power Bank,2024-01-24,2024-02-03 01:08:25,2026-07-04,EXPIRED
P01676,Cereal,2023-03-06,2023-03-12 21:12:30,2024-09-30,EXPIRED
P01677,Power Bank,2025-05-12,2025-05-28 17:31:51,2026-02-26,EXPIRED
P01678,Cereal,2025-03-29,2025-04-15 23:59:47,2027-07-03,AVAILABLE
P01679,Power Bank,2023-08-09,2023-09-04 00:08:09,2025-08-12,EXPIRED
P01680,Dish Soap,2023-01-28,2023-02-22 21:15:03,2025-01-27,EXPIRED
P01681,Shampoo,2026-05-07,2026-05-31 00:27:30,2028-01-19,AVAILABLE
P01682,Hand Soap,2023-06-19,2023-07-14 13:15:39,2024-05-26,EXPIRED
P01683,Dish Soap,2024-01-18,2024-01-26 08:49:07,2025-08-09,EXPIRED
P01684,Instant Coffee,2025-05-28,2025-06-04 15:45:50,2026-01-24,EXPIRED
P01685,Dish Soap,2026-06-05,2026-06-11 06:54:37,2027-05-05,AVAILABLE
P01686,Power Bank,2023-09-28,2023-10-11 01:17:12,2024-08-22,EXPIRED
P01687,Shampoo,2023-02-06,2023-02-26 06:05:55,2023-06-20,EXPIRED
P01688,Mineral Water,2025-04-14,2025-05-01 09:44:40,2026-08-30,EXPIRED
P01689,Instant Coffee,2024-11-19,2024-12-03 15:03:32,2027-05-12,RESERVED
P01690,Mechanical Keyboard,2024-09-15,2024-09-19 08:23:17,2026-10-03,RESERVED
P01691,Shampoo,2024-05-20,2024-05-31 01:11:02,2024-06-20,EXPIRED
P01692,Mechanical Keyboard,2026-09-14,2026-10-08 10:13:18,2029-06-06,AVAILABLE
P01693,Ballpoint Pen,2023-07-26,2023-08-09 05:16:31,2025-09-07,EXPIRED
P01694,Cereal,2024-09-15,2024-09-19 03:42:00,2025-07-08,EXPIRED
P01695,Cereal,2025-01-08,2025-02-01 11:47:49,2027-03-10,AVAILABLE
P01696,Green Tea,2024-03-06,2024-03-25 12:05:56,2024-11-08,EXPIRED
P01697,Bluetooth Speaker,2026-07-13,2026-08-06 19:07:02,2027-09-06,AVAILABLE
P01698,Toothpaste,2023-07-22,2023-07-25 17:39:21,2025-04-29,EXPIRED
P01699,Hand Soap,2024-02-18,2024-03-07 23:09:02,2024-12-05,EXPIRED
P01700,Water Bottle,2025-05-06,2025-05-24 22:16:57,2027-05-17,AVAILABLE
P01701,Toothpaste,2026-07-13,2026-08-05 03:58:27,2026-12-28,AVAILABLE
P01702,Shampoo,2025-12-08,2026-01-07 16:50:01,2026-12-14,AVAILABLE
P01703,Green Tea,2023-09-22,2023-10-02 01:36:03,2024-11-14,EXPIRED
P01704,Mineral Water,2025-10-10,2025-11-01 17:55:32,2026-04-11,EXPIRED
P01705,Laptop Stand,2025-06-15,2025-07-10 16:24:35,2027-09-22,AVAILABLE
P01706,Ballpoint Pen,2024-07-10,2024-07-17 05:00:10,2025-10-29,EXPIRED
P01707,Notebook,2023-01-19,2023-02-17 16:29:32,2024-08-01,EXPIRED
P01708,Chocolate,2024-03-27,2024-04-06 22:17:35,2024-12-25,EXPIRED
P01709,Laptop Stand,2024-04-03,2024-04-05 17:15:18,2024-07-22,EXPIRED
P01710,Bluetooth Speaker,2024-07-22,2024-08-21 04:17:55,2024-12-04,EXPIRED
P01711,Instant Coffee,2024-03-06,2024-03-24 03:00:41,2026-03-17,EXPIRED
P01712,Ballpoint Pen,2025-01-25,2025-02-05 02:45:56,2026-08-18,EXPIRED
P01713,Bluetooth Speaker,2025-04-16,2025-05-15 19:18:20,2025-09-10,EXPIRED
P01714,Wireless Mouse,2024-12-29,2025-01-06 23:17:11,2026-07-06,EXPIRED
P01715,Wireless Mouse,2026-01-05,2026-01-27 18:06:46,2028-03-27,RESERVED
P01716,Green Tea,2026-07-06,2026-07-27 19:35:13,2029-01-26,AVAILABLE
P01717,Cereal,2024-07-04,2024-07-11 18:40:51,2026-10-21,AVAILABLE
P01718,Toothpaste,2024-04-19,2024-05-13 23:27:23,2025-03-18,EXPIRED
P01719,Hand Soap,2023-07-11,2023-07-27 05:29:11,2024-08-04,EXPIRED
P01720,Water Bottle,2026-03-12,2026-03-28 23:11:41,2027-11-09,AVAILABLE
P01721,Chocolate,2023-11-30,2023-12-29 05:52:25,2025-01-17,EXPIRED
P01722,USB Cable,2023-10-21,2023-10-24 13:15:29,2026-02-21,EXPIRED
P01723,Power Bank,2025-12-14,2025-12-19 23:48:51,2026-02-06,EXPIRED
P01724,Ballpoint Pen,2023-07-24,2023-08-06 12:01:07,2023-09-19,EXPIRED
P01725,Mechanical Keyboard,2023-09-28,2023-10-06 02:17:09,2023-11-24,EXPIRED
P01726,Wireless Mouse,2023-08-06,2023-08-24 23:52:21,2024-02-26,EXPIRED
P01727,Water Bottle,2023-10-13,2023-10-29 18:57:28,2024-10-11,EXPIRED
P01728,Chocolate,2024-11-10,2024-11-26 04:15:03,2026-06-10,EXPIRED
P01729,Laundry Detergent,2023-09-10,2023-09-11 01:06:34,2025-06-08,EXPIRED
P01730,Power Bank,2025-11-13,2025-12-12 13:09:00,2027-03-17,AVAILABLE
P01731,Instant Coffee,2025-05-24,2025-06-06 04:22:41,2027-01-31,AVAILABLE
P01732,Mineral Water,2023-08-19,2023-09-04 05:07:14,2024-04-13,EXPIRED
P01733,Chocolate,2025-01-01,2025-01-04 19:21:07,2027-02-08,AVAILABLE
P01734,Mechanical Keyboard,2026-05-23,2026-05-28 05:27:33,2028-05-07,AVAILABLE
P01735,Laptop Stand,2025-05-20,2025-05-25 21:43:19,2027-01-27,AVAILABLE
P01736,Power Bank,2024-07-09,2024-08-08 15:42:23,2026-02-02,EXPIRED
P01737,USB Cable,2023-01-05,2023-02-02 04:49:41,2023-12-01,EXPIRED
P01738,Cereal,2023-10-30,2023-11-12 14:46:50,2026-08-04,EXPIRED
P01739,USB Cable,2023-08-20,2023-09-08 13:46:17,2024-07-11,EXPIRED
P01740,USB Cable,2024-10-23,2024-10-28 05:49:24,2026-11-14,AVAILABLE
P01741,Hand Soap,2025-05-18,2025-06-03 22:26:38,2027-04-30,AVAILABLE
P01742,Instant Coffee,2025-02-23,2025-03-09 17:31:34,2027-12-28,AVAILABLE
P01743,Laundry Detergent,2024-04-16,2024-04-29 02:37:45,2026-09-26,AVAILABLE
P01744,Notebook,2024-03-25,2024-04-17 02:15:23,2024-04-29,EXPIRED
P01745,Water Bottle,2023-02-05,2023-02-17 17:30:08,2023-10-18,EXPIRED
P01746,Mechanical Keyboard,2024-12-16,2024-12-28 04:18:29,2025-11-06,EXPIRED
P01747,Laundry Detergent,2025-05-12,2025-05-20 06:52:14,2025-10-03,EXPIRED
P01748,Bluetooth Speaker,2023-08-29,2023-09-21 22:09:24,2023-11-20,EXPIRED
P01749,Shampoo,2025-01-31,2025-02-02 22:06:42,2025-07-31,EXPIRED
P01750,Hand Soap,2026-05-01,2026-05-29 05:01:09,2028-06-17,AVAILABLE
P01751,USB Cable,2024-05-16,2024-05-19 00:36:53,2026-10-15,AVAILABLE
P01752,Laptop Stand,2025-08-20,2025-09-13 04:47:33,2027-05-25,AVAILABLE
P01753,Shampoo,2024-11-21,2024-12-06 20:44:00,2026-07-31,EXPIRED
P01754,Power Bank,2023-11-16,2023-11-18 20:02:38,2024-12-05,EXPIRED
P01755,Dish Soap,2023-11-25,2023-11-26 12:53:27,2026-07-12,EXPIRED
P01756,Laundry Detergent,2024-06-12,2024-07-12 18:32:19,2025-10-20,EXPIRED
P01757,Shampoo,2023-11-18,2023-11-27 02:33:24,2024-08-30,EXPIRED
P01758,Water Bottle,2025-03-31,2025-04-20 01:14:25,2026-05-11,EXPIRED
P01759,Laundry Detergent,2026-05-24,2026-06-20 02:52:44,2029-02-06,AVAILABLE
P01760,Cereal,2026-08-29,2026-09-19 12:52:24,2027-08-31,AVAILABLE
P01761,Orange Juice,2026-08-17,2026-08-31 06:17:06,2027-04-17,AVAILABLE
P01762,Orange Juice,2026-05-20,2026-06-14 10:01:15,2028-01-17,AVAILABLE
P01763,Laundry Detergent,2023-08-07,2023-08-10 06:38:00,2025-05-31,EXPIRED
P01764,Water Bottle,2026-02-03,2026-02-10 20:59:02,2027-07-10,AVAILABLE
P01765,USB Cable,2026-03-13,2026-04-01 01:36:50,2028-12-27,AVAILABLE
P01766,Mechanical Keyboard,2024-10-06,2024-10-09 09:00:22,2026-06-06,EXPIRED
P01767,Mineral Water,2025-10-21,2025-10-28 10:48:25,2027-11-18,AVAILABLE
P01768,Power Bank,2024-11-09,2024-11-23 23:32:06,2027-10-03,AVAILABLE
P01769,Wireless Mouse,2026-04-17,2026-05-13 12:30:37,2026-08-01,EXPIRED
P01770,Chocolate,2023-11-27,2023-12-02 21:29:05,2024-07-05,EXPIRED
P01771,Instant Coffee,2024-03-17,2024-04-12 21:41:09,2025-03-11,EXPIRED
P01772,Dish Soap,2025-11-23,2025-12-17 19:41:33,2027-11-22,AVAILABLE
P01773,Bluetooth Speaker,2024-11-25,2024-12-05 11:39:54,2027-05-26,AVAILABLE
P01774,Mineral Water,2024-05-04,2024-05-11 19:38:04,2025-04-11,EXPIRED
P01775,Notebook,2026-07-09,2026-07-25 03:51:00,2027-05-27,AVAILABLE
P01776,Laundry Detergent,2023-06-28,2023-07-14 03:29:20,2024-07-09,EXPIRED
P01777,Chocolate,2023-11-27,2023-11-30 08:36:23,2025-12-19,EXPIRED
P01778,USB Cable,2023-05-26,2023-06-01 22:49:29,2024-12-04,EXPIRED
P01779,Hand Soap,2024-06-08,2024-07-03 14:41:59,2025-04-21,EXPIRED
P01780,Power Bank,2026-03-10,2026-03-26 01:23:54,2027-11-17,AVAILABLE
P01781,Shampoo,2026-06-23,2026-07-23 21:08:28,2028-08-12,AVAILABLE
P01782,Ballpoint Pen,2024-10-04,2024-10-16 02:43:26,2027-09-05,AVAILABLE
P01783,Green Tea,2023-03-29,2023-04-18 20:03:47,2024-09-10,EXPIRED
P01784,Laundry Detergent,2023-01-17,2023-01-22 03:18:24,2024-01-06,EXPIRED
P01785,Notebook,2025-03-28,2025-04-25 02:14:24,2027-11-29,RESERVED
P01786,USB Cable,2024-12-15,2024-12-30 14:41:34,2027-08-24,AVAILABLE
P01787,USB Cable,2024-01-05,2024-01-29 03:58:59,2026-04-26,EXPIRED
P01788,Shampoo,2024-02-13,2024-02-26 10:04:20,2026-02-13,EXPIRED
P01789,Ballpoint Pen,2025-09-22,2025-09-29 22:47:30,2026-06-13,EXPIRED
P01790,Green Tea,2025-07-19,2025-07-21 17:09:30,2026-06-12,EXPIRED
P01791,Water Bottle,2024-10-17,2024-11-05 01:38:49,2027-01-03,AVAILABLE
P01792,Orange Juice,2025-05-30,2025-06-15 06:03:13,2025-08-14,EXPIRED
P01793,Shampoo,2024-07-06,2024-07-15 20:11:05,2025-05-22,EXPIRED
P01794,USB Cable,2024-07-14,2024-07-27 02:19:55,2027-02-23,AVAILABLE
P01795,Dish Soap,2024-03-14,2024-04-05 08:11:53,2024-08-01,EXPIRED
P01796,USB Cable,2025-05-27,2025-06-07 09:10:12,2027-06-11,AVAILABLE
P01797,Hand Soap,2025-08-31,2025-09-18 22:50:10,2028-03-12,AVAILABLE
P01798,Notebook,2025-03-07,2025-04-03 00:35:50,2026-05-17,EXPIRED
P01799,USB Cable,2026-03-30,2026-04-19 04:20:42,2028-02-06,AVAILABLE
P01800,Bluetooth Speaker,2025-07-28,2025-08-27 04:31:55,2027-06-06,AVAILABLE
P01801,Shampoo,2024-06-22,2024-07-09 23:00:28,2025-04-05,EXPIRED
P01802,Toothpaste,2026-08-01,2026-08-20 03:02:13,2027-09-19,AVAILABLE
P01803,Laundry Detergent,2023-12-07,2023-12-27 12:13:22,2025-03-10,EXPIRED
P01804,Water Bottle,2026-03-27,2026-03-28 11:52:23,2026-05-29,EXPIRED
P01805,Chocolate,2024-09-20,2024-10-07 03:44:31,2027-05-11,AVAILABLE
P01806,Shampoo,2024-12-21,2025-01-02 17:27:33,2026-12-08,AVAILABLE
P01807,Laptop Stand,2025-07-28,2025-08-11 11:11:35,2026-07-26,EXPIRED
P01808,Laundry Detergent,2025-06-11,2025-06-24 09:54:42,2027-12-23,RESERVED
P01809,Chocolate,2026-06-24,2026-07-24 03:05:51,2027-02-21,AVAILABLE
P01810,Wireless Mouse,2026-06-16,2026-07-16 13:06:31,2027-02-05,RESERVED
P01811,Toothpaste,2025-10-27,2025-11-15 01:42:18,2028-04-05,AVAILABLE
P01812,Instant Coffee,2025-07-20,2025-08-07 12:07:12,2028-04-06,AVAILABLE
P01813,Orange Juice,2025-08-08,2025-08-22 20:45:50,2027-11-26,AVAILABLE
P01814,Orange Juice,2024-04-03,2024-04-20 09:17:56,2025-10-26,EXPIRED
P01815,Chocolate,2025-04-29,2025-05-21 07:00:57,2027-09-25,AVAILABLE
P01816,Wireless Mouse,2023-02-23,2023-02-28 11:53:52,2026-02-19,EXPIRED
P01817,Ballpoint Pen,2024-10-12,2024-10-23 05:36:27,2026-03-21,EXPIRED
P01818,Laundry Detergent,2025-03-12,2025-03-19 19:41:25,2025-07-25,EXPIRED
P01819,Notebook,2025-05-28,2025-06-02 20:24:46,2026-06-17,EXPIRED
P01820,Mineral Water,2024-10-13,2024-10-30 05:27:14,2025-06-03,EXPIRED
P01821,Bluetooth Speaker,2025-10-29,2025-11-02 20:36:50,2028-02-08,RESERVED
P01822,Green Tea,2026-02-06,2026-02-12 10:13:05,2026-09-15,EXPIRED
P01823,Wireless Mouse,2025-06-14,2025-06-15 20:49:37,2026-05-23,EXPIRED
P01824,Wireless Mouse,2026-06-19,2026-07-12 17:58:05,2028-09-09,AVAILABLE
P01825,Bluetooth Speaker,2025-07-18,2025-08-08 20:49:22,2026-09-03,EXPIRED
P01826,Instant Coffee,2026-08-29,2026-09-27 07:19:12,2028-02-12,RESERVED
P01827,Mineral Water,2024-06-17,2024-07-09 01:17:05,2025-05-07,EXPIRED
P01828,Wireless Mouse,2026-07-31,2026-08-19 03:07:29,2027-05-08,AVAILABLE
P01829,Bluetooth Speaker,2024-08-01,2024-08-10 05:05:04,2027-06-09,AVAILABLE
P01830,Water Bottle,2025-03-11,2025-03-15 15:50:01,2027-08-05,AVAILABLE
P01831,Hand Soap,2026-07-05,2026-07-08 06:43:26,2028-09-10,AVAILABLE
P01832,Toothpaste,2023-11-26,2023-12-02 09:00:57,2024-12-25,EXPIRED
P01833,Notebook,2026-07-16,2026-08-05 01:07:21,2028-07-25,AVAILABLE
P01834,Ballpoint Pen,2026-05-13,2026-05-31 00:10:33,2027-11-15,AVAILABLE
P01835,Water Bottle,2026-05-26,2026-05-27 17:01:33,2029-05-08,AVAILABLE
P01836,Water Bottle,2025-01-17,2025-01-21 06:01:20,2025-11-26,EXPIRED
P01837,Instant Coffee,2023-06-20,2023-07-14 22:08:17,2025-01-30,EXPIRED
P01838,Hand Soap,2024-02-13,2024-02-16 11:45:35,2025-11-06,EXPIRED
P01839,Toothpaste,2025-10-12,2025-10-26 16:25:59,2026-12-11,AVAILABLE
P01840,Laptop Stand,2024-02-10,2024-03-03 22:17:25,2024-10-07,EXPIRED
P01841,Notebook,2026-04-18,2026-04-28 05:50:13,2029-02-10,AVAILABLE
P01842,Toothpaste,2025-05-17,2025-06-06 23:17:52,2027-03-30,AVAILABLE
P01843,Power Bank,2026-05-28,2026-06-10 13:12:36,2028-06-18,AVAILABLE
P01844,USB Cable,2025-07-09,2025-07-15 01:32:16,2027-11-25,AVAILABLE
P01845,Ballpoint Pen,2026-08-14,2026-08-31 11:25:01,2027-05-05,AVAILABLE
P01846,Cereal,2025-05-29,2025-06-24 05:22:15,2025-11-23,EXPIRED
P01847,Water Bottle,2026-09-07,2026-09-19 11:09:49,2028-07-11,AVAILABLE
P01848,Wireless Mouse,2024-10-14,2024-11-06 00:45:21,2026-01-24,EXPIRED
P01849,Toothpaste,2026-03-08,2026-04-03 10:57:14,2026-08-20,EXPIRED
P01850,Mineral Water,2024-08-03,2024-08-23 06:33:13,2025-03-31,EXPIRED
P01851,Laundry Detergent,2024-07-23,2024-08-15 19:56:51,2025-01-22,EXPIRED
P01852,Notebook,2026-08-16,2026-08-30 21:48:27,2028-06-26,AVAILABLE
P01853,Water Bottle,2024-02-08,2024-02-10 15:31:02,2025-09-22,EXPIRED
P01854,Shampoo,2023-09-02,2023-09-06 14:10:38,2025-08-01,EXPIRED
P01855,Notebook,2025-02-23,2025-03-03 18:01:18,2025-04-30,EXPIRED
P01856,Notebook,2023-01-10,2023-02-09 14:18:08,2025-05-13,EXPIRED
P01857,Mechanical Keyboard,2025-12-28,2026-01-27 16:02:21,2026-03-01,EXPIRED
P01858,USB Cable,2025-08-20,2025-08-24 13:46:19,2027-04-04,AVAILABLE
P01859,Orange Juice,2025-03-30,2025-04-02 17:49:20,2028-02-04,AVAILABLE
P01860,Mechanical Keyboard,2025-03-16,2025-03-26 22:29:31,2025-12-19,EXPIRED
P01861,Orange Juice,2026-06-19,2026-06-23 00:14:03,2026-08-09,EXPIRED
P01862,Bluetooth Speaker,2023-08-04,2023-08-15 22:46:27,2024-12-09,EXPIRED
P01863,Laptop Stand,2023-06-30,2023-07-07 23:57:51,2025-08-23,EXPIRED
P01864,Laundry Detergent,2023-01-11,2023-02-10 22:55:03,2024-07-25,EXPIRED
P01865,Mechanical Keyboard,2023-08-15,2023-08-17 09:04:16,2025-07-19,EXPIRED
P01866,Ballpoint Pen,2025-02-16,2025-02-25 22:10:59,2025-12-25,EXPIRED
P01867,Notebook,2025-08-01,2025-08-05 04:20:55,2026-06-30,EXPIRED
P01868,Notebook,2025-04-26,2025-05-17 14:42:07,2026-09-30,AVAILABLE
P01869,Hand Soap,2026-09-16,2026-10-02 08:20:49,2029-06-30,AVAILABLE
P01870,USB Cable,2024-06-24,2024-07-19 09:45:05,2026-07-16,EXPIRED
P01871,Laundry Detergent,2024-05-11,2024-06-02 20:47:54,2025-08-05,EXPIRED
P01872,USB Cable,2023-06-03,2023-06-19 01:13:00,2024-09-17,EXPIRED
P01873,Toothpaste,2025-02-27,2025-03-06 15:06:21,2026-05-30,EXPIRED
P01874,Notebook,2025-12-16,2026-01-02 10:48:19,2028-08-01,RESERVED
P01875,Bluetooth Speaker,2025-10-30,2025-11-03 04:14:58,2027-12-13,AVAILABLE
P01876,Toothpaste,2026-06-24,2026-07-11 06:49:25,2027-08-12,AVAILABLE
P01877,Green Tea,2025-05-16,2025-05-22 21:19:55,2026-01-10,EXPIRED
P01878,Bluetooth Speaker,2025-08-02,2025-08-31 03:47:07,2027-01-06,AVAILABLE
P01879,Toothpaste,2024-01-19,2024-01-28 00:30:42,2026-09-02,EXPIRED
P01880,Orange Juice,2024-06-27,2024-07-01 17:05:22,2026-12-27,AVAILABLE
P01881,Bluetooth Speaker,2025-03-23,2025-04-09 13:32:21,2025-08-08,EXPIRED
P01882,Toothpaste,2024-07-12,2024-07-24 03:03:41,2026-10-03,RESERVED
P01883,Shampoo,2024-02-02,2024-02-12 06:25:11,2025-09-19,EXPIRED
P01884,Dish Soap,2026-05-29,2026-06-14 16:27:06,2026-10-08,RESERVED
P01885,Instant Coffee,2023-08-16,2023-08-24 03:03:57,2023-11-27,EXPIRED
P01886,Notebook,2024-06-29,2024-07-07 02:34:06,2026-02-13,EXPIRED
P01887,Instant Coffee,2026-06-24,2026-07-17 22:25:25,2028-10-05,AVAILABLE
P01888,Instant Coffee,2024-07-03,2024-07-19 06:10:50,2025-09-22,EXPIRED
P01889,Orange Juice,2026-07-28,2026-08-07 22:38:18,2026-09-02,EXPIRED
P01890,Power Bank,2024-01-15,2024-02-01 22:39:30,2025-10-31,EXPIRED
P01891,Instant Coffee,2023-12-15,2023-12-26 21:04:10,2025-01-31,EXPIRED
P01892,Cereal,2025-07-21,2025-07-26 00:42:30,2028-01-13,AVAILABLE
P01893,Wireless Mouse,2023-12-30,2024-01-08 02:10:43,2024-02-17,EXPIRED
P01894,Ballpoint Pen,2024-12-22,2025-01-07 18:00:31,2026-06-11,EXPIRED
P01895,Hand Soap,2023-08-13,2023-08-15 00:36:43,2025-04-29,EXPIRED
P01896,Instant Coffee,2025-12-11,2025-12-28 05:48:09,2026-07-21,EXPIRED
P01897,Power Bank,2024-09-15,2024-10-11 23:21:28,2027-07-16,RESERVED
P01898,Orange Juice,2026-01-22,2026-01-31 21:31:16,2028-03-08,AVAILABLE
P01899,Wireless Mouse,2024-12-23,2025-01-02 22:21:57,2027-12-18,RESERVED
P01900,Ballpoint Pen,2025-09-18,2025-09-22 08:43:33,2025-11-29,EXPIRED
P01901,Bluetooth Speaker,2025-04-20,2025-05-18 07:42:09,2027-05-21,AVAILABLE
P01902,Wireless Mouse,2024-05-15,2024-06-03 23:44:27,2026-06-20,EXPIRED
P01903,Water Bottle,2023-07-02,2023-07-09 12:40:06,2025-02-11,EXPIRED
P01904,Laundry Detergent,2025-07-09,2025-08-07 16:11:16,2027-07-23,AVAILABLE
P01905,Mineral Water,2026-04-21,2026-05-05 08:19:12,2026-08-13,EXPIRED
P01906,Notebook,2025-12-01,2025-12-24 10:53:39,2026-09-08,EXPIRED
P01907,Shampoo,2025-07-20,2025-08-08 11:18:07,2025-09-05,EXPIRED
P01908,Hand Soap,2023-10-29,2023-11-13 21:09:33,2025-07-13,EXPIRED
P01909,Ballpoint Pen,2026-02-17,2026-03-11 05:19:31,2027-10-30,AVAILABLE
P01910,Chocolate,2023-02-01,2023-02-16 01:13:18,2023-11-10,EXPIRED
P01911,Mechanical Keyboard,2025-09-27,2025-10-07 00:27:22,2025-10-28,EXPIRED
P01912,Mechanical Keyboard,2024-05-29,2024-06-03 11:56:18,2027-04-22,RESERVED
P01913,Laundry Detergent,2023-11-14,2023-11-17 22:17:09,2025-01-19,EXPIRED
P01914,Shampoo,2026-04-13,2026-05-13 02:18:14,2026-07-17,EXPIRED
P01915,Hand Soap,2024-12-27,2025-01-04 21:40:24,2027-06-10,AVAILABLE
P01916,Power Bank,2024-06-19,2024-07-19 09:38:19,2025-07-08,EXPIRED
P01917,Notebook,2025-06-11,2025-07-03 10:51:37,2026-04-22,EXPIRED
P01918,Water Bottle,2024-05-27,2024-06-01 13:35:12,2026-03-04,EXPIRED
P01919,Chocolate,2023-06-25,2023-07-05 18:59:40,2026-02-23,EXPIRED
P01920,Laundry Detergent,2024-01-11,2024-01-24 13:06:08,2026-08-03,EXPIRED
P01921,Cereal,2025-10-28,2025-11-27 21:45:22,2028-07-13,AVAILABLE
P01922,Shampoo,2025-08-13,2025-08-27 13:29:01,2025-11-05,EXPIRED
P01923,Shampoo,2023-07-01,2023-07-26 04:39:58,2025-04-10,EXPIRED
P01924,Instant Coffee,2026-04-03,2026-04-20 11:08:39,2027-12-24,AVAILABLE
P01925,Mineral Water,2023-09-15,2023-09-28 21:00:29,2026-09-09,EXPIRED
P01926,Toothpaste,2023-04-22,2023-04-25 01:17:53,2023-12-27,EXPIRED
P01927,Cereal,2026-05-02,2026-05-06 09:36:30,2028-04-09,AVAILABLE
P01928,Power Bank,2026-04-12,2026-05-04 16:47:45,2026-08-28,EXPIRED
P01929,Water Bottle,2025-11-23,2025-11-28 17:47:31,2026-09-28,AVAILABLE
P01930,Bluetooth Speaker,2024-09-08,2024-09-29 09:46:59,2024-10-21,EXPIRED
P01931,Hand Soap,2026-07-01,2026-07-24 06:07:04,2026-07-31,EXPIRED
P01932,Bluetooth Speaker,2026-05-21,2026-06-19 03:33:06,2027-11-08,AVAILABLE
P01933,Power Bank,2025-08-28,2025-08-29 16:28:25,2026-01-18,EXPIRED
P01934,Power Bank,2024-09-06,2024-09-19 15:11:52,2026-01-30,EXPIRED
P01935,Laundry Detergent,2024-06-17,2024-07-14 19:43:28,2025-03-26,EXPIRED
P01936,Shampoo,2023-10-27,2023-11-17 00:11:09,2025-04-01,EXPIRED
P01937,Laptop Stand,2025-11-13,2025-12-07 22:34:12,2028-08-14,AVAILABLE
P01938,Chocolate,2024-08-15,2024-09-06 03:37:31,2026-10-06,RESERVED
P01939,Green Tea,2025-03-12,2025-03-25 22:51:06,2027-11-17,AVAILABLE
P01940,Shampoo,2023-10-31,2023-11-01 09:29:07,2026-02-04,EXPIRED
P01941,Wireless Mouse,2026-04-03,2026-04-13 01:41:41,2028-10-29,AVAILABLE
P01942,Orange Juice,2023-10-13,2023-10-28 23:29:17,2023-11-30,EXPIRED
P01943,Laptop Stand,2025-01-02,2025-01-19 16:13:22,2027-04-11,AVAILABLE
P01944,USB Cable,2023-12-24,2024-01-14 04:22:41,2025-12-17,EXPIRED
P01945,Toothpaste,2023-10-14,2023-10-23 21:19:59,2026-01-27,EXPIRED
P01946,USB Cable,2026-08-14,2026-08-30 12:30:38,2027-09-17,AVAILABLE
P01947,Dish Soap,2026-09-11,2026-09-28 08:08:44,2028-08-04,AVAILABLE
P01948,Notebook,2024-12-13,2025-01-01 19:53:25,2025-05-30,EXPIRED
P01949,Mechanical Keyboard,2023-03-02,2023-03-30 23:10:14,2023-10-15,EXPIRED
P01950,Power Bank,2025-10-19,2025-11-18 21:30:20,2027-03-07,RESERVED
P01951,Instant Coffee,2023-08-04,2023-09-02 05:46:57,2025-10-28,EXPIRED
P01952,Shampoo,2023-05-12,2023-05-14 19:16:07,2023-08-26,EXPIRED
P01953,USB Cable,2025-06-23,2025-07-18 11:38:40,2025-09-21,EXPIRED
P01954,Laptop Stand,2024-10-19,2024-10-23 22:28:24,2025-08-17,EXPIRED
P01955,Notebook,2026-02-13,2026-02-20 06:16:31,2028-08-27,RESERVED
P01956,Chocolate,2024-04-06,2024-04-13 23:10:27,2025-06-03,EXPIRED
P01957,USB Cable,2026-04-07,2026-04-08 20:42:06,2027-06-27,AVAILABLE
P01958,Bluetooth Speaker,2023-01-11,2023-01-23 13:36:34,2023-07-07,EXPIRED
P01959,Cereal,2024-01-15,2024-02-06 23:58:46,2026-11-26,AVAILABLE
P01960,Water Bottle,2026-03-14,2026-04-10 15:32:22,2028-04-12,AVAILABLE
P01961,Laundry Detergent,2023-10-10,2023-11-05 02:28:27,2025-12-18,EXPIRED
P01962,USB Cable,2026-03-11,2026-03-14 04:50:33,2027-12-11,AVAILABLE
P01963,Power Bank,2025-10-18,2025-10-26 01:38:34,2027-09-25,AVAILABLE
P01964,Instant Coffee,2024-08-16,2024-09-15 08:24:45,2026-09-17,EXPIRED
P01965,USB Cable,2023-11-20,2023-11-30 02:34:36,2025-04-27,EXPIRED
P01966,Dish Soap,2026-06-05,2026-06-22 09:25:39,2026-10-29,AVAILABLE
P01967,Power Bank,2026-04-08,2026-04-24 08:41:01,2026-07-13,EXPIRED
P01968,Cereal,2025-05-13,2025-05-22 06:21:56,2025-10-11,EXPIRED
P01969,Bluetooth Speaker,2024-02-23,2024-03-12 23:21:59,2024-07-29,EXPIRED
P01970,Instant Coffee,2025-10-07,2025-10-10 18:57:39,2026-01-17,EXPIRED
P01971,Orange Juice,2023-05-25,2023-06-08 19:47:39,2023-12-06,EXPIRED
P01972,Laundry Detergent,2025-09-07,2025-09-12 08:46:02,2026-05-08,EXPIRED
P01973,Mechanical Keyboard,2025-10-14,2025-10-31 07:41:22,2028-04-14,AVAILABLE
P01974,Chocolate,2024-04-11,2024-04-12 01:01:49,2025-06-16,EXPIRED
P01975,Laundry Detergent,2026-05-30,2026-06-27 12:43:43,2026-08-05,EXPIRED
P01976,Laundry Detergent,2025-09-14,2025-09-16 12:49:24,2026-06-27,EXPIRED
P01977,Shampoo,2025-05-24,2025-06-11 04:07:28,2026-02-19,EXPIRED
P01978,Ballpoint Pen,2025-01-23,2025-02-04 06:21:27,2025-06-20,EXPIRED
P01979,Instant Coffee,2024-04-20,2024-04-23 18:00:14,2026-09-12,EXPIRED
P01980,Laundry Detergent,2026-03-09,2026-03-11 00:55:46,2027-09-01,AVAILABLE
P01981,USB Cable,2023-04-27,2023-05-02 14:11:18,2023-08-24,EXPIRED
P01982,Cereal,2024-12-17,2025-01-06 20:56:15,2026-09-06,EXPIRED
P01983,Bluetooth Speaker,2026-05-26,2026-06-08 15:42:07,2026-11-29,AVAILABLE
P01984,Green Tea,2026-01-18,2026-01-25 15:45:47,2028-02-18,AVAILABLE
P01985,Toothpaste,2024-09-11,2024-09-23 17:18:55,2026-02-23,EXPIRED
P01986,Dish Soap,2024-07-01,2024-07-12 22:34:32,2025-03-01,EXPIRED
P01987,Mechanical Keyboard,2024-12-10,2025-01-08 13:45:39,2027-10-01,AVAILABLE
P01988,USB Cable,2024-02-21,2024-03-22 04:53:33,2025-07-07,EXPIRED
P01989,Chocolate,2026-02-06,2026-02-13 03:23:46,2026-12-23,AVAILABLE
P01990,Instant Coffee,2025-06-20,2025-07-11 14:07:01,2028-05-06,AVAILABLE
P01991,Green Tea,2024-07-23,2024-08-11 12:19:52,2025-02-11,EXPIRED
P01992,Mechanical Keyboard,2024-07-25,2024-08-22 19:24:31,2024-10-01,EXPIRED
P01993,Mineral Water,2025-02-26,2025-03-13 01:14:13,2027-05-13,AVAILABLE
P01994,Shampoo,2025-12-26,2025-12-28 21:19:02,2028-01-07,AVAILABLE
P01995,Ballpoint Pen,2024-11-19,2024-12-19 08:51:48,2026-03-07,EXPIRED
P01996,Wireless Mouse,2024-11-29,2024-12-23 19:27:55,2027-05-23,RESERVED
P01997,Mechanical Keyboard,2023-08-12,2023-08-30 12:46:59,2025-04-21,EXPIRED
P01998,Laundry Detergent,2025-08-07,2025-08-21 18:46:36,2028-08-03,AVAILABLE
P01999,Laptop Stand,2025-02-19,2025-03-06 23:59:15,2025-12-16,EXPIRED
P02000,Wireless Mouse,2024-07-28,2024-08-23 21:17:05,2026-01-20,EXPIRED
P02001,Laundry Detergent,2024-08-28,2024-09-08 18:25:02,2026-04-11,EXPIRED
P02002,Orange Juice,2024-07-04,2024-07-26 08:50:41,2024-08-28,EXPIRED
P02003,Power Bank,2024-09-20,2024-10-09 21:20:53,2026-04-14,EXPIRED
P02004,Laptop Stand,2025-06-27,2025-07-12 00:28:00,2028-03-08,AVAILABLE
P02005,Orange Juice,2025-09-10,2025-10-01 17:13:26,2026-02-06,EXPIRED
P02006,Notebook,2023-06-12,2023-06-21 19:35:20,2023-11-20,EXPIRED
P02007,Toothpaste,2024-01-04,2024-01-13 08:16:55,2026-11-12,AVAILABLE
P02008,Instant Coffee,2026-07-14,2026-07-20 04:55:39,2026-11-22,AVAILABLE
P02009,Power Bank,2026-09-02,2026-09-04 05:43:32,2029-03-21,AVAILABLE
P02010,Cereal,2023-03-27,2023-04-14 22:14:03,2024-10-07,EXPIRED
P02011,Green Tea,2023-02-03,2023-02-25 11:34:45,2023-06-04,EXPIRED
P02012,Ballpoint Pen,2024-04-25,2024-05-07 03:04:32,2026-11-19,AVAILABLE
P02013,Dish Soap,2023-06-08,2023-06-16 06:20:36,2025-08-06,EXPIRED
P02014,Shampoo,2023-05-27,2023-06-17 13:56:18,2024-04-14,EXPIRED
P02015,Wireless Mouse,2024-10-30,2024-11-19 11:21:26,2027-01-05,AVAILABLE
P02016,Chocolate,2026-06-27,2026-06-28 05:23:02,2028-03-13,AVAILABLE
P02017,Notebook,2023-02-22,2023-02-26 19:13:51,2024-12-24,EXPIRED
P02018,Dish Soap,2025-11-06,2025-12-02 18:45:22,2027-02-19,AVAILABLE
P02019,Notebook,2023-03-08,2023-03-30 23:09:24,2023-09-14,EXPIRED
P02020,USB Cable,2024-04-04,2024-04-23 16:36:40,2026-09-07,EXPIRED
P02021,Laundry Detergent,2023-09-06,2023-10-04 16:51:03,2026-05-30,EXPIRED
P02022,Dish Soap,2025-12-01,2025-12-16 10:17:12,2027-08-23,AVAILABLE
P02023,Cereal,2024-05-12,2024-06-07 11:14:29,2026-03-17,EXPIRED
P02024,Power Bank,2024-05-08,2024-05-23 23:56:26,2026-06-18,EXPIRED
P02025,USB Cable,2024-12-21,2025-01-08 16:04:58,2027-01-31,RESERVED
P02026,Hand Soap,2026-05-24,2026-06-01 14:50:26,2027-10-06,AVAILABLE
P02027,Bluetooth Speaker,2026-01-06,2026-01-14 13:43:37,2026-11-14,AVAILABLE
P02028,Green Tea,2024-08-10,2024-08-21 10:07:05,2026-12-24,AVAILABLE
P02029,Dish Soap,2023-10-31,2023-11-19 15:40:56,2025-01-08,EXPIRED
P02030,Laptop Stand,2025-07-18,2025-07-19 05:07:26,2027-02-07,AVAILABLE
P02031,Hand Soap,2023-07-26,2023-07-31 01:53:27,2023-10-13,EXPIRED
P02032,Laptop Stand,2023-05-30,2023-06-04 16:55:33,2025-08-31,EXPIRED
P02033,Shampoo,2024-12-26,2024-12-31 12:44:35,2026-06-03,EXPIRED
P02034,Chocolate,2023-09-01,2023-09-12 10:37:38,2024-05-08,EXPIRED
P02035,Mechanical Keyboard,2023-06-01,2023-06-25 11:28:58,2025-10-15,EXPIRED
P02036,Toothpaste,2025-06-11,2025-06-21 15:44:08,2026-07-21,EXPIRED
P02037,Notebook,2025-11-09,2025-11-12 04:57:00,2028-01-05,RESERVED
P02038,Toothpaste,2025-02-15,2025-02-26 14:11:32,2026-10-10,AVAILABLE
P02039,Instant Coffee,2024-08-31,2024-09-16 10:03:36,2027-08-26,AVAILABLE
P02040,Notebook,2025-11-06,2025-12-04 13:18:20,2028-01-31,AVAILABLE
P02041,Laptop Stand,2023-10-21,2023-10-23 23:56:46,2025-01-24,EXPIRED
P02042,Shampoo,2025-11-29,2025-12-08 18:56:39,2027-10-03,AVAILABLE
P02043,Orange Juice,2024-08-06,2024-08-12 03:18:17,2027-05-29,AVAILABLE
P02044,Instant Coffee,2023-12-13,2023-12-23 08:38:48,2024-08-16,EXPIRED
P02045,Instant Coffee,2024-07-24,2024-07-29 03:13:35,2027-06-30,AVAILABLE
P02046,Wireless Mouse,2026-05-10,2026-06-08 01:57:34,2027-07-13,AVAILABLE
P02047,Hand Soap,2023-02-22,2023-03-06 06:18:36,2025-08-13,EXPIRED
P02048,Toothpaste,2025-12-02,2025-12-07 14:18:58,2026-08-13,EXPIRED
P02049,Power Bank,2025-06-29,2025-07-28 13:31:16,2026-01-22,EXPIRED
P02050,Bluetooth Speaker,2024-07-24,2024-08-17 21:07:22,2025-01-31,EXPIRED
P02051,Instant Coffee,2023-06-02,2023-06-13 05:32:21,2025-01-17,EXPIRED
P02052,Toothpaste,2026-07-15,2026-08-08 16:43:49,2027-01-12,RESERVED
P02053,Cereal,2023-03-20,2023-04-03 03:59:45,2025-01-28,EXPIRED
P02054,Water Bottle,2026-02-17,2026-03-11 20:02:40,2026-04-04,EXPIRED
P02055,Instant Coffee,2023-10-08,2023-10-27 12:55:14,2024-12-11,EXPIRED
P02056,Green Tea,2025-08-20,2025-08-25 15:52:11,2028-07-02,AVAILABLE
P02057,Bluetooth Speaker,2024-02-11,2024-03-03 02:33:54,2025-05-24,EXPIRED
P02058,Wireless Mouse,2025-06-08,2025-06-11 15:35:39,2026-09-08,EXPIRED
P02059,Laptop Stand,2023-03-21,2023-04-04 22:16:39,2025-06-06,EXPIRED
P02060,Notebook,2024-04-25,2024-05-16 11:30:33,2025-05-28,EXPIRED
P02061,Chocolate,2024-04-19,2024-05-18 09:42:31,2027-02-16,RESERVED
P02062,Mineral Water,2026-05-09,2026-05-21 17:30:18,2026-12-22,AVAILABLE
P02063,Power Bank,2024-08-11,2024-08-25 14:20:15,2027-01-28,AVAILABLE
P02064,Laptop Stand,2025-08-09,2025-08-20 21:07:22,2027-12-02,RESERVED
P02065,Bluetooth Speaker,2025-09-17,2025-10-14 15:38:26,2027-02-09,AVAILABLE
P02066,Chocolate,2024-07-02,2024-07-19 06:56:54,2026-11-16,AVAILABLE
P02067,Laundry Detergent,2024-10-23,2024-11-01 21:20:26,2027-02-01,AVAILABLE
P02068,Shampoo,2025-03-27,2025-04-05 01:17:31,2026-07-18,EXPIRED
P02069,Cereal,2026-07-27,2026-08-23 01:19:28,2028-12-12,AVAILABLE
P02070,Notebook,2023-12-08,2023-12-26 06:49:40,2024-08-19,EXPIRED
P02071,Ballpoint Pen,2026-06-04,2026-06-15 04:38:34,2026-08-13,EXPIRED
P02072,Wireless Mouse,2025-02-15,2025-02-18 22:21:58,2027-03-09,AVAILABLE
P02073,USB Cable,2026-09-03,2026-09-05 16:13:23,2027-11-13,AVAILABLE
P02074,Laundry Detergent,2025-03-21,2025-04-18 22:14:18,2026-03-16,EXPIRED
P02075,Orange Juice,2024-11-09,2024-11-23 06:35:46,2026-05-02,EXPIRED
P02076,Wireless Mouse,2023-03-15,2023-04-12 00:48:33,2023-11-09,EXPIRED
P02077,Dish Soap,2025-03-25,2025-04-20 15:02:10,2026-11-24,AVAILABLE
P02078,Wireless Mouse,2024-04-16,2024-05-07 22:15:02,2025-11-24,EXPIRED
P02079,Power Bank,2025-02-12,2025-03-05 12:08:52,2026-09-17,EXPIRED
P02080,USB Cable,2023-06-06,2023-06-09 16:46:45,2025-11-02,EXPIRED
P02081,Wireless Mouse,2023-01-31,2023-02-24 17:38:58,2024-01-06,EXPIRED
P02082,Power Bank,2026-04-19,2026-05-15 12:12:53,2028-02-17,AVAILABLE
P02083,Shampoo,2025-11-15,2025-12-09 00:19:17,2028-07-11,AVAILABLE
P02084,Power Bank,2024-06-25,2024-07-16 18:30:24,2026-03-13,EXPIRED
P02085,Shampoo,2023-07-10,2023-07-18 13:35:17,2026-04-24,EXPIRED
P02086,Chocolate,2025-12-28,2026-01-14 07:24:01,2028-11-09,RESERVED
P02087,Mineral Water,2025-02-02,2025-02-27 17:45:06,2027-09-16,AVAILABLE
P02088,Notebook,2023-02-20,2023-03-05 07:28:23,2025-11-22,EXPIRED
P02089,Notebook,2023-08-12,2023-09-02 09:21:09,2024-02-29,EXPIRED
P02090,Power Bank,2026-02-22,2026-02-28 06:55:31,2027-08-17,AVAILABLE
P02091,Bluetooth Speaker,2025-04-05,2025-04-25 15:33:46,2026-08-24,EXPIRED
P02092,Mechanical Keyboard,2025-10-07,2025-10-16 13:19:47,2027-09-28,AVAILABLE
P02093,Mechanical Keyboard,2024-10-20,2024-11-12 18:38:26,2024-11-30,EXPIRED
P02094,Green Tea,2024-03-04,2024-03-29 17:50:31,2027-01-21,AVAILABLE
P02095,Instant Coffee,2024-10-21,2024-11-05 22:30:32,2025-05-05,EXPIRED
P02096,Power Bank,2025-05-21,2025-06-13 02:24:08,2025-07-17,EXPIRED
P02097,Laptop Stand,2025-11-30,2025-12-24 03:10:12,2028-06-13,AVAILABLE
P02098,Mechanical Keyboard,2025-05-18,2025-06-03 05:40:51,2028-03-10,AVAILABLE
P02099,Laundry Detergent,2025-05-06,2025-05-19 00:18:07,2027-11-13,AVAILABLE
P02100,Green Tea,2025-12-06,2025-12-17 19:56:23,2026-12-10,AVAILABLE
P02101,Chocolate,2025-12-07,2025-12-29 06:51:39,2028-02-05,AVAILABLE
P02102,Ballpoint Pen,2024-05-29,2024-06-14 14:13:59,2026-05-05,EXPIRED
P02103,Bluetooth Speaker,2023-12-03,2023-12-20 22:53:30,2024-01-22,EXPIRED
P02104,Cereal,2025-05-02,2025-05-08 04:30:04,2025-06-12,EXPIRED
P02105,Chocolate,2024-01-20,2024-01-27 22:06:34,2026-09-15,EXPIRED
P02106,Cereal,2023-07-13,2023-07-15 19:29:38,2024-06-27,EXPIRED
P02107,USB Cable,2024-12-18,2025-01-08 17:56:14,2026-12-24,RESERVED
P02108,Wireless Mouse,2024-01-30,2024-02-08 09:52:58,2026-07-20,EXPIRED
P02109,Notebook,2024-09-18,2024-09-30 19:49:25,2026-03-23,EXPIRED
P02110,Laundry Detergent,2026-01-13,2026-02-03 21:12:04,2026-12-21,AVAILABLE
P02111,Water Bottle,2024-07-27,2024-08-02 08:36:06,2025-05-12,EXPIRED
P02112,Dish Soap,2026-04-17,2026-05-08 12:21:36,2027-12-05,RESERVED
P02113,Ballpoint Pen,2025-08-27,2025-09-03 05:00:50,2027-01-13,AVAILABLE
P02114,USB Cable,2026-06-13,2026-06-18 04:10:30,2026-07-13,EXPIRED
P02115,Cereal,2023-06-09,2023-07-08 01:08:32,2025-12-25,EXPIRED
P02116,Shampoo,2025-08-24,2025-09-04 09:32:48,2026-05-21,EXPIRED
P02117,Instant Coffee,2026-02-21,2026-03-06 12:49:24,2028-11-18,AVAILABLE
P02118,Chocolate,2025-12-05,2025-12-16 16:05:56,2027-03-18,AVAILABLE
P02119,Green Tea,2023-10-20,2023-11-16 13:35:28,2026-08-18,EXPIRED
P02120,Green Tea,2023-09-04,2023-09-22 13:41:22,2024-10-02,EXPIRED
P02121,Wireless Mouse,2025-01-18,2025-02-15 14:49:42,2027-01-26,RESERVED
P02122,Shampoo,2024-03-13,2024-04-02 17:56:58,2025-05-08,EXPIRED
P02123,Mineral Water,2025-02-05,2025-02-11 23:00:12,2027-08-29,AVAILABLE
P02124,Dish Soap,2024-02-04,2024-02-05 18:19:21,2024-09-13,EXPIRED
P02125,Orange Juice,2024-06-03,2024-06-20 00:38:17,2024-09-09,EXPIRED
P02126,Green Tea,2026-08-07,2026-08-23 12:02:44,2028-02-06,AVAILABLE
P02127,Mechanical Keyboard,2026-03-17,2026-04-13 00:55:45,2028-12-05,AVAILABLE
P02128,Toothpaste,2025-10-01,2025-10-07 15:47:55,2026-05-31,EXPIRED
P02129,Mechanical Keyboard,2025-01-26,2025-01-27 19:57:45,2026-01-04,EXPIRED
P02130,Laptop Stand,2023-09-27,2023-09-30 13:53:54,2024-06-27,EXPIRED
P02131,Mechanical Keyboard,2025-06-27,2025-07-18 22:03:20,2026-02-11,EXPIRED
P02132,Laundry Detergent,2024-07-22,2024-08-19 06:41:39,2024-09-24,EXPIRED
P02133,Cereal,2024-10-10,2024-11-08 22:10:57,2026-11-29,AVAILABLE
P02134,Wireless Mouse,2025-04-05,2025-04-19 21:42:03,2025-09-15,EXPIRED
P02135,Water Bottle,2025-10-24,2025-10-29 23:17:05,2026-11-11,AVAILABLE
P02136,Mechanical Keyboard,2024-07-18,2024-08-07 06:44:32,2026-12-03,AVAILABLE
P02137,Wireless Mouse,2024-09-29,2024-10-08 17:22:07,2026-09-28,AVAILABLE
P02138,Notebook,2023-06-26,2023-07-15 14:05:07,2024-01-27,EXPIRED
P02139,Laptop Stand,2023-06-26,2023-07-02 10:37:40,2023-09-05,EXPIRED
P02140,Laptop Stand,2023-01-22,2023-01-29 20:23:29,2023-08-06,EXPIRED
P02141,Instant Coffee,2024-09-22,2024-10-19 21:41:57,2025-11-17,EXPIRED
P02142,Bluetooth Speaker,2024-09-27,2024-09-29 12:45:18,2025-10-26,EXPIRED
P02143,Green Tea,2023-10-15,2023-11-03 10:26:14,2024-12-03,EXPIRED
P02144,Green Tea,2024-02-13,2024-02-19 09:16:44,2026-08-31,EXPIRED
P02145,Green Tea,2023-07-09,2023-07-25 11:37:23,2025-07-22,EXPIRED
P02146,Dish Soap,2025-07-09,2025-08-05 20:43:53,2026-07-23,EXPIRED
P02147,Mechanical Keyboard,2026-04-13,2026-04-26 04:34:36,2027-07-18,RESERVED
P02148,Shampoo,2024-12-11,2025-01-01 21:50:18,2026-03-10,EXPIRED
P02149,Cereal,2025-10-28,2025-11-15 23:50:17,2026-05-31,EXPIRED
P02150,Dish Soap,2024-03-07,2024-03-16 06:29:16,2024-06-09,EXPIRED
P02151,Power Bank,2025-11-24,2025-12-16 20:11:30,2026-10-06,AVAILABLE
P02152,Notebook,2024-10-23,2024-11-04 18:24:42,2025-01-30,EXPIRED
P02153,Cereal,2023-08-03,2023-08-24 11:55:57,2023-09-18,EXPIRED
P02154,Laptop Stand,2025-05-13,2025-05-29 10:21:41,2026-01-03,EXPIRED
P02155,Laptop Stand,2025-01-03,2025-01-13 05:29:34,2026-02-18,EXPIRED
P02156,Wireless Mouse,2025-06-18,2025-07-14 19:29:37,2027-12-25,RESERVED
P02157,Mineral Water,2025-08-27,2025-09-23 07:16:46,2027-10-30,AVAILABLE
P02158,Cereal,2025-09-15,2025-10-07 12:19:02,2027-02-06,AVAILABLE
P02159,Power Bank,2025-05-12,2025-05-26 08:36:25,2025-08-08,EXPIRED
P02160,Laptop Stand,2025-11-14,2025-11-20 09:56:38,2027-01-24,AVAILABLE
P02161,Bluetooth Speaker,2023-09-24,2023-10-16 10:50:03,2024-04-26,EXPIRED
P02162,Chocolate,2023-10-17,2023-11-12 11:29:25,2024-10-19,EXPIRED
P02163,Toothpaste,2023-01-02,2023-01-24 04:12:56,2024-01-19,EXPIRED
P02164,Chocolate,2024-09-21,2024-09-24 05:15:54,2025-12-11,EXPIRED
P02165,Shampoo,2023-07-04,2023-07-28 07:09:43,2025-09-07,EXPIRED
P02166,Wireless Mouse,2025-09-04,2025-09-10 11:06:30,2027-12-20,RESERVED
P02167,Water Bottle,2025-08-25,2025-09-16 12:53:29,2027-02-03,AVAILABLE
P02168,Mineral Water,2023-09-21,2023-10-02 04:25:49,2025-08-20,EXPIRED
P02169,Chocolate,2025-05-19,2025-06-08 12:34:04,2027-05-29,AVAILABLE
P02170,Notebook,2023-02-25,2023-03-05 19:11:49,2024-07-20,EXPIRED
P02171,Orange Juice,2025-01-11,2025-01-22 16:52:00,2027-05-06,AVAILABLE
P02172,Instant Coffee,2023-10-10,2023-10-26 06:02:13,2025-07-19,EXPIRED
P02173,Shampoo,2023-07-10,2023-07-21 12:41:11,2025-12-27,EXPIRED
P02174,Bluetooth Speaker,2024-08-06,2024-08-16 12:43:52,2027-05-17,AVAILABLE
P02175,Green Tea,2025-05-13,2025-05-19 05:25:43,2028-05-06,AVAILABLE
P02176,Toothpaste,2023-06-19,2023-07-01 21:46:06,2025-10-24,EXPIRED
P02177,Wireless Mouse,2023-11-26,2023-12-07 04:36:32,2026-02-19,EXPIRED
P02178,Toothpaste,2023-01-24,2023-02-09 20:42:25,2025-07-07,EXPIRED
P02179,Mechanical Keyboard,2024-09-12,2024-09-26 08:47:40,2025-06-06,EXPIRED
P02180,Ballpoint Pen,2025-07-11,2025-07-28 11:49:30,2027-06-27,AVAILABLE
P02181,Orange Juice,2023-08-17,2023-09-12 05:27:34,2025-11-09,EXPIRED
P02182,USB Cable,2023-11-04,2023-11-05 10:59:45,2025-05-15,EXPIRED
P02183,Water Bottle,2025-11-20,2025-12-17 19:46:55,2028-07-08,AVAILABLE
P02184,Mechanical Keyboard,2025-08-09,2025-08-19 01:07:55,2028-06-06,AVAILABLE
P02185,Orange Juice,2023-04-13,2023-05-12 19:43:23,2024-10-10,EXPIRED
P02186,Shampoo,2024-11-22,2024-12-14 09:49:52,2025-02-08,EXPIRED
P02187,Laundry Detergent,2024-07-01,2024-07-07 09:22:26,2024-09-04,EXPIRED
P02188,Toothpaste,2024-10-26,2024-11-05 20:02:38,2025-07-11,EXPIRED
P02189,Orange Juice,2023-03-16,2023-04-03 23:25:15,2024-04-07,EXPIRED
P02190,USB Cable,2025-12-31,2026-01-04 04:46:09,2028-11-05,AVAILABLE
P02191,Green Tea,2024-12-08,2024-12-23 22:39:15,2027-08-03,AVAILABLE
P02192,USB Cable,2024-10-30,2024-11-11 01:09:38,2025-06-24,EXPIRED
P02193,Mineral Water,2025-11-15,2025-12-09 02:21:59,2027-08-25,AVAILABLE
P02194,Mineral Water,2023-02-15,2023-02-21 23:16:46,2023-08-26,EXPIRED
P02195,Shampoo,2023-08-27,2023-09-22 06:36:16,2025-06-07,EXPIRED
P02196,Ballpoint Pen,2025-11-18,2025-12-06 07:44:51,2026-03-28,EXPIRED
P02197,Orange Juice,2026-03-20,2026-04-05 06:48:59,2028-09-29,AVAILABLE
P02198,Laptop Stand,2024-07-20,2024-08-06 21:02:38,2026-11-13,AVAILABLE
P02199,Chocolate,2024-07-12,2024-07-13 13:13:01,2026-12-07,RESERVED
P02200,Bluetooth Speaker,2024-07-16,2024-07-25 14:38:50,2026-05-28,EXPIRED
P02201,Power Bank,2024-03-29,2024-04-06 00:45:20,2025-07-24,EXPIRED
P02202,USB Cable,2026-06-06,2026-06-16 23:45:38,2029-02-03,AVAILABLE
P02203,Shampoo,2026-07-24,2026-08-13 10:34:24,2029-04-23,AVAILABLE
P02204,Wireless Mouse,2024-12-03,2024-12-14 10:22:52,2027-07-01,AVAILABLE
P02205,Toothpaste,2025-10-18,2025-10-25 17:44:10,2028-01-24,AVAILABLE
P02206,Mineral Water,2023-03-08,2023-03-30 18:05:40,2025-12-28,EXPIRED
P02207,Laundry Detergent,2024-12-08,2024-12-11 06:47:33,2027-02-02,AVAILABLE
P02208,Chocolate,2024-10-07,2024-10-22 21:29:01,2025-09-21,EXPIRED
P02209,Ballpoint Pen,2026-04-12,2026-04-18 19:22:36,2028-10-11,AVAILABLE
P02210,Wireless Mouse,2024-08-04,2024-08-22 23:31:15,2026-10-11,AVAILABLE
P02211,Bluetooth Speaker,2025-02-14,2025-03-06 03:06:25,2026-06-06,EXPIRED
P02212,Water Bottle,2023-08-15,2023-09-03 09:11:55,2024-08-04,EXPIRED
P02213,Mineral Water,2026-01-31,2026-02-14 11:48:13,2028-07-05,AVAILABLE
P02214,Green Tea,2024-10-16,2024-11-10 11:40:06,2026-08-27,EXPIRED
P02215,Dish Soap,2026-01-01,2026-01-19 12:14:54,2028-05-07,AVAILABLE
P02216,Toothpaste,2024-08-09,2024-09-05 14:10:59,2025-09-06,EXPIRED
P02217,Mineral Water,2024-08-13,2024-08-14 17:53:21,2027-04-20,RESERVED
P02218,Laptop Stand,2023-07-21,2023-08-03 18:41:26,2025-12-23,EXPIRED
P02219,Shampoo,2024-01-22,2024-02-12 00:39:14,2024-11-30,EXPIRED
P02220,Ballpoint Pen,2026-06-23,2026-07-10 02:38:36,2028-11-06,AVAILABLE
P02221,Cereal,2026-06-02,2026-06-10 05:36:40,2029-02-22,RESERVED
P02222,USB Cable,2025-01-28,2025-01-29 23:38:56,2027-05-05,AVAILABLE
P02223,Dish Soap,2024-01-31,2024-02-28 05:29:23,2025-07-04,EXPIRED
P02224,Laptop Stand,2025-08-25,2025-09-24 22:58:12,2027-07-16,AVAILABLE
P02225,Chocolate,2023-05-13,2023-06-11 00:13:36,2026-01-11,EXPIRED
P02226,Toothpaste,2024-05-16,2024-06-07 19:28:15,2025-06-12,EXPIRED
P02227,Toothpaste,2025-10-21,2025-11-11 03:51:38,2027-09-29,AVAILABLE
P02228,Instant Coffee,2025-08-04,2025-08-28 02:00:47,2025-11-08,EXPIRED
P02229,Shampoo,2025-11-30,2025-12-16 12:04:50,2028-05-02,AVAILABLE
P02230,Laundry Detergent,2023-09-05,2023-09-28 19:41:34,2023-11-22,EXPIRED
P02231,Toothpaste,2025-09-11,2025-10-08 23:03:18,2028-01-04,RESERVED
P02232,Mechanical Keyboard,2025-01-14,2025-01-27 22:59:32,2027-08-03,AVAILABLE
P02233,Power Bank,2023-08-01,2023-08-06 08:48:52,2024-04-15,EXPIRED
P02234,Laptop Stand,2025-01-20,2025-02-03 21:21:09,2026-07-01,EXPIRED
P02235,Hand Soap,2024-03-06,2024-03-15 03:21:41,2024-09-03,EXPIRED
P02236,Toothpaste,2025-10-03,2025-10-28 07:48:16,2027-10-04,AVAILABLE
P02237,Toothpaste,2024-11-08,2024-12-04 14:44:16,2026-06-24,EXPIRED
P02238,Ballpoint Pen,2023-03-15,2023-04-09 04:09:33,2024-11-24,EXPIRED
P02239,Wireless Mouse,2024-03-28,2024-04-26 11:36:23,2025-12-14,EXPIRED
P02240,Chocolate,2023-11-21,2023-12-10 20:19:30,2026-06-08,EXPIRED
P02241,Chocolate,2023-11-13,2023-12-07 22:08:09,2025-08-02,EXPIRED
P02242,Mineral Water,2024-06-10,2024-07-01 07:01:54,2025-09-16,EXPIRED
P02243,Notebook,2024-09-12,2024-09-17 18:00:16,2026-10-27,RESERVED
P02244,Dish Soap,2025-11-24,2025-12-07 15:39:57,2026-12-07,AVAILABLE
P02245,Bluetooth Speaker,2026-04-17,2026-05-15 16:20:33,2028-06-21,AVAILABLE
P02246,Hand Soap,2026-08-20,2026-08-26 16:30:11,2029-06-06,AVAILABLE
P02247,Wireless Mouse,2023-05-13,2023-05-24 07:19:13,2024-09-13,EXPIRED
P02248,Bluetooth Speaker,2024-07-23,2024-08-12 23:50:07,2025-09-29,EXPIRED
P02249,Orange Juice,2025-10-18,2025-11-02 18:58:40,2025-12-11,EXPIRED
P02250,Dish Soap,2024-04-12,2024-05-06 06:23:42,2024-07-18,EXPIRED
P02251,Mineral Water,2026-07-06,2026-07-10 10:32:04,2028-02-11,AVAILABLE
P02252,Laundry Detergent,2026-01-06,2026-02-03 02:51:03,2028-08-07,AVAILABLE
P02253,Dish Soap,2024-05-22,2024-05-30 08:51:47,2025-06-30,EXPIRED
P02254,Instant Coffee,2024-04-12,2024-05-05 22:29:11,2024-08-02,EXPIRED
P02255,Ballpoint Pen,2024-06-28,2024-07-16 08:05:47,2025-08-21,EXPIRED
P02256,USB Cable,2023-09-29,2023-10-16 09:03:13,2025-02-06,EXPIRED
P02257,Instant Coffee,2026-04-14,2026-05-09 18:30:29,2026-12-01,AVAILABLE
P02258,Mechanical Keyboard,2024-10-15,2024-11-10 20:04:12,2027-07-21,AVAILABLE
P02259,Toothpaste,2023-06-20,2023-07-06 06:06:34,2024-10-02,EXPIRED
P02260,Ballpoint Pen,2025-09-24,2025-10-04 18:00:37,2028-03-22,AVAILABLE
P02261,Toothpaste,2026-08-09,2026-08-16 18:51:40,2029-03-30,AVAILABLE
P02262,Green Tea,2025-04-13,2025-05-03 08:31:40,2026-05-09,EXPIRED
P02263,Cereal,2025-11-04,2025-11-20 16:18:41,2027-08-09,AVAILABLE
P02264,Laundry Detergent,2024-05-24,2024-06-04 08:43:35,2027-04-19,AVAILABLE
P02265,Toothpaste,2023-08-17,2023-09-11 05:31:00,2025-06-30,EXPIRED
P02266,Dish Soap,2025-08-21,2025-09-06 05:11:04,2028-02-21,RESERVED
P02267,Chocolate,2023-07-13,2023-08-12 14:21:40,2024-08-20,EXPIRED
P02268,Water Bottle,2023-08-11,2023-09-05 07:13:19,2026-07-03,EXPIRED
P02269,Chocolate,2024-10-17,2024-11-11 16:30:06,2026-07-23,EXPIRED
P02270,Ballpoint Pen,2024-03-06,2024-03-25 21:09:20,2025-02-19,EXPIRED
P02271,Water Bottle,2025-03-22,2025-04-17 05:54:10,2026-03-08,EXPIRED
P02272,Cereal,2025-11-23,2025-12-09 20:38:50,2028-04-24,RESERVED
P02273,Green Tea,2024-04-13,2024-05-13 08:30:59,2026-01-24,EXPIRED
P02274,Orange Juice,2023-10-24,2023-11-03 10:46:22,2025-08-29,EXPIRED
P02275,Toothpaste,2024-09-22,2024-10-06 18:25:48,2027-02-23,AVAILABLE
P02276,Mineral Water,2023-04-24,2023-05-08 11:41:51,2024-03-05,EXPIRED
P02277,Toothpaste,2024-07-15,2024-07-16 22:12:13,2026-01-20,EXPIRED
P02278,Chocolate,2025-02-03,2025-02-04 10:27:50,2027-04-27,AVAILABLE
P02279,Laundry Detergent,2026-02-20,2026-03-16 06:51:13,2029-01-15,AVAILABLE
P02280,Green Tea,2023-08-07,2023-08-10 07:10:20,2026-05-15,EXPIRED
P02281,Notebook,2025-08-20,2025-08-22 21:24:44,2028-06-12,AVAILABLE
P02282,Green Tea,2026-05-27,2026-06-15 12:03:06,2026-10-18,RESERVED
P02283,Cereal,2024-07-19,2024-08-06 11:28:59,2026-03-23,EXPIRED
P02284,Power Bank,2025-08-24,2025-08-29 23:04:20,2028-01-18,AVAILABLE
P02285,Bluetooth Speaker,2026-04-22,2026-05-02 18:12:35,2026-11-18,AVAILABLE
P02286,Instant Coffee,2024-11-02,2024-11-21 17:48:42,2026-05-19,EXPIRED
P02287,Laundry Detergent,2025-12-23,2026-01-19 09:44:01,2026-11-05,AVAILABLE
P02288,Cereal,2025-01-09,2025-02-07 14:47:56,2026-04-23,EXPIRED
P02289,Laptop Stand,2024-10-19,2024-11-03 07:29:23,2026-10-01,AVAILABLE
P02290,Green Tea,2024-06-06,2024-06-26 23:59:01,2025-04-19,EXPIRED
P02291,Power Bank,2026-08-08,2026-08-22 13:25:51,2029-05-30,AVAILABLE
P02292,Dish Soap,2023-05-04,2023-06-03 16:23:01,2025-11-14,EXPIRED
P02293,Mechanical Keyboard,2025-10-29,2025-11-26 10:50:34,2028-08-31,AVAILABLE
P02294,Notebook,2024-11-14,2024-12-05 02:47:04,2025-06-20,EXPIRED
P02295,Laundry Detergent,2023-08-19,2023-09-06 05:51:32,2024-03-15,EXPIRED
P02296,Notebook,2025-08-17,2025-09-06 20:12:48,2026-02-12,EXPIRED
P02297,Shampoo,2024-07-21,2024-08-05 14:56:56,2025-06-27,EXPIRED
P02298,Cereal,2023-05-30,2023-06-05 20:36:21,2026-01-13,EXPIRED
P02299,Dish Soap,2025-06-04,2025-07-03 00:25:36,2027-02-25,AVAILABLE
P02300,Ballpoint Pen,2025-03-09,2025-03-10 00:14:20,2027-08-30,AVAILABLE
P02301,Green Tea,2024-04-01,2024-04-20 21:49:20,2026-11-24,RESERVED
P02302,Water Bottle,2026-03-22,2026-04-21 11:57:56,2027-02-27,AVAILABLE
P02303,Bluetooth Speaker,2024-02-27,2024-03-08 05:06:01,2024-06-16,EXPIRED
P02304,Bluetooth Speaker,2026-01-11,2026-01-23 02:20:55,2027-11-17,AVAILABLE
P02305,Water Bottle,2024-02-18,2024-02-28 05:27:17,2025-07-09,EXPIRED
P02306,Water Bottle,2024-12-28,2024-12-29 04:56:57,2027-07-16,AVAILABLE
P02307,Mineral Water,2023-02-22,2023-03-09 23:54:47,2024-05-24,EXPIRED
P02308,Mineral Water,2023-04-11,2023-04-26 14:25:12,2024-07-05,EXPIRED
P02309,Mineral Water,2026-04-23,2026-05-20 03:05:11,2029-03-25,AVAILABLE
P02310,Dish Soap,2023-09-07,2023-09-13 06:07:31,2025-10-09,EXPIRED
P02311,Cereal,2025-04-30,2025-05-07 06:05:51,2028-04-02,AVAILABLE
P02312,Hand Soap,2024-06-06,2024-06-23 03:29:01,2024-07-20,EXPIRED
P02313,Mineral Water,2025-05-10,2025-05-23 03:22:23,2027-03-05,AVAILABLE
P02314,Shampoo,2026-08-28,2026-09-07 07:44:05,2028-12-03,AVAILABLE
P02315,Wireless Mouse,2024-07-16,2024-08-09 20:57:20,2024-11-15,EXPIRED
P02316,Bluetooth Speaker,2024-05-24,2024-05-30 18:00:08,2027-05-21,AVAILABLE
P02317,Bluetooth Speaker,2025-08-20,2025-09-14 01:03:38,2026-11-22,RESERVED
P02318,Chocolate,2025-01-31,2025-02-20 13:52:10,2027-07-08,AVAILABLE
P02319,Laptop Stand,2025-11-28,2025-12-03 23:51:51,2027-01-03,AVAILABLE
P02320,Power Bank,2023-11-29,2023-11-30 15:13:19,2026-04-03,EXPIRED
P02321,Orange Juice,2024-06-27,2024-07-17 10:01:50,2024-09-17,EXPIRED
P02322,Cereal,2023-02-28,2023-03-29 15:02:47,2024-01-19,EXPIRED
P02323,Shampoo,2023-04-06,2023-04-24 12:48:38,2024-04-17,EXPIRED
P02324,Laptop Stand,2023-07-25,2023-07-26 11:57:14,2024-02-28,EXPIRED
P02325,Shampoo,2023-05-16,2023-05-20 15:29:26,2025-12-02,EXPIRED
P02326,Bluetooth Speaker,2026-05-20,2026-06-15 20:00:19,2029-02-18,AVAILABLE
P02327,Green Tea,2023-09-20,2023-10-01 21:34:23,2024-05-04,EXPIRED
P02328,Hand Soap,2025-10-06,2025-10-30 18:12:08,2027-01-28,AVAILABLE
P02329,Bluetooth Speaker,2023-10-20,2023-10-28 21:05:47,2024-05-31,EXPIRED
P02330,Mineral Water,2024-08-01,2024-08-30 19:06:15,2025-12-07,EXPIRED
P02331,Green Tea,2024-01-14,2024-02-07 21:19:21,2026-09-16,EXPIRED
P02332,Notebook,2025-11-30,2025-12-17 18:56:17,2026-09-25,AVAILABLE
P02333,Shampoo,2025-02-06,2025-02-28 04:37:47,2025-05-17,EXPIRED
P02334,Mineral Water,2026-07-18,2026-07-20 06:11:00,2027-06-05,RESERVED
P02335,Mechanical Keyboard,2024-05-02,2024-05-08 12:20:00,2027-02-10,AVAILABLE
P02336,Orange Juice,2024-01-20,2024-02-10 18:25:28,2025-05-03,EXPIRED
P02337,Toothpaste,2026-06-26,2026-07-05 17:28:07,2028-02-18,RESERVED
P02338,Dish Soap,2024-11-21,2024-12-02 05:16:21,2027-09-15,AVAILABLE
P02339,Toothpaste,2026-09-20,2026-09-24 21:54:21,2029-09-17,AVAILABLE
P02340,USB Cable,2025-01-18,2025-02-01 20:01:34,2025-11-02,EXPIRED
P02341,Power Bank,2024-04-10,2024-04-25 03:07:35,2026-01-05,EXPIRED
P02342,Bluetooth Speaker,2024-12-12,2024-12-22 14:27:35,2025-06-29,EXPIRED
P02343,Dish Soap,2024-01-09,2024-01-22 16:12:09,2025-05-07,EXPIRED
P02344,Wireless Mouse,2024-02-11,2024-03-06 23:22:33,2025-01-16,EXPIRED
P02345,Notebook,2025-12-22,2026-01-08 01:51:34,2028-02-02,AVAILABLE
P02346,Instant Coffee,2025-12-23,2025-12-29 11:10:06,2026-12-27,RESERVED
P02347,Ballpoint Pen,2024-04-08,2024-05-05 22:09:34,2026-09-23,AVAILABLE
P02348,Green Tea,2023-04-11,2023-04-24 09:24:57,2025-09-19,EXPIRED
P02349,Hand Soap,2025-08-16,2025-08-27 04:46:19,2025-09-15,EXPIRED
P02350,USB Cable,2024-05-29,2024-06-21 17:42:19,2025-08-29,EXPIRED
P02351,Ballpoint Pen,2026-05-01,2026-05-04 01:48:26,2027-03-14,AVAILABLE
P02352,Hand Soap,2023-11-25,2023-12-20 07:25:50,2024-11-15,EXPIRED
P02353,Shampoo,2025-03-11,2025-03-30 06:15:53,2027-03-28,AVAILABLE
P02354,Instant Coffee,2024-07-19,2024-07-24 12:07:46,2025-06-24,EXPIRED
P02355,Water Bottle,2025-06-27,2025-07-02 21:17:48,2027-05-28,AVAILABLE
P02356,Power Bank,2025-12-02,2025-12-12 16:06:49,2028-08-22,AVAILABLE
P02357,Toothpaste,2024-09-03,2024-09-30 03:34:47,2027-04-21,AVAILABLE
P02358,USB Cable,2024-11-30,2024-12-29 08:02:24,2026-06-06,EXPIRED
P02359,Power Bank,2026-07-07,2026-07-22 13:37:10,2029-04-29,AVAILABLE
P02360,Instant Coffee,2025-12-06,2025-12-10 02:46:38,2028-01-17,AVAILABLE
P02361,Hand Soap,2025-06-04,2025-06-18 01:40:06,2027-01-28,RESERVED
P02362,Green Tea,2024-05-30,2024-06-20 16:21:26,2025-11-25,EXPIRED
P02363,Orange Juice,2023-06-20,2023-06-21 03:45:51,2026-04-09,EXPIRED
P02364,Instant Coffee,2026-04-14,2026-04-30 07:37:27,2027-11-09,AVAILABLE
P02365,Hand Soap,2026-02-22,2026-03-14 18:24:38,2029-02-18,RESERVED
P02366,Mineral Water,2023-03-28,2023-04-17 03:37:53,2023-11-14,EXPIRED
P02367,Notebook,2023-07-14,2023-07-18 07:23:37,2025-12-23,EXPIRED
P02368,Mineral Water,2023-03-23,2023-04-04 20:50:28,2025-11-20,EXPIRED
P02369,Notebook,2025-12-06,2025-12-08 12:52:51,2028-06-07,RESERVED
P02370,Wireless Mouse,2024-03-18,2024-04-06 05:01:40,2026-02-19,EXPIRED
P02371,Power Bank,2024-08-21,2024-09-20 13:51:01,2027-04-13,AVAILABLE
P02372,Orange Juice,2024-12-05,2024-12-17 07:17:28,2025-04-11,EXPIRED
P02373,Cereal,2025-07-27,2025-08-19 20:16:49,2026-07-20,EXPIRED
P02374,Water Bottle,2026-02-17,2026-03-14 17:41:20,2028-06-17,AVAILABLE
P02375,Laptop Stand,2025-10-20,2025-11-17 02:21:22,2027-02-28,AVAILABLE
P02376,Chocolate,2023-07-27,2023-08-26 23:05:40,2025-12-04,EXPIRED
P02377,Cereal,2026-06-27,2026-07-13 20:11:48,2028-09-17,AVAILABLE
P02378,Green Tea,2025-09-21,2025-10-03 10:51:28,2027-10-31,AVAILABLE
P02379,Laptop Stand,2024-10-23,2024-10-24 03:12:37,2026-08-19,EXPIRED
P02380,Dish Soap,2026-08-08,2026-08-26 09:48:35,2027-09-06,AVAILABLE
P02381,Ballpoint Pen,2023-06-05,2023-06-12 02:05:45,2025-10-10,EXPIRED
P02382,Green Tea,2023-10-26,2023-11-18 10:34:22,2026-02-14,EXPIRED
P02383,Bluetooth Speaker,2025-02-27,2025-03-03 23:52:56,2026-11-20,AVAILABLE
P02384,Notebook,2023-06-18,2023-06-29 07:28:52,2023-10-09,EXPIRED
P02385,Instant Coffee,2026-01-27,2026-02-01 21:17:01,2028-12-04,AVAILABLE
P02386,Instant Coffee,2024-05-17,2024-06-15 07:28:41,2025-09-01,EXPIRED
P02387,Bluetooth Speaker,2023-01-26,2023-02-05 07:01:54,2025-11-10,EXPIRED
P02388,Toothpaste,2025-04-28,2025-05-16 17:36:12,2027-09-19,AVAILABLE
P02389,Dish Soap,2026-04-04,2026-04-17 20:36:56,2028-07-04,RESERVED
P02390,Green Tea,2025-01-15,2025-02-10 08:27:23,2027-03-02,AVAILABLE
P02391,Cereal,2026-01-11,2026-01-23 02:44:08,2027-11-30,RESERVED
P02392,Instant Coffee,2026-01-07,2026-01-26 04:06:58,2028-12-11,RESERVED
P02393,Hand Soap,2026-01-01,2026-01-12 03:51:52,2027-05-12,RESERVED
P02394,Orange Juice,2026-08-13,2026-08-31 07:29:17,2026-12-29,AVAILABLE
P02395,Ballpoint Pen,2025-06-15,2025-07-01 18:27:04,2026-06-30,EXPIRED
P02396,Wireless Mouse,2026-02-20,2026-03-07 17:41:03,2028-03-02,AVAILABLE
P02397,Bluetooth Speaker,2023-05-11,2023-06-02 11:04:46,2024-12-26,EXPIRED
P02398,Notebook,2024-05-31,2024-06-29 23:01:45,2027-04-01,AVAILABLE
P02399,Bluetooth Speaker,2025-03-22,2025-03-29 21:28:19,2027-01-04,AVAILABLE
P02400,Instant Coffee,2026-03-13,2026-04-08 16:26:09,2028-01-16,AVAILABLE
P02401,Ballpoint Pen,2023-04-19,2023-05-12 11:37:07,2023-10-11,EXPIRED
P02402,Ballpoint Pen,2023-05-11,2023-05-28 13:46:10,2024-07-12,EXPIRED
P02403,Instant Coffee,2026-05-16,2026-06-10 05:53:11,2026-08-14,EXPIRED
P02404,Hand Soap,2023-09-02,2023-09-13 02:06:25,2025-12-03,EXPIRED
P02405,Shampoo,2025-02-19,2025-03-14 15:08:54,2027-02-22,AVAILABLE
P02406,Power Bank,2024-09-29,2024-10-11 05:45:27,2026-03-29,EXPIRED
P02407,Hand Soap,2023-07-05,2023-07-11 08:25:12,2024-11-10,EXPIRED
P02408,Orange Juice,2026-08-18,2026-09-08 02:21:28,2027-03-28,AVAILABLE
P02409,Green Tea,2023-02-11,2023-03-12 19:03:35,2023-07-12,EXPIRED
P02410,Orange Juice,2023-07-15,2023-07-21 00:33:00,2023-08-23,EXPIRED
P02411,Cereal,2025-02-26,2025-03-08 00:51:57,2027-05-04,AVAILABLE
P02412,Laptop Stand,2024-01-22,2024-02-12 19:31:11,2025-05-13,EXPIRED
P02413,Orange Juice,2023-07-18,2023-08-15 21:58:09,2025-09-21,EXPIRED
P02414,Notebook,2023-12-29,2024-01-27 14:45:54,2025-01-25,EXPIRED
P02415,Dish Soap,2023-11-01,2023-11-28 14:01:39,2024-02-18,EXPIRED
P02416,Laundry Detergent,2023-09-04,2023-09-30 09:59:18,2024-05-11,EXPIRED
P02417,Orange Juice,2024-01-05,2024-01-24 16:10:57,2024-08-26,EXPIRED
P02418,Hand Soap,2024-01-31,2024-02-20 04:39:58,2026-01-20,EXPIRED
P02419,Toothpaste,2026-09-10,2026-09-28 12:50:28,2027-06-05,RESERVED
P02420,Laundry Detergent,2023-05-15,2023-05-26 07:23:09,2024-10-16,EXPIRED
P02421,Hand Soap,2024-01-21,2024-02-16 12:02:22,2024-06-19,EXPIRED
P02422,Hand Soap,2026-09-12,2026-10-05 18:06:54,2029-09-10,AVAILABLE
P02423,Cereal,2025-12-15,2026-01-03 18:44:34,2028-03-31,AVAILABLE
P02424,Water Bottle,2024-08-01,2024-08-12 04:28:48,2025-10-10,EXPIRED
P02425,Chocolate,2026-07-06,2026-07-20 12:27:24,2027-01-20,AVAILABLE
P02426,Wireless Mouse,2025-10-03,2025-10-07 10:35:30,2028-01-07,AVAILABLE
P02427,Hand Soap,2024-08-11,2024-09-05 21:44:03,2024-12-04,EXPIRED
P02428,Water Bottle,2023-07-02,2023-07-12 18:47:57,2024-07-21,EXPIRED
P02429,Cereal,2023-04-09,2023-04-27 00:03:19,2025-07-05,EXPIRED
P02430,Water Bottle,2024-12-21,2025-01-08 01:52:52,2027-06-27,RESERVED
P02431,Dish Soap,2025-12-09,2026-01-06 05:32:23,2026-04-09,EXPIRED
P02432,Water Bottle,2023-07-22,2023-08-06 05:57:14,2025-06-06,EXPIRED
P02433,USB Cable,2024-02-21,2024-03-08 06:36:40,2024-04-22,EXPIRED
P02434,Mechanical Keyboard,2025-02-20,2025-02-27 22:07:59,2026-11-06,AVAILABLE
P02435,Instant Coffee,2026-09-12,2026-10-09 10:11:24,2028-01-22,AVAILABLE
P02436,Mineral Water,2023-04-02,2023-04-07 04:38:15,2024-10-11,EXPIRED
P02437,Shampoo,2026-03-14,2026-04-06 20:19:13,2027-10-23,AVAILABLE
P02438,Wireless Mouse,2025-05-01,2025-05-28 13:24:17,2026-06-23,EXPIRED
P02439,Hand Soap,2024-06-03,2024-06-23 00:40:44,2026-09-20,EXPIRED
P02440,Mechanical Keyboard,2025-07-08,2025-07-13 21:44:14,2025-12-29,EXPIRED
P02441,Power Bank,2023-08-25,2023-08-31 15:04:11,2025-07-25,EXPIRED
P02442,Laptop Stand,2024-06-09,2024-07-01 22:59:44,2026-10-02,AVAILABLE
P02443,Laundry Detergent,2024-08-09,2024-08-19 18:16:06,2025-05-10,EXPIRED
P02444,Mineral Water,2024-02-18,2024-02-21 17:54:31,2025-05-04,EXPIRED
P02445,Bluetooth Speaker,2025-11-27,2025-11-29 15:30:06,2026-08-12,EXPIRED
P02446,Instant Coffee,2023-03-19,2023-04-15 12:11:05,2023-09-03,EXPIRED
P02447,Instant Coffee,2025-06-11,2025-07-01 11:28:47,2026-04-29,EXPIRED
P02448,Toothpaste,2026-05-07,2026-06-01 01:42:59,2029-04-02,AVAILABLE
P02449,Water Bottle,2024-10-13,2024-10-15 18:00:09,2026-10-12,AVAILABLE
P02450,Laptop Stand,2024-12-18,2025-01-02 06:57:41,2025-05-12,EXPIRED
P02451,Mineral Water,2025-02-17,2025-02-22 09:32:04,2026-06-23,EXPIRED
P02452,Laptop Stand,2026-07-08,2026-07-15 10:42:46,2029-01-21,AVAILABLE
P02453,Toothpaste,2023-05-23,2023-06-19 07:38:33,2025-01-31,EXPIRED
P02454,Laundry Detergent,2023-11-26,2023-12-01 17:20:03,2024-08-10,EXPIRED
P02455,USB Cable,2025-04-19,2025-05-06 17:01:39,2026-05-01,EXPIRED
P02456,Cereal,2025-01-28,2025-01-30 04:57:06,2026-06-20,EXPIRED
P02457,Wireless Mouse,2025-02-19,2025-02-20 18:03:52,2027-05-23,AVAILABLE
P02458,Power Bank,2024-04-04,2024-04-29 20:02:36,2024-10-02,EXPIRED
P02459,Wireless Mouse,2026-08-21,2026-09-17 15:59:36,2028-11-18,AVAILABLE
P02460,Ballpoint Pen,2025-03-03,2025-03-18 23:15:43,2028-01-01,AVAILABLE
P02461,Green Tea,2024-12-07,2024-12-28 14:30:58,2025-11-15,EXPIRED
P02462,Toothpaste,2026-01-03,2026-02-01 11:14:09,2027-09-12,RESERVED
P02463,Laptop Stand,2025-03-06,2025-03-15 05:23:47,2025-05-17,EXPIRED
P02464,Shampoo,2024-09-06,2024-09-11 01:29:26,2026-01-13,EXPIRED
P02465,Mineral Water,2023-09-14,2023-10-11 20:22:13,2026-01-22,EXPIRED
P02466,Shampoo,2025-05-05,2025-05-20 23:28:28,2027-08-08,AVAILABLE
P02467,Orange Juice,2024-11-22,2024-12-03 21:25:08,2026-02-16,EXPIRED
P02468,Instant Coffee,2024-03-20,2024-04-12 06:36:12,2026-05-03,EXPIRED
P02469,Toothpaste,2026-01-27,2026-02-24 13:23:41,2027-11-16,AVAILABLE
P02470,Mineral Water,2023-10-17,2023-11-02 03:34:41,2026-05-30,EXPIRED
P02471,Chocolate,2026-07-01,2026-07-15 01:12:13,2028-06-21,AVAILABLE
P02472,Laptop Stand,2026-09-12,2026-09-25 16:27:11,2029-04-06,AVAILABLE
P02473,Water Bottle,2025-03-01,2025-03-20 21:11:17,2026-02-13,EXPIRED
P02474,Mineral Water,2026-03-23,2026-04-18 06:09:26,2028-01-30,AVAILABLE
P02475,Instant Coffee,2023-09-25,2023-10-20 15:20:39,2024-01-05,EXPIRED
P02476,Power Bank,2023-05-14,2023-05-17 00:00:58,2023-09-29,EXPIRED
P02477,Cereal,2023-07-04,2023-07-15 11:12:47,2024-06-06,EXPIRED
P02478,Water Bottle,2024-09-21,2024-10-18 02:23:39,2026-07-29,EXPIRED
P02479,Notebook,2025-07-03,2025-07-19 10:45:11,2027-03-18,AVAILABLE
P02480,Power Bank,2026-02-24,2026-03-02 04:10:26,2026-11-23,AVAILABLE
P02481,Ballpoint Pen,2025-04-19,2025-04-25 17:35:40,2028-01-05,RESERVED
P02482,Green Tea,2024-05-25,2024-05-29 21:09:58,2026-12-22,AVAILABLE
P02483,Mechanical Keyboard,2023-10-05,2023-11-03 12:30:24,2026-07-07,EXPIRED
P02484,Laptop Stand,2023-02-10,2023-03-01 22:52:23,2025-08-31,EXPIRED
P02485,Notebook,2026-03-17,2026-03-23 14:57:01,2029-01-17,RESERVED
P02486,Notebook,2024-12-05,2025-01-03 10:05:56,2027-01-31,AVAILABLE
P02487,Laptop Stand,2023-10-04,2023-10-24 09:43:25,2024-09-04,EXPIRED
P02488,Power Bank,2024-02-08,2024-02-29 10:18:45,2024-08-26,EXPIRED
P02489,Orange Juice,2026-05-19,2026-06-14 15:01:39,2028-10-20,AVAILABLE
P02490,Orange Juice,2024-06-01,2024-06-08 16:17:33,2024-08-18,EXPIRED
P02491,Hand Soap,2024-10-14,2024-11-12 05:03:41,2026-03-17,EXPIRED
P02492,Chocolate,2024-06-22,2024-07-07 13:21:02,2026-01-31,EXPIRED
P02493,Toothpaste,2026-09-12,2026-09-15 10:35:02,2027-07-06,AVAILABLE
P02494,Wireless Mouse,2026-03-20,2026-03-21 09:24:12,2028-12-06,AVAILABLE
P02495,Mineral Water,2023-03-15,2023-04-07 21:17:44,2025-05-21,EXPIRED
P02496,Cereal,2025-01-21,2025-02-16 16:54:50,2027-07-09,AVAILABLE
P02497,Cereal,2023-09-29,2023-10-11 23:16:35,2024-11-27,EXPIRED
P02498,Hand Soap,2024-07-30,2024-08-08 02:58:28,2025-02-18,EXPIRED
P02499,Cereal,2025-11-08,2025-12-07 03:01:51,2026-08-28,EXPIRED
P02500,Power Bank,2024-05-12,2024-05-15 05:23:04,2025-04-22,EXPIRED
P02501,Notebook,2024-04-30,2024-05-25 02:55:04,2024-06-18,EXPIRED
P02502,Wireless Mouse,2024-11-29,2024-12-27 19:04:09,2027-07-30,RESERVED
P02503,Cereal,2023-08-05,2023-08-25 03:03:45,2024-06-14,EXPIRED
P02504,Water Bottle,2023-06-16,2023-06-22 02:45:05,2023-07-23,EXPIRED
P02505,Shampoo,2024-04-22,2024-04-29 01:45:05,2026-07-23,EXPIRED
P02506,Cereal,2026-07-04,2026-07-21 06:30:52,2027-09-11,RESERVED
P02507,Hand Soap,2026-05-24,2026-06-16 05:30:18,2026-10-26,AVAILABLE
P02508,Laptop Stand,2025-11-05,2025-11-06 02:11:12,2027-05-28,AVAILABLE
P02509,Laundry Detergent,2026-03-24,2026-03-31 22:07:44,2026-09-25,AVAILABLE
P02510,Laptop Stand,2024-10-20,2024-11-14 07:10:25,2026-07-19,EXPIRED
P02511,Ballpoint Pen,2025-04-24,2025-05-11 20:18:13,2027-10-14,AVAILABLE
P02512,Orange Juice,2024-05-08,2024-05-25 00:41:56,2025-11-04,EXPIRED
P02513,Chocolate,2023-11-27,2023-11-30 01:04:31,2025-11-30,EXPIRED
P02514,Mechanical Keyboard,2026-06-23,2026-07-18 13:05:43,2029-01-21,AVAILABLE
P02515,USB Cable,2024-10-14,2024-11-02 11:44:43,2025-03-27,EXPIRED
P02516,Notebook,2024-06-21,2024-07-15 10:28:22,2027-03-31,AVAILABLE
P02517,Hand Soap,2024-09-06,2024-10-01 15:20:34,2025-10-30,EXPIRED
P02518,Instant Coffee,2026-04-17,2026-04-23 01:44:22,2028-09-02,AVAILABLE
P02519,Toothpaste,2024-10-26,2024-11-25 12:29:55,2027-07-04,AVAILABLE
P02520,Bluetooth Speaker,2023-10-18,2023-11-11 12:26:01,2024-08-28,EXPIRED
P02521,Cereal,2025-02-20,2025-03-20 20:09:25,2027-04-09,AVAILABLE
P02522,Shampoo,2026-09-17,2026-10-16 05:09:37,2027-10-28,AVAILABLE
P02523,Power Bank,2023-02-03,2023-02-16 15:09:17,2025-01-23,EXPIRED
P02524,Water Bottle,2023-02-14,2023-03-02 12:10:19,2024-10-04,EXPIRED
P02525,Instant Coffee,2024-01-25,2024-02-10 19:46:31,2026-07-29,EXPIRED
P02526,Shampoo,2023-11-24,2023-12-10 21:03:22,2024-07-28,EXPIRED
P02527,USB Cable,2024-10-24,2024-11-16 15:38:18,2025-09-08,EXPIRED
P02528,Instant Coffee,2025-11-28,2025-12-14 06:26:31,2026-01-23,EXPIRED
P02529,Chocolate,2026-07-17,2026-07-23 10:40:19,2029-01-10,AVAILABLE
P02530,Power Bank,2026-05-11,2026-05-16 16:18:21,2028-07-13,RESERVED
P02531,Bluetooth Speaker,2025-01-26,2025-02-14 15:04:01,2027-08-29,AVAILABLE
P02532,Shampoo,2024-05-19,2024-05-26 10:44:14,2026-03-20,EXPIRED
P02533,Hand Soap,2024-07-28,2024-08-15 10:36:50,2026-07-06,EXPIRED
P02534,Water Bottle,2023-09-18,2023-09-29 20:36:58,2025-01-28,EXPIRED
P02535,Notebook,2026-06-02,2026-06-10 07:31:36,2029-02-18,AVAILABLE
P02536,Cereal,2025-11-12,2025-12-11 03:24:48,2026-10-11,AVAILABLE
P02537,Cereal,2023-06-16,2023-07-03 15:29:38,2025-01-10,EXPIRED
P02538,USB Cable,2025-07-09,2025-07-22 06:50:49,2027-02-24,RESERVED
P02539,Bluetooth Speaker,2025-01-15,2025-02-12 01:30:15,2026-05-17,EXPIRED
P02540,Wireless Mouse,2024-11-01,2024-11-13 19:30:35,2025-09-26,EXPIRED
P02541,Green Tea,2024-10-17,2024-11-02 10:38:56,2025-12-30,EXPIRED
P02542,Water Bottle,2026-05-08,2026-05-28 03:18:46,2026-10-09,RESERVED
P02543,Water Bottle,2025-12-08,2026-01-03 16:18:15,2028-02-16,AVAILABLE
P02544,Wireless Mouse,2024-09-02,2024-09-11 06:09:18,2024-11-22,EXPIRED
P02545,Wireless Mouse,2026-08-27,2026-09-17 13:05:23,2029-05-05,AVAILABLE
P02546,Toothpaste,2026-07-05,2026-07-18 17:10:38,2029-01-29,AVAILABLE
P02547,Power Bank,2024-07-14,2024-07-29 08:12:45,2027-02-27,AVAILABLE
P02548,Laptop Stand,2026-04-16,2026-04-21 10:01:07,2026-08-31,EXPIRED
P02549,Cereal,2026-02-05,2026-02-21 11:09:20,2028-04-13,AVAILABLE
P02550,Wireless Mouse,2026-07-11,2026-07-25 20:20:25,2027-08-09,AVAILABLE
P02551,Ballpoint Pen,2023-03-12,2023-04-02 09:20:36,2023-06-30,EXPIRED
P02552,Dish Soap,2023-04-25,2023-05-19 22:45:08,2026-03-07,EXPIRED
P02553,USB Cable,2023-05-20,2023-05-25 04:06:33,2024-05-18,EXPIRED
P02554,Instant Coffee,2023-07-08,2023-08-02 11:22:21,2024-01-20,EXPIRED
P02555,Shampoo,2024-12-04,2024-12-29 02:31:25,2025-05-10,EXPIRED
P02556,Dish Soap,2025-05-02,2025-05-23 12:44:09,2025-12-01,EXPIRED
P02557,Water Bottle,2025-07-07,2025-07-13 03:48:58,2027-01-22,AVAILABLE
P02558,Instant Coffee,2023-04-26,2023-05-17 21:35:01,2023-09-10,EXPIRED
P02559,Instant Coffee,2025-09-07,2025-09-09 01:14:48,2027-01-26,AVAILABLE
P02560,Bluetooth Speaker,2025-10-22,2025-11-02 10:24:48,2028-02-09,AVAILABLE
P02561,Dish Soap,2024-08-16,2024-09-01 00:42:45,2027-01-12,AVAILABLE
P02562,USB Cable,2023-03-24,2023-03-31 18:02:13,2024-08-05,EXPIRED
P02563,Notebook,2025-10-03,2025-10-04 11:44:05,2027-11-25,AVAILABLE
P02564,Laptop Stand,2025-03-24,2025-03-31 04:34:00,2026-11-20,AVAILABLE
P02565,Laundry Detergent,2025-02-05,2025-02-22 12:10:53,2026-04-23,EXPIRED
P02566,Ballpoint Pen,2024-06-08,2024-06-19 06:20:57,2025-12-23,EXPIRED
P02567,Mineral Water,2023-09-02,2023-09-23 09:28:01,2026-04-01,EXPIRED
P02568,Ballpoint Pen,2026-08-27,2026-09-18 16:49:25,2027-11-19,AVAILABLE
P02569,Power Bank,2023-03-27,2023-04-09 03:47:59,2024-06-20,EXPIRED
P02570,Water Bottle,2026-03-13,2026-04-06 23:19:53,2027-06-24,AVAILABLE
P02571,Chocolate,2025-01-09,2025-01-24 01:41:40,2026-05-24,EXPIRED
P02572,Notebook,2024-05-31,2024-06-07 16:01:19,2024-07-25,EXPIRED
P02573,Water Bottle,2024-01-06,2024-02-03 10:13:31,2026-04-10,EXPIRED
P02574,Cereal,2025-07-26,2025-08-08 19:48:10,2028-05-27,AVAILABLE
P02575,Laundry Detergent,2026-05-07,2026-05-17 21:54:15,2026-11-12,AVAILABLE
P02576,Power Bank,2023-01-01,2023-01-29 00:39:03,2023-02-22,EXPIRED
P02577,Green Tea,2023-01-01,2023-01-11 14:24:46,2023-12-23,EXPIRED
P02578,Power Bank,2023-04-20,2023-05-02 06:41:12,2025-10-02,EXPIRED
P02579,Orange Juice,2023-06-05,2023-06-14 13:41:01,2025-03-05,EXPIRED
P02580,Mechanical Keyboard,2023-09-03,2023-09-13 04:16:29,2024-11-25,EXPIRED
P02581,Power Bank,2026-07-27,2026-08-20 21:50:01,2029-04-27,AVAILABLE
P02582,Wireless Mouse,2023-08-19,2023-08-22 23:15:29,2025-03-30,EXPIRED
P02583,Green Tea,2023-02-16,2023-03-11 18:30:04,2024-01-25,EXPIRED
P02584,Water Bottle,2023-05-14,2023-05-27 21:24:01,2023-08-28,EXPIRED
P02585,Hand Soap,2025-06-04,2025-07-01 14:26:11,2025-07-31,EXPIRED
P02586,Notebook,2023-04-01,2023-04-23 02:49:56,2024-11-26,EXPIRED
P02587,Chocolate,2025-09-08,2025-09-15 08:01:42,2027-04-17,AVAILABLE
P02588,Instant Coffee,2025-07-06,2025-08-01 00:41:02,2028-01-13,AVAILABLE
P02589,Hand Soap,2024-04-19,2024-05-12 23:03:18,2026-06-03,EXPIRED
P02590,USB Cable,2026-05-09,2026-05-21 14:52:30,2027-05-09,AVAILABLE
P02591,Orange Juice,2026-02-02,2026-02-20 04:20:47,2028-02-12,AVAILABLE
P02592,Laptop Stand,2026-04-03,2026-04-16 11:29:22,2027-12-22,AVAILABLE
P02593,Hand Soap,2026-01-15,2026-01-29 11:27:05,2027-07-17,AVAILABLE
P02594,Cereal,2025-01-04,2025-01-25 14:28:48,2026-01-05,EXPIRED
P02595,Mechanical Keyboard,2024-12-04,2024-12-21 20:09:38,2026-12-03,AVAILABLE
P02596,Laptop Stand,2026-03-20,2026-03-25 06:52:44,2028-07-08,AVAILABLE
P02597,Shampoo,2023-08-18,2023-09-04 17:02:33,2024-04-16,EXPIRED
P02598,Notebook,2023-01-09,2023-01-18 17:42:10,2024-05-17,EXPIRED
P02599,Cereal,2025-09-28,2025-10-02 10:46:53,2027-12-01,AVAILABLE
P02600,Mineral Water,2025-12-07,2025-12-29 12:14:36,2027-12-26,RESERVED
P02601,Shampoo,2023-08-06,2023-08-14 20:41:29,2024-07-19,EXPIRED
P02602,Water Bottle,2023-01-02,2023-01-31 16:51:06,2025-11-11,EXPIRED
P02603,Bluetooth Speaker,2023-05-28,2023-06-20 09:15:48,2025-10-05,EXPIRED
P02604,Chocolate,2024-03-04,2024-03-22 20:06:52,2025-04-29,EXPIRED
P02605,Wireless Mouse,2023-02-03,2023-02-04 09:07:13,2024-03-19,EXPIRED
P02606,USB Cable,2023-05-18,2023-05-27 14:07:27,2025-06-18,EXPIRED
P02607,Mineral Water,2023-01-22,2023-02-14 19:19:21,2025-04-25,EXPIRED
P02608,Orange Juice,2024-03-02,2024-03-12 13:39:37,2026-12-06,RESERVED
P02609,Ballpoint Pen,2026-04-30,2026-05-02 21:31:02,2029-03-18,AVAILABLE
P02610,Orange Juice,2023-03-05,2023-03-14 22:30:55,2025-05-28,EXPIRED
P02611,Laundry Detergent,2023-07-20,2023-08-03 22:37:39,2025-08-06,EXPIRED
P02612,Hand Soap,2023-02-25,2023-03-10 01:31:48,2023-09-20,EXPIRED
P02613,Hand Soap,2024-05-31,2024-06-18 02:05:15,2025-01-08,EXPIRED
P02614,Toothpaste,2025-02-16,2025-03-12 10:15:38,2027-11-04,AVAILABLE
P02615,Cereal,2024-09-26,2024-10-14 22:54:28,2026-01-12,EXPIRED
P02616,Ballpoint Pen,2025-04-20,2025-04-24 00:43:08,2025-07-16,EXPIRED
P02617,Dish Soap,2025-06-29,2025-07-02 16:11:29,2027-02-11,RESERVED
P02618,Notebook,2025-03-05,2025-03-31 17:41:46,2025-07-12,EXPIRED
P02619,Green Tea,2026-04-14,2026-04-18 22:33:31,2027-05-05,AVAILABLE
P02620,Chocolate,2023-11-30,2023-12-02 09:38:21,2026-05-21,EXPIRED
P02621,Power Bank,2023-11-14,2023-12-11 02:12:30,2026-09-04,EXPIRED
P02622,Instant Coffee,2023-01-12,2023-01-25 23:51:41,2024-02-07,EXPIRED
P02623,Mineral Water,2023-03-31,2023-04-10 05:14:21,2026-02-03,EXPIRED
P02624,Instant Coffee,2025-06-29,2025-07-25 22:58:07,2026-02-21,EXPIRED
P02625,Laptop Stand,2023-10-13,2023-10-18 23:38:36,2023-12-30,EXPIRED
P02626,Toothpaste,2025-10-13,2025-10-25 22:27:01,2027-12-06,RESERVED
P02627,Laundry Detergent,2023-08-06,2023-08-20 15:02:17,2026-02-14,EXPIRED
P02628,Laundry Detergent,2025-05-14,2025-05-17 02:05:16,2027-06-15,AVAILABLE
P02629,Mineral Water,2025-11-04,2025-12-04 07:58:59,2026-09-11,EXPIRED
P02630,Power Bank,2023-02-19,2023-02-25 02:36:11,2024-04-26,EXPIRED
P02631,Toothpaste,2026-09-13,2026-10-01 11:35:16,2029-06-17,AVAILABLE
P02632,Laptop Stand,2026-04-07,2026-04-21 03:35:02,2027-08-25,AVAILABLE
P02633,Bluetooth Speaker,2024-09-07,2024-09-12 23:44:25,2024-10-29,EXPIRED
P02634,Orange Juice,2023-05-03,2023-05-20 00:07:33,2024-11-27,EXPIRED
P02635,Notebook,2025-12-22,2025-12-23 09:56:51,2026-10-28,AVAILABLE
P02636,Instant Coffee,2025-09-10,2025-10-06 06:12:42,2028-06-08,AVAILABLE
P02637,Hand Soap,2024-03-14,2024-03-18 05:24:35,2024-09-05,EXPIRED
P02638,Bluetooth Speaker,2023-09-18,2023-10-16 16:09:55,2024-03-05,EXPIRED
P02639,Hand Soap,2025-11-17,2025-11-20 18:10:15,2028-04-11,RESERVED
P02640,Orange Juice,2024-04-06,2024-05-03 08:26:03,2026-10-07,AVAILABLE
P02641,Cereal,2025-03-19,2025-03-20 06:42:46,2027-05-23,AVAILABLE
P02642,Toothpaste,2026-05-26,2026-06-22 07:47:58,2027-03-12,AVAILABLE
P02643,Ballpoint Pen,2025-11-09,2025-12-08 13:41:55,2026-10-27,AVAILABLE
P02644,Ballpoint Pen,2025-12-03,2025-12-13 15:49:04,2028-06-06,AVAILABLE
P02645,Wireless Mouse,2025-05-04,2025-05-07 17:05:45,2026-03-28,EXPIRED
P02646,Mechanical Keyboard,2025-01-26,2025-02-04 12:17:29,2027-01-25,AVAILABLE
P02647,Laundry Detergent,2026-05-24,2026-06-04 09:54:30,2029-05-05,AVAILABLE
P02648,Mineral Water,2026-04-22,2026-05-15 17:59:43,2027-02-27,AVAILABLE
P02649,Cereal,2023-07-06,2023-07-29 15:21:34,2026-06-28,EXPIRED
P02650,Ballpoint Pen,2026-07-17,2026-07-20 08:40:17,2028-02-22,AVAILABLE
P02651,Ballpoint Pen,2025-11-17,2025-11-25 10:59:57,2027-10-11,AVAILABLE
P02652,Notebook,2024-01-27,2024-02-08 09:12:52,2026-01-12,EXPIRED
P02653,Dish Soap,2025-04-22,2025-05-01 08:38:27,2026-06-11,EXPIRED
P02654,Ballpoint Pen,2023-10-13,2023-11-08 22:18:12,2025-11-21,EXPIRED
P02655,Laundry Detergent,2026-02-06,2026-02-17 06:51:29,2029-02-05,AVAILABLE
P02656,Power Bank,2024-08-19,2024-09-09 07:13:38,2026-08-09,EXPIRED
P02657,Laptop Stand,2026-08-19,2026-09-14 15:23:15,2028-11-28,AVAILABLE
P02658,Green Tea,2026-03-09,2026-03-24 17:21:09,2027-09-11,AVAILABLE
P02659,USB Cable,2024-06-01,2024-06-05 12:52:35,2026-09-14,EXPIRED
P02660,Wireless Mouse,2023-05-17,2023-05-24 08:59:31,2026-01-02,EXPIRED
P02661,Laundry Detergent,2026-04-10,2026-05-07 08:32:36,2028-09-17,AVAILABLE
P02662,Green Tea,2023-04-15,2023-04-29 20:31:38,2023-12-22,EXPIRED
P02663,Hand Soap,2025-06-14,2025-06-27 10:07:08,2026-07-19,EXPIRED
P02664,Power Bank,2025-01-10,2025-02-04 01:02:54,2025-07-02,EXPIRED
P02665,Green Tea,2023-08-09,2023-08-27 17:17:08,2024-03-22,EXPIRED
P02666,Shampoo,2024-02-24,2024-02-26 21:36:03,2024-04-14,EXPIRED
P02667,Power Bank,2024-11-22,2024-12-12 23:17:18,2027-05-21,AVAILABLE
P02668,Instant Coffee,2024-03-27,2024-04-16 19:36:48,2025-10-24,EXPIRED
P02669,Laundry Detergent,2024-12-25,2025-01-21 07:09:01,2026-11-03,AVAILABLE
P02670,Laptop Stand,2025-02-23,2025-03-02 17:39:01,2026-02-16,EXPIRED
P02671,USB Cable,2026-03-15,2026-04-08 19:17:51,2029-01-03,AVAILABLE
P02672,Power Bank,2024-05-19,2024-06-16 13:14:15,2027-01-15,AVAILABLE
P02673,Laptop Stand,2023-12-22,2024-01-21 07:17:06,2024-01-27,EXPIRED
P02674,Instant Coffee,2024-09-23,2024-10-07 18:55:38,2026-12-23,AVAILABLE
P02675,Water Bottle,2024-04-20,2024-04-24 02:26:45,2026-11-15,AVAILABLE
P02676,Bluetooth Speaker,2025-02-26,2025-03-26 19:48:24,2025-05-14,EXPIRED
P02677,Laundry Detergent,2024-07-10,2024-07-17 21:31:27,2026-07-11,EXPIRED
P02678,Cereal,2023-02-12,2023-02-28 16:39:24,2025-09-04,EXPIRED
P02679,Ballpoint Pen,2024-02-25,2024-03-08 04:45:04,2026-05-08,EXPIRED
P02680,Laptop Stand,2025-04-07,2025-04-14 06:20:22,2027-08-14,AVAILABLE
P02681,Instant Coffee,2024-08-18,2024-09-16 07:24:38,2027-05-06,AVAILABLE
P02682,Notebook,2024-05-14,2024-06-04 22:04:28,2024-07-27,EXPIRED
P02683,Mineral Water,2026-03-16,2026-03-28 11:24:01,2029-01-14,AVAILABLE
P02684,Toothpaste,2025-05-18,2025-05-21 13:16:22,2026-09-28,AVAILABLE
P02685,Orange Juice,2024-06-16,2024-07-02 05:10:14,2027-06-10,AVAILABLE
P02686,Dish Soap,2024-02-05,2024-03-04 01:24:23,2024-06-12,EXPIRED
P02687,Instant Coffee,2023-07-04,2023-07-27 05:05:39,2023-11-13,EXPIRED
P02688,Green Tea,2023-06-12,2023-06-29 08:28:09,2025-03-03,EXPIRED
P02689,Bluetooth Speaker,2025-06-11,2025-06-20 05:14:26,2027-04-10,AVAILABLE
P02690,Dish Soap,2023-05-17,2023-05-25 02:39:03,2024-06-10,EXPIRED
P02691,Chocolate,2026-01-27,2026-02-12 13:57:10,2027-06-24,AVAILABLE
P02692,Water Bottle,2026-05-19,2026-06-11 02:04:49,2027-01-11,AVAILABLE
P02693,Laptop Stand,2025-12-29,2026-01-02 14:35:48,2028-02-22,RESERVED
P02694,Laptop Stand,2023-11-09,2023-11-27 05:15:50,2023-12-26,EXPIRED
P02695,Cereal,2023-12-18,2024-01-12 08:32:52,2024-02-28,EXPIRED
P02696,Dish Soap,2025-10-30,2025-11-28 01:25:08,2026-11-06,AVAILABLE
P02697,Hand Soap,2023-11-16,2023-12-14 04:15:55,2026-01-06,EXPIRED
P02698,Notebook,2024-07-25,2024-08-09 07:29:11,2025-04-06,EXPIRED
P02699,Instant Coffee,2023-11-28,2023-12-19 19:48:02,2024-05-13,EXPIRED
P02700,Mineral Water,2023-10-06,2023-10-07 09:29:33,2026-08-04,EXPIRED
P02701,Mineral Water,2026-02-01,2026-02-19 23:25:56,2028-10-13,RESERVED
P02702,Dish Soap,2024-12-25,2025-01-20 19:36:45,2027-05-03,AVAILABLE
P02703,Dish Soap,2025-04-14,2025-04-20 16:54:31,2026-01-27,EXPIRED
P02704,Mechanical Keyboard,2024-02-28,2024-03-02 19:23:53,2025-11-30,EXPIRED
P02705,Power Bank,2026-05-22,2026-06-20 13:24:24,2028-02-24,AVAILABLE
P02706,Wireless Mouse,2024-10-06,2024-10-22 06:48:01,2026-01-20,EXPIRED
P02707,Shampoo,2026-07-31,2026-08-25 04:28:55,2027-06-12,RESERVED
P02708,Chocolate,2025-03-22,2025-03-30 04:01:57,2026-07-30,EXPIRED
P02709,Toothpaste,2024-06-01,2024-06-17 12:29:45,2027-02-08,AVAILABLE
P02710,Water Bottle,2025-08-06,2025-08-11 13:03:15,2026-06-30,EXPIRED
P02711,Power Bank,2024-08-28,2024-09-09 01:22:29,2026-11-27,RESERVED
P02712,Shampoo,2023-06-09,2023-06-29 09:22:52,2026-05-23,EXPIRED
P02713,Laundry Detergent,2025-09-04,2025-09-06 15:04:22,2027-08-13,AVAILABLE
P02714,Chocolate,2025-11-03,2025-11-09 00:06:09,2027-06-08,AVAILABLE
P02715,Wireless Mouse,2025-11-09,2025-11-16 20:33:23,2026-01-27,EXPIRED
P02716,Toothpaste,2025-04-06,2025-04-17 19:29:22,2027-03-05,AVAILABLE
P02717,Orange Juice,2023-04-15,2023-05-11 16:37:07,2025-10-28,EXPIRED
P02718,Hand Soap,2025-06-06,2025-07-01 16:02:42,2028-05-07,AVAILABLE
P02719,Bluetooth Speaker,2025-02-12,2025-02-23 21:45:28,2026-09-12,EXPIRED
P02720,Bluetooth Speaker,2023-10-19,2023-11-13 06:05:39,2026-01-12,EXPIRED
P02721,Green Tea,2025-03-18,2025-03-26 01:02:19,2025-05-11,EXPIRED
P02722,Bluetooth Speaker,2024-02-03,2024-02-17 18:12:26,2025-01-08,EXPIRED
P02723,Shampoo,2026-01-25,2026-02-13 08:58:13,2026-02-25,EXPIRED
P02724,USB Cable,2023-12-01,2023-12-29 01:16:46,2026-09-14,EXPIRED
P02725,USB Cable,2024-03-24,2024-04-08 05:59:43,2027-01-28,AVAILABLE
P02726,USB Cable,2025-07-30,2025-08-25 10:39:46,2027-09-30,AVAILABLE
P02727,Green Tea,2026-03-27,2026-04-14 17:56:57,2028-03-03,RESERVED
P02728,Cereal,2025-12-14,2025-12-19 21:43:53,2028-12-13,RESERVED
P02729,Green Tea,2026-05-01,2026-05-26 07:14:52,2026-07-15,EXPIRED
P02730,Shampoo,2025-09-16,2025-09-25 10:32:19,2028-08-02,RESERVED
P02731,Mineral Water,2023-04-16,2023-05-05 09:51:55,2024-10-24,EXPIRED
P02732,Power Bank,2023-10-31,2023-11-18 07:54:50,2025-02-20,EXPIRED
P02733,Instant Coffee,2025-08-08,2025-09-06 04:59:06,2028-07-08,AVAILABLE
P02734,Shampoo,2025-03-29,2025-04-12 18:21:19,2025-10-11,EXPIRED
P02735,Instant Coffee,2023-11-29,2023-12-19 15:59:42,2024-05-12,EXPIRED
P02736,Cereal,2023-04-27,2023-05-11 12:52:27,2024-04-06,EXPIRED
P02737,Shampoo,2025-08-27,2025-08-28 10:23:07,2027-06-18,AVAILABLE
P02738,Hand Soap,2025-10-04,2025-11-03 12:37:13,2028-02-11,AVAILABLE
P02739,Instant Coffee,2024-08-09,2024-08-17 19:51:10,2026-07-28,EXPIRED
P02740,Laptop Stand,2026-05-09,2026-05-20 18:24:54,2026-11-24,AVAILABLE
P02741,USB Cable,2023-06-18,2023-07-14 23:00:09,2025-12-11,EXPIRED
P02742,Hand Soap,2023-07-09,2023-08-08 22:41:09,2023-11-21,EXPIRED
P02743,Wireless Mouse,2025-08-23,2025-08-29 01:08:18,2027-10-13,RESERVED
P02744,Orange Juice,2026-03-17,2026-03-20 01:10:57,2028-01-10,AVAILABLE
P02745,Power Bank,2023-03-21,2023-04-09 02:02:39,2023-04-20,EXPIRED
P02746,Water Bottle,2023-12-15,2024-01-13 12:52:31,2024-08-21,EXPIRED
P02747,Green Tea,2026-04-30,2026-05-10 19:53:33,2026-10-23,AVAILABLE
P02748,Chocolate,2023-10-11,2023-10-14 14:38:54,2025-04-25,EXPIRED
P02749,Laptop Stand,2026-08-10,2026-09-04 22:32:06,2029-06-21,AVAILABLE
P02750,Instant Coffee,2024-08-04,2024-08-06 12:54:21,2025-08-02,EXPIRED
P02751,Hand Soap,2025-07-15,2025-07-27 16:19:18,2027-11-13,AVAILABLE
P02752,Instant Coffee,2024-09-25,2024-10-17 10:13:15,2027-05-27,AVAILABLE
P02753,Bluetooth Speaker,2023-03-17,2023-03-20 01:37:56,2023-12-13,EXPIRED
P02754,Bluetooth Speaker,2023-08-09,2023-08-24 04:09:46,2024-02-05,EXPIRED
P02755,Chocolate,2024-11-12,2024-12-05 10:37:15,2027-08-25,AVAILABLE
P02756,Shampoo,2023-09-09,2023-10-09 20:42:42,2025-06-19,EXPIRED
P02757,Water Bottle,2025-08-27,2025-09-17 01:23:10,2027-12-05,AVAILABLE
P02758,Orange Juice,2023-05-16,2023-05-18 01:53:54,2024-11-12,EXPIRED
P02759,Mineral Water,2024-01-18,2024-02-14 15:29:42,2026-05-11,EXPIRED
P02760,Cereal,2025-07-09,2025-07-14 10:47:45,2027-12-20,RESERVED
P02761,Cereal,2026-03-06,2026-04-03 22:11:00,2027-03-07,AVAILABLE
P02762,Shampoo,2023-07-10,2023-07-26 10:09:02,2024-05-22,EXPIRED
P02763,Instant Coffee,2025-11-16,2025-12-06 15:17:58,2027-02-03,RESERVED
P02764,Laptop Stand,2025-05-05,2025-05-07 00:40:23,2027-05-07,AVAILABLE
P02765,Orange Juice,2024-11-21,2024-11-22 03:30:49,2027-10-13,AVAILABLE
P02766,Water Bottle,2023-10-30,2023-11-10 21:42:54,2026-09-28,AVAILABLE
P02767,Dish Soap,2025-03-11,2025-04-09 16:37:39,2026-05-17,EXPIRED
P02768,Shampoo,2023-03-22,2023-04-06 23:37:35,2024-12-05,EXPIRED
P02769,Laundry Detergent,2025-07-23,2025-07-25 09:21:01,2027-12-04,AVAILABLE
P02770,USB Cable,2025-08-29,2025-09-25 13:59:29,2027-01-13,AVAILABLE
P02771,Notebook,2024-04-01,2024-04-16 08:19:57,2024-07-19,EXPIRED
P02772,Instant Coffee,2026-04-01,2026-04-10 12:16:00,2027-08-13,AVAILABLE
P02773,Instant Coffee,2025-07-09,2025-07-17 12:00:27,2025-11-13,EXPIRED
P02774,USB Cable,2024-07-14,2024-08-01 17:26:01,2027-06-06,RESERVED
P02775,Chocolate,2026-05-14,2026-06-05 01:31:37,2027-08-24,AVAILABLE
P02776,Laundry Detergent,2024-08-11,2024-09-05 03:54:15,2026-11-15,AVAILABLE
P02777,Cereal,2023-12-29,2024-01-16 20:12:00,2026-06-25,EXPIRED
P02778,USB Cable,2024-11-04,2024-11-25 07:30:01,2025-06-25,EXPIRED
P02779,Bluetooth Speaker,2024-06-12,2024-06-18 21:18:42,2025-12-20,EXPIRED
P02780,Shampoo,2023-11-28,2023-12-27 13:13:46,2024-11-27,EXPIRED
P02781,Orange Juice,2023-07-19,2023-08-13 09:19:34,2024-01-05,EXPIRED
P02782,USB Cable,2023-11-15,2023-12-13 03:54:59,2023-12-21,EXPIRED
P02783,Instant Coffee,2023-05-16,2023-06-10 08:11:07,2025-12-25,EXPIRED
P02784,Cereal,2023-09-06,2023-09-23 17:29:32,2024-06-12,EXPIRED
P02785,Hand Soap,2026-06-12,2026-06-21 02:22:50,2027-01-16,AVAILABLE
P02786,Laptop Stand,2025-03-05,2025-03-31 06:34:16,2025-05-11,EXPIRED
P02787,Ballpoint Pen,2023-06-26,2023-06-29 05:09:21,2024-06-18,EXPIRED
P02788,Dish Soap,2025-12-31,2026-01-07 15:59:48,2028-01-19,AVAILABLE
P02789,Cereal,2025-03-08,2025-04-03 13:06:51,2028-02-20,AVAILABLE
P02790,Water Bottle,2023-12-10,2023-12-17 19:40:30,2024-05-25,EXPIRED
P02791,Instant Coffee,2026-09-07,2026-10-07 15:35:49,2029-05-01,AVAILABLE
P02792,Cereal,2026-08-08,2026-08-20 06:57:02,2026-11-20,AVAILABLE
P02793,Water Bottle,2023-01-08,2023-01-27 11:01:42,2025-03-10,EXPIRED
P02794,Cereal,2025-05-01,2025-05-25 00:20:55,2028-01-05,AVAILABLE
P02795,Bluetooth Speaker,2023-07-16,2023-08-05 16:35:49,2024-04-09,EXPIRED
P02796,Notebook,2023-10-06,2023-10-22 15:35:35,2025-10-02,EXPIRED
P02797,Power Bank,2026-07-03,2026-07-29 01:50:53,2028-05-12,AVAILABLE
P02798,Chocolate,2026-01-04,2026-01-31 13:18:02,2026-09-09,EXPIRED
P02799,Mechanical Keyboard,2024-09-06,2024-09-28 04:44:16,2026-11-22,AVAILABLE
P02800,Green Tea,2024-11-27,2024-12-25 13:04:33,2027-01-11,AVAILABLE
P02801,Hand Soap,2024-09-23,2024-10-17 09:26:01,2024-12-15,EXPIRED
P02802,Chocolate,2024-11-02,2024-11-08 22:05:55,2025-09-09,EXPIRED
P02803,Dish Soap,2026-05-19,2026-06-08 03:23:07,2026-12-29,AVAILABLE
P02804,Cereal,2024-10-13,2024-11-11 03:11:36,2026-01-20,EXPIRED
P02805,Notebook,2023-06-11,2023-06-19 01:17:19,2023-12-21,EXPIRED
P02806,Laundry Detergent,2026-03-28,2026-04-25 22:34:19,2027-12-27,AVAILABLE
P02807,Mineral Water,2023-03-25,2023-04-04 13:05:42,2025-03-06,EXPIRED
P02808,Green Tea,2023-04-17,2023-04-22 02:06:37,2023-05-25,EXPIRED
P02809,Power Bank,2025-09-03,2025-09-05 15:51:23,2028-01-12,AVAILABLE
P02810,Power Bank,2024-06-25,2024-07-01 18:35:57,2025-12-14,EXPIRED
P02811,USB Cable,2024-11-15,2024-11-21 05:41:58,2025-07-15,EXPIRED
P02812,Wireless Mouse,2025-08-21,2025-08-28 23:45:08,2026-09-01,EXPIRED
P02813,Dish Soap,2024-05-03,2024-05-17 00:43:33,2025-12-13,EXPIRED
P02814,Notebook,2024-01-20,2024-02-05 17:15:03,2026-07-18,EXPIRED
P02815,Water Bottle,2026-06-09,2026-07-01 12:12:52,2028-02-28,AVAILABLE
P02816,Bluetooth Speaker,2025-04-08,2025-04-27 13:58:37,2026-12-18,AVAILABLE
P02817,Instant Coffee,2026-06-16,2026-07-14 03:45:26,2027-12-20,RESERVED
P02818,Ballpoint Pen,2025-10-16,2025-10-17 03:25:37,2026-12-11,RESERVED
P02819,Green Tea,2023-09-20,2023-10-09 05:52:41,2024-06-21,EXPIRED
P02820,Instant Coffee,2023-09-29,2023-10-22 01:14:15,2024-02-01,EXPIRED
P02821,USB Cable,2025-03-19,2025-03-24 06:17:07,2025-04-23,EXPIRED
P02822,Water Bottle,2023-08-15,2023-09-11 22:00:26,2024-04-20,EXPIRED
P02823,Cereal,2024-02-27,2024-03-13 04:09:46,2024-12-05,EXPIRED
P02824,Orange Juice,2024-10-27,2024-11-10 12:42:33,2026-06-12,EXPIRED
P02825,Toothpaste,2026-09-20,2026-09-27 20:09:13,2028-12-25,AVAILABLE
P02826,Water Bottle,2026-09-18,2026-09-26 15:31:17,2029-03-31,AVAILABLE
P02827,Green Tea,2023-01-07,2023-01-21 14:10:03,2023-06-08,EXPIRED
P02828,Toothpaste,2025-12-09,2025-12-19 06:26:07,2027-08-19,AVAILABLE
P02829,Chocolate,2024-07-26,2024-08-01 13:49:00,2027-04-21,AVAILABLE
P02830,USB Cable,2026-04-16,2026-05-01 11:19:41,2027-08-18,AVAILABLE
P02831,Water Bottle,2024-07-18,2024-08-14 15:24:17,2025-07-11,EXPIRED
P02832,Hand Soap,2024-03-27,2024-04-11 04:01:49,2025-08-19,EXPIRED
P02833,Hand Soap,2025-02-26,2025-03-06 17:32:41,2026-01-18,EXPIRED
P02834,Power Bank,2024-07-02,2024-07-26 11:33:16,2025-02-19,EXPIRED
P02835,Green Tea,2026-09-10,2026-09-27 09:47:25,2026-11-20,AVAILABLE
P02836,Notebook,2023-08-08,2023-08-16 09:16:51,2025-01-19,EXPIRED
P02837,Laundry Detergent,2026-06-10,2026-06-29 16:58:11,2029-04-22,AVAILABLE
P02838,Wireless Mouse,2023-11-02,2023-11-03 10:49:44,2026-04-09,EXPIRED
P02839,Notebook,2024-11-29,2024-11-30 15:12:11,2025-08-08,EXPIRED
P02840,Chocolate,2025-05-20,2025-05-29 22:51:17,2026-08-01,EXPIRED
P02841,Mineral Water,2026-05-17,2026-06-05 18:22:06,2028-08-02,AVAILABLE
P02842,Ballpoint Pen,2024-02-06,2024-03-06 07:20:02,2026-01-24,EXPIRED
P02843,Orange Juice,2025-08-23,2025-09-17 07:34:21,2028-06-27,AVAILABLE
P02844,Shampoo,2026-02-25,2026-02-26 22:04:06,2027-01-01,AVAILABLE
P02845,Shampoo,2023-03-31,2023-04-07 14:26:34,2023-09-25,EXPIRED
P02846,Power Bank,2026-01-28,2026-02-12 22:08:14,2027-05-12,AVAILABLE
P02847,Orange Juice,2023-07-18,2023-07-20 08:00:58,2025-12-01,EXPIRED
P02848,Power Bank,2024-07-28,2024-08-18 18:56:28,2025-10-29,EXPIRED
P02849,USB Cable,2024-11-28,2024-12-28 07:39:07,2025-07-07,EXPIRED
P02850,Green Tea,2026-05-10,2026-05-28 23:40:48,2027-10-15,AVAILABLE
P02851,Hand Soap,2024-07-21,2024-08-08 05:42:48,2024-09-02,EXPIRED
P02852,Hand Soap,2024-03-19,2024-04-14 13:56:21,2024-11-08,EXPIRED
P02853,USB Cable,2025-10-28,2025-11-16 07:59:36,2027-06-18,AVAILABLE
P02854,Shampoo,2024-12-15,2025-01-14 11:48:28,2025-12-16,EXPIRED
P02855,Wireless Mouse,2023-07-19,2023-08-09 18:01:42,2025-03-03,EXPIRED
P02856,Water Bottle,2023-12-19,2024-01-15 05:14:47,2024-04-19,EXPIRED
P02857,Laptop Stand,2024-02-06,2024-03-04 06:12:08,2025-11-01,EXPIRED
P02858,Toothpaste,2023-05-06,2023-05-28 14:14:39,2024-03-06,EXPIRED
P02859,Mechanical Keyboard,2023-08-30,2023-09-23 23:13:23,2025-06-03,EXPIRED
P02860,Shampoo,2023-11-12,2023-12-05 02:53:57,2024-11-01,EXPIRED
P02861,Hand Soap,2025-02-13,2025-02-14 05:23:02,2026-03-08,EXPIRED
P02862,Shampoo,2023-08-11,2023-08-14 05:13:04,2024-07-20,EXPIRED
P02863,Shampoo,2023-08-11,2023-08-25 07:44:52,2024-08-15,EXPIRED
P02864,Green Tea,2025-12-01,2025-12-24 17:56:43,2027-11-06,AVAILABLE
P02865,Laptop Stand,2026-05-02,2026-05-20 21:36:13,2028-12-06,AVAILABLE
P02866,Laptop Stand,2026-06-05,2026-07-02 14:17:20,2027-12-19,AVAILABLE
P02867,Water Bottle,2023-02-11,2023-02-18 12:18:24,2025-10-20,EXPIRED
P02868,USB Cable,2026-04-05,2026-04-09 22:08:57,2026-08-23,EXPIRED
P02869,Instant Coffee,2025-12-28,2026-01-25 03:35:30,2028-04-14,RESERVED
P02870,Notebook,2023-10-04,2023-10-06 16:11:34,2025-02-19,EXPIRED
P02871,Bluetooth Speaker,2024-05-07,2024-06-06 01:32:54,2024-11-04,EXPIRED
P02872,Instant Coffee,2026-01-08,2026-01-26 02:21:33,2026-08-17,EXPIRED
P02873,Green Tea,2024-06-18,2024-06-29 17:08:52,2025-07-18,EXPIRED
P02874,Mechanical Keyboard,2025-05-25,2025-06-10 06:08:51,2026-09-18,EXPIRED
P02875,USB Cable,2025-11-26,2025-12-01 19:28:04,2028-05-08,RESERVED
P02876,Laundry Detergent,2023-06-14,2023-07-08 10:29:10,2025-01-29,EXPIRED
P02877,Cereal,2023-03-03,2023-03-05 00:49:01,2023-05-21,EXPIRED
P02878,Wireless Mouse,2023-06-21,2023-07-02 05:48:47,2024-01-03,EXPIRED
P02879,USB Cable,2024-01-25,2024-02-10 03:28:50,2026-03-25,EXPIRED
P02880,Mechanical Keyboard,2026-07-15,2026-08-08 19:01:46,2027-06-16,AVAILABLE
P02881,Cereal,2025-02-15,2025-03-09 03:50:58,2028-01-13,RESERVED
P02882,Chocolate,2024-08-21,2024-08-30 05:05:34,2025-07-19,EXPIRED
P02883,Ballpoint Pen,2026-03-26,2026-04-13 15:18:31,2026-09-28,AVAILABLE
P02884,Laptop Stand,2024-08-14,2024-08-31 19:50:02,2026-06-18,EXPIRED
P02885,Mineral Water,2025-08-18,2025-08-20 16:27:29,2025-11-09,EXPIRED
P02886,Mechanical Keyboard,2026-05-12,2026-05-14 00:42:16,2027-10-27,AVAILABLE
P02887,Orange Juice,2026-07-27,2026-08-07 02:23:46,2029-07-17,AVAILABLE
P02888,Dish Soap,2023-11-04,2023-11-17 12:36:07,2025-03-30,EXPIRED
P02889,Shampoo,2023-11-02,2023-11-28 08:32:14,2025-09-20,EXPIRED
P02890,Orange Juice,2026-09-16,2026-09-18 11:19:52,2027-09-29,AVAILABLE
P02891,Mineral Water,2023-03-27,2023-04-14 22:02:40,2025-12-13,EXPIRED
P02892,Mechanical Keyboard,2025-04-12,2025-04-19 07:26:38,2027-12-10,AVAILABLE
P02893,Orange Juice,2023-02-04,2023-03-01 19:49:40,2024-03-18,EXPIRED
P02894,Bluetooth Speaker,2023-05-13,2023-05-15 08:51:03,2024-02-17,EXPIRED
P02895,Mineral Water,2024-06-01,2024-06-28 16:07:56,2024-07-11,EXPIRED
P02896,Green Tea,2026-07-05,2026-07-29 08:54:41,2027-08-02,AVAILABLE
P02897,Hand Soap,2025-10-17,2025-11-15 07:33:12,2027-12-30,RESERVED
P02898,Water Bottle,2025-12-18,2026-01-08 02:25:17,2027-05-28,AVAILABLE
P02899,USB Cable,2023-10-17,2023-11-09 12:39:43,2025-07-12,EXPIRED
P02900,Laptop Stand,2025-12-04,2025-12-23 20:42:42,2027-09-24,AVAILABLE
P02901,Chocolate,2023-11-21,2023-11-22 07:56:26,2024-09-13,EXPIRED
P02902,Orange Juice,2025-12-18,2026-01-01 06:06:19,2027-06-16,AVAILABLE
P02903,Toothpaste,2023-03-25,2023-04-21 12:18:40,2025-06-30,EXPIRED
P02904,Laptop Stand,2024-12-27,2025-01-21 11:48:18,2025-04-22,EXPIRED
P02905,Laptop Stand,2025-04-05,2025-05-01 07:46:43,2027-05-30,AVAILABLE
P02906,Laundry Detergent,2024-01-18,2024-01-28 06:55:58,2024-04-04,EXPIRED
P02907,USB Cable,2025-08-20,2025-09-02 09:26:50,2027-04-15,AVAILABLE
P02908,Dish Soap,2026-03-25,2026-04-21 16:32:58,2026-06-09,EXPIRED
P02909,Instant Coffee,2023-08-12,2023-08-24 07:35:44,2026-07-02,EXPIRED
P02910,Dish Soap,2024-01-01,2024-01-28 08:21:46,2024-10-31,EXPIRED
P02911,Toothpaste,2026-06-03,2026-06-30 22:03:43,2028-05-29,AVAILABLE
P02912,Chocolate,2026-08-01,2026-08-03 09:15:13,2027-11-16,AVAILABLE
P02913,Orange Juice,2024-02-02,2024-02-29 16:16:37,2025-12-08,EXPIRED
P02914,Power Bank,2025-03-19,2025-04-12 07:51:09,2025-11-13,EXPIRED
P02915,USB Cable,2023-07-13,2023-08-05 19:29:33,2026-03-24,EXPIRED
P02916,Power Bank,2026-01-19,2026-01-21 19:12:15,2026-08-24,EXPIRED
P02917,Water Bottle,2025-10-05,2025-10-12 04:25:41,2027-08-27,AVAILABLE
P02918,Mechanical Keyboard,2025-04-12,2025-05-10 01:46:04,2025-10-30,EXPIRED
P02919,Ballpoint Pen,2025-10-31,2025-11-16 10:24:06,2028-07-02,AVAILABLE
P02920,Shampoo,2026-02-05,2026-03-01 16:57:00,2026-03-28,EXPIRED
P02921,Laptop Stand,2024-03-03,2024-03-30 00:51:01,2024-11-06,EXPIRED
P02922,Cereal,2025-04-29,2025-05-03 17:08:53,2025-06-24,EXPIRED
P02923,Instant Coffee,2025-02-11,2025-02-22 15:40:44,2027-12-26,AVAILABLE
P02924,Chocolate,2026-05-05,2026-05-09 23:58:26,2026-06-10,EXPIRED
P02925,Ballpoint Pen,2024-03-13,2024-03-26 11:39:50,2026-03-21,EXPIRED
P02926,Bluetooth Speaker,2023-04-29,2023-05-02 09:38:04,2024-02-05,EXPIRED
P02927,Dish Soap,2026-08-02,2026-08-27 18:18:06,2028-04-21,AVAILABLE
P02928,Instant Coffee,2025-03-24,2025-04-10 15:21:53,2025-06-16,EXPIRED
P02929,Notebook,2023-10-13,2023-11-07 13:12:10,2024-09-29,EXPIRED
P02930,Water Bottle,2026-05-27,2026-06-16 16:09:04,2027-10-30,AVAILABLE
P02931,Green Tea,2024-11-17,2024-11-28 13:04:05,2026-05-23,EXPIRED
P02932,Mechanical Keyboard,2024-08-25,2024-08-30 16:34:26,2024-12-20,EXPIRED
P02933,Orange Juice,2026-07-15,2026-07-16 10:15:31,2028-10-31,AVAILABLE
P02934,Shampoo,2023-04-05,2023-04-22 22:06:07,2024-01-23,EXPIRED
P02935,Shampoo,2023-02-06,2023-02-08 06:55:03,2026-02-05,EXPIRED
P02936,Water Bottle,2025-01-09,2025-01-22 12:56:38,2025-08-08,EXPIRED
P02937,Wireless Mouse,2025-03-02,2025-03-07 21:29:04,2027-01-17,RESERVED
P02938,Water Bottle,2023-07-24,2023-07-30 06:16:57,2025-07-20,EXPIRED
P02939,Orange Juice,2023-04-17,2023-05-14 13:32:35,2024-05-26,EXPIRED
P02940,Shampoo,2026-03-17,2026-03-21 15:40:54,2029-01-03,AVAILABLE
P02941,Laundry Detergent,2026-08-12,2026-09-10 04:39:13,2028-03-04,AVAILABLE
P02942,Mechanical Keyboard,2023-08-26,2023-09-03 09:57:35,2023-10-05,EXPIRED
P02943,Dish Soap,2025-07-05,2025-07-30 06:21:19,2026-12-03,AVAILABLE
P02944,Laundry Detergent,2025-12-18,2025-12-23 13:02:13,2027-05-10,RESERVED
P02945,Orange Juice,2026-06-12,2026-07-06 03:03:06,2028-08-08,AVAILABLE
P02946,Wireless Mouse,2026-05-25,2026-06-21 01:32:23,2026-11-03,AVAILABLE
P02947,Chocolate,2026-03-21,2026-03-27 00:45:28,2027-09-24,AVAILABLE
P02948,Laptop Stand,2025-04-05,2025-04-30 19:45:36,2027-09-13,AVAILABLE
P02949,Notebook,2025-02-08,2025-03-08 21:18:53,2027-09-30,AVAILABLE
P02950,Dish Soap,2024-08-28,2024-09-02 17:50:23,2026-11-22,RESERVED
P02951,Notebook,2024-05-23,2024-05-28 10:36:06,2026-02-14,EXPIRED
P02952,Wireless Mouse,2025-10-21,2025-11-19 09:36:39,2026-12-23,AVAILABLE
P02953,Water Bottle,2023-08-10,2023-08-16 07:18:49,2024-06-24,EXPIRED
P02954,Shampoo,2025-04-07,2025-04-26 17:03:26,2025-06-23,EXPIRED
P02955,Laundry Detergent,2025-08-26,2025-08-31 12:40:07,2028-04-18,AVAILABLE
P02956,Wireless Mouse,2026-08-07,2026-08-22 05:47:13,2028-05-31,AVAILABLE
P02957,Instant Coffee,2025-11-30,2025-12-20 07:20:42,2028-01-09,RESERVED
P02958,Instant Coffee,2025-12-01,2025-12-06 21:57:35,2026-02-04,EXPIRED
P02959,Chocolate,2023-01-07,2023-02-05 11:26:56,2023-10-05,EXPIRED
P02960,Bluetooth Speaker,2026-03-05,2026-03-25 13:21:01,2027-01-30,AVAILABLE
P02961,Notebook,2025-01-04,2025-01-22 21:09:27,2026-08-01,EXPIRED
P02962,USB Cable,2026-02-01,2026-02-14 18:24:22,2028-06-13,RESERVED
P02963,USB Cable,2024-03-19,2024-03-20 17:30:51,2026-09-07,EXPIRED
P02964,Power Bank,2023-10-26,2023-11-20 06:51:33,2025-08-28,EXPIRED
P02965,Notebook,2024-11-20,2024-12-20 03:16:53,2026-01-17,EXPIRED
P02966,Green Tea,2025-03-27,2025-04-14 04:15:37,2027-01-22,AVAILABLE
P02967,Green Tea,2026-07-06,2026-08-04 01:54:01,2027-07-07,AVAILABLE
P02968,Instant Coffee,2023-01-03,2023-01-04 21:54:32,2025-07-10,EXPIRED
P02969,Ballpoint Pen,2025-03-11,2025-04-10 12:04:03,2025-12-05,EXPIRED
P02970,Mineral Water,2025-10-28,2025-11-04 02:05:42,2026-12-27,AVAILABLE
P02971,Cereal,2023-02-22,2023-02-24 02:24:33,2023-07-16,EXPIRED
P02972,Ballpoint Pen,2026-08-20,2026-08-29 02:18:40,2027-02-15,RESERVED
P02973,Cereal,2023-04-22,2023-05-07 13:49:11,2024-06-26,EXPIRED
P02974,Notebook,2025-06-26,2025-07-17 13:40:09,2025-11-06,EXPIRED
P02975,Orange Juice,2024-03-27,2024-04-17 08:17:01,2027-02-04,AVAILABLE
P02976,Toothpaste,2026-05-11,2026-05-21 12:10:03,2028-12-15,AVAILABLE
P02977,Mineral Water,2025-04-23,2025-05-15 04:38:08,2027-04-28,AVAILABLE
P02978,Laundry Detergent,2023-07-08,2023-08-01 15:46:40,2026-04-04,EXPIRED
P02979,Mineral Water,2023-04-08,2023-04-14 18:44:59,2023-09-21,EXPIRED
P02980,Green Tea,2023-02-16,2023-03-01 16:43:34,2024-09-06,EXPIRED
P02981,USB Cable,2024-02-04,2024-02-11 06:29:14,2024-09-03,EXPIRED
P02982,Bluetooth Speaker,2024-10-05,2024-10-17 22:59:10,2025-12-23,EXPIRED
P02983,Orange Juice,2025-04-01,2025-04-05 14:34:59,2025-10-10,EXPIRED
P02984,Toothpaste,2023-01-22,2023-01-29 05:43:06,2023-07-31,EXPIRED
P02985,Ballpoint Pen,2023-12-01,2023-12-02 12:07:14,2026-05-13,EXPIRED
P02986,Instant Coffee,2025-11-17,2025-12-09 10:08:29,2028-09-27,AVAILABLE
P02987,Notebook,2024-12-07,2024-12-20 03:12:13,2027-07-11,AVAILABLE
P02988,Laundry Detergent,2024-08-30,2024-09-09 08:37:03,2025-09-09,EXPIRED
P02989,Notebook,2024-10-23,2024-10-25 04:55:25,2026-07-17,EXPIRED
P02990,Dish Soap,2023-03-30,2023-04-26 03:27:17,2024-12-02,EXPIRED
P02991,Mechanical Keyboard,2024-04-29,2024-05-14 06:43:16,2024-12-23,EXPIRED
P02992,Mineral Water,2025-08-21,2025-09-08 03:59:09,2028-04-25,RESERVED
P02993,Hand Soap,2025-11-17,2025-11-23 05:04:00,2026-11-12,RESERVED
P02994,USB Cable,2025-10-03,2025-11-01 18:34:52,2026-11-10,AVAILABLE
P02995,Water Bottle,2024-06-18,2024-07-05 13:10:36,2026-06-14,EXPIRED
P02996,Hand Soap,2026-05-27,2026-06-11 07:48:27,2027-10-13,AVAILABLE
P02997,Instant Coffee,2023-08-24,2023-09-21 16:11:34,2025-07-06,EXPIRED
P02998,Shampoo,2023-03-01,2023-03-12 07:36:48,2025-10-06,EXPIRED
P02999,Wireless Mouse,2025-10-06,2025-11-01 22:37:34,2028-03-31,AVAILABLE
P03000,Power Bank,2025-07-17,2025-08-02 22:03:25,2028-05-28,AVAILABLE
P03001,Mineral Water,2025-11-27,2025-12-22 04:55:50,2026-01-27,EXPIRED
P03002,Orange Juice,2023-01-05,2023-01-18 17:09:05,2024-01-20,EXPIRED
P03003,Laptop Stand,2024-04-03,2024-04-24 11:20:43,2025-03-25,EXPIRED
P03004,USB Cable,2025-03-16,2025-04-07 21:23:00,2027-03-02,AVAILABLE
P03005,Toothpaste,2023-08-03,2023-08-25 08:25:36,2024-07-05,EXPIRED
P03006,USB Cable,2025-12-06,2025-12-27 05:04:36,2026-10-16,AVAILABLE
P03007,Notebook,2025-03-25,2025-04-09 19:02:35,2026-10-25,AVAILABLE
P03008,Shampoo,2026-06-30,2026-07-20 17:18:50,2026-09-01,EXPIRED
P03009,Laptop Stand,2023-09-17,2023-10-16 01:54:21,2023-12-25,EXPIRED
P03010,Ballpoint Pen,2024-04-15,2024-05-07 17:27:46,2025-10-10,EXPIRED
P03011,Dish Soap,2024-08-20,2024-09-10 04:19:56,2026-08-11,EXPIRED
P03012,Ballpoint Pen,2025-11-14,2025-12-02 20:04:41,2026-06-04,EXPIRED
P03013,Chocolate,2024-12-11,2024-12-26 20:34:32,2027-08-05,AVAILABLE
P03014,Toothpaste,2023-07-07,2023-07-19 05:15:57,2025-11-05,EXPIRED
P03015,Toothpaste,2025-03-10,2025-03-26 06:34:49,2026-04-26,EXPIRED
P03016,Wireless Mouse,2026-06-14,2026-06-29 08:24:49,2026-12-20,AVAILABLE
P03017,USB Cable,2026-07-09,2026-07-31 14:31:39,2029-05-12,AVAILABLE
P03018,Laundry Detergent,2023-11-04,2023-12-02 19:36:58,2026-05-15,EXPIRED
P03019,Dish Soap,2025-10-15,2025-11-07 04:53:53,2026-08-06,EXPIRED
P03020,Cereal,2025-11-23,2025-12-12 06:31:47,2026-03-11,EXPIRED
P03021,Laundry Detergent,2024-10-13,2024-11-04 16:00:25,2025-11-28,EXPIRED
P03022,Instant Coffee,2025-01-25,2025-01-27 22:17:56,2025-04-26,EXPIRED
P03023,Orange Juice,2025-03-10,2025-03-23 23:39:21,2027-10-31,AVAILABLE
P03024,Mechanical Keyboard,2023-03-04,2023-03-26 03:10:17,2024-03-28,EXPIRED
P03025,Cereal,2025-02-06,2025-02-15 08:11:59,2027-05-22,AVAILABLE
P03026,Notebook,2025-03-18,2025-03-25 04:22:52,2026-12-10,AVAILABLE
P03027,Instant Coffee,2026-07-22,2026-07-27 21:34:47,2028-02-23,AVAILABLE
P03028,Instant Coffee,2024-02-03,2024-02-21 18:59:06,2026-01-29,EXPIRED
P03029,Mineral Water,2023-12-03,2023-12-12 02:43:43,2025-11-03,EXPIRED
P03030,Laptop Stand,2025-12-27,2026-01-21 10:46:59,2028-10-11,AVAILABLE
P03031,Cereal,2025-03-07,2025-03-13 18:10:25,2026-07-03,EXPIRED
P03032,Instant Coffee,2024-12-04,2024-12-21 19:50:43,2027-01-30,AVAILABLE
P03033,Instant Coffee,2025-10-30,2025-11-03 17:45:25,2027-12-25,AVAILABLE
P03034,Wireless Mouse,2026-08-15,2026-08-31 16:16:24,2028-07-09,AVAILABLE
P03035,Ballpoint Pen,2024-10-18,2024-11-12 15:49:43,2026-06-28,EXPIRED
P03036,Green Tea,2024-04-04,2024-04-05 06:19:40,2025-01-04,EXPIRED
P03037,Dish Soap,2026-03-27,2026-03-30 03:58:30,2029-01-11,AVAILABLE
P03038,Mechanical Keyboard,2024-02-12,2024-02-29 22:21:37,2025-07-09,EXPIRED
P03039,Green Tea,2023-03-19,2023-03-22 11:13:25,2025-01-06,EXPIRED
P03040,USB Cable,2024-10-28,2024-11-07 14:06:20,2026-09-29,AVAILABLE
P03041,Power Bank,2024-03-19,2024-04-12 05:23:39,2025-07-01,EXPIRED
P03042,Shampoo,2025-09-01,2025-09-25 16:06:15,2028-02-20,AVAILABLE
P03043,Cereal,2023-04-04,2023-04-05 19:17:54,2024-03-05,EXPIRED
P03044,Power Bank,2024-08-03,2024-08-28 02:02:49,2026-08-27,EXPIRED
P03045,Laptop Stand,2025-07-24,2025-08-06 19:33:07,2028-04-17,AVAILABLE
P03046,Mechanical Keyboard,2026-05-24,2026-06-17 04:48:30,2026-07-06,EXPIRED
P03047,Green Tea,2025-01-09,2025-01-14 07:54:32,2027-01-22,AVAILABLE
P03048,Laptop Stand,2023-10-08,2023-11-07 10:35:51,2026-04-01,EXPIRED
P03049,Shampoo,2023-04-30,2023-05-11 18:32:26,2025-12-06,EXPIRED
P03050,Laundry Detergent,2025-06-24,2025-07-03 09:55:10,2026-05-03,EXPIRED
P03051,Hand Soap,2024-11-22,2024-12-09 10:47:57,2026-07-17,EXPIRED
P03052,Laundry Detergent,2026-07-18,2026-07-29 23:37:27,2028-08-30,AVAILABLE
P03053,Ballpoint Pen,2024-08-12,2024-08-18 16:08:19,2025-05-12,EXPIRED
P03054,USB Cable,2025-05-26,2025-06-06 00:08:59,2025-07-07,EXPIRED
P03055,Mechanical Keyboard,2023-03-29,2023-04-03 09:23:40,2024-08-10,EXPIRED
P03056,Notebook,2026-08-18,2026-09-16 07:04:15,2027-06-12,RESERVED
P03057,Power Bank,2024-10-29,2024-11-26 10:04:13,2024-12-09,EXPIRED
P03058,Cereal,2024-11-27,2024-12-13 01:33:13,2027-05-17,AVAILABLE
P03059,Laptop Stand,2023-07-25,2023-08-04 09:18:54,2026-07-23,EXPIRED
P03060,Dish Soap,2026-06-17,2026-06-30 12:37:39,2029-04-16,AVAILABLE
P03061,Hand Soap,2024-03-30,2024-04-13 14:57:40,2026-10-19,RESERVED
P03062,Chocolate,2026-08-10,2026-08-24 04:47:00,2027-06-01,AVAILABLE
P03063,Dish Soap,2023-12-10,2024-01-09 11:18:13,2024-05-30,EXPIRED
P03064,Dish Soap,2024-03-23,2024-04-18 05:45:34,2024-11-24,EXPIRED
P03065,Bluetooth Speaker,2024-01-25,2024-02-21 02:08:12,2024-12-13,EXPIRED
P03066,Wireless Mouse,2026-07-07,2026-07-17 19:05:03,2028-09-16,RESERVED
P03067,Wireless Mouse,2023-07-04,2023-07-21 07:26:16,2026-05-01,EXPIRED
P03068,Laptop Stand,2024-02-22,2024-03-16 17:29:22,2024-05-11,EXPIRED
P03069,Laundry Detergent,2023-12-05,2023-12-30 15:25:33,2024-06-30,EXPIRED
P03070,Toothpaste,2023-12-29,2024-01-24 05:57:22,2026-10-07,AVAILABLE
P03071,Cereal,2024-06-17,2024-07-11 11:35:40,2026-01-12,EXPIRED
P03072,Hand Soap,2023-10-05,2023-10-18 04:55:36,2024-01-09,EXPIRED
P03073,Cereal,2023-10-19,2023-11-08 02:32:52,2026-06-03,EXPIRED
P03074,Mineral Water,2026-09-08,2026-09-26 07:46:06,2028-12-19,AVAILABLE
P03075,Laundry Detergent,2024-01-08,2024-01-31 14:07:41,2026-09-24,AVAILABLE
P03076,USB Cable,2025-07-25,2025-08-16 06:12:28,2026-11-11,AVAILABLE
P03077,Notebook,2024-01-17,2024-02-13 00:20:11,2025-02-03,EXPIRED
P03078,Bluetooth Speaker,2026-03-26,2026-04-14 19:13:47,2028-08-15,AVAILABLE
P03079,Power Bank,2025-05-24,2025-06-19 10:42:54,2025-11-24,EXPIRED
P03080,Chocolate,2024-04-28,2024-05-16 17:09:15,2025-05-04,EXPIRED
P03081,Cereal,2026-08-30,2026-09-11 22:15:50,2027-11-19,AVAILABLE
P03082,Laundry Detergent,2024-09-22,2024-10-01 13:07:31,2027-05-28,RESERVED
P03083,Hand Soap,2024-03-24,2024-03-30 12:18:15,2024-06-02,EXPIRED
P03084,Notebook,2024-11-12,2024-11-21 08:36:51,2027-09-28,AVAILABLE
P03085,Power Bank,2024-01-05,2024-02-03 14:38:52,2026-07-21,EXPIRED
P03086,Wireless Mouse,2024-01-18,2024-02-06 05:28:04,2025-01-13,EXPIRED
P03087,Mechanical Keyboard,2024-11-09,2024-11-17 21:57:38,2027-07-26,AVAILABLE
P03088,Hand Soap,2023-08-19,2023-08-26 15:45:57,2025-07-18,EXPIRED
P03089,Bluetooth Speaker,2026-04-01,2026-04-19 16:15:08,2027-03-02,AVAILABLE
P03090,Power Bank,2023-10-03,2023-10-29 11:25:46,2024-02-21,EXPIRED
P03091,Laundry Detergent,2024-01-21,2024-01-27 01:56:02,2025-08-16,EXPIRED
P03092,Laundry Detergent,2025-09-28,2025-10-18 21:56:29,2028-09-24,AVAILABLE
P03093,Dish Soap,2026-03-11,2026-03-26 11:43:13,2028-05-11,RESERVED
P03094,Dish Soap,2025-01-01,2025-01-07 07:40:34,2027-04-18,AVAILABLE
P03095,Mechanical Keyboard,2024-02-18,2024-02-19 08:19:15,2026-05-22,EXPIRED
P03096,USB Cable,2026-03-18,2026-04-15 18:20:07,2028-11-14,AVAILABLE
P03097,Orange Juice,2023-11-30,2023-12-07 23:36:57,2024-07-08,EXPIRED
P03098,Wireless Mouse,2023-11-02,2023-11-23 18:10:49,2025-11-14,EXPIRED
P03099,Wireless Mouse,2023-07-09,2023-07-19 06:30:17,2026-06-20,EXPIRED
P03100,Water Bottle,2023-04-27,2023-05-17 06:58:00,2025-09-24,EXPIRED
P03101,Hand Soap,2023-06-19,2023-06-26 21:37:31,2024-01-25,EXPIRED
P03102,Ballpoint Pen,2023-08-24,2023-08-29 12:03:40,2024-07-28,EXPIRED
P03103,Bluetooth Speaker,2023-08-25,2023-09-01 05:07:55,2026-04-23,EXPIRED
P03104,Shampoo,2025-08-13,2025-09-07 21:08:03,2026-05-05,EXPIRED
P03105,Ballpoint Pen,2023-07-02,2023-07-06 03:24:25,2024-03-02,EXPIRED
P03106,Bluetooth Speaker,2024-01-06,2024-01-08 03:39:46,2024-04-10,EXPIRED
P03107,Toothpaste,2023-10-06,2023-10-30 10:42:47,2026-04-19,EXPIRED
P03108,Instant Coffee,2024-02-10,2024-03-11 19:47:46,2025-05-23,EXPIRED
P03109,Mechanical Keyboard,2024-08-24,2024-09-12 06:27:24,2026-08-14,EXPIRED
P03110,Water Bottle,2026-01-03,2026-01-04 21:11:29,2027-10-12,AVAILABLE
P03111,Power Bank,2023-11-03,2023-11-28 09:11:06,2024-06-04,EXPIRED
P03112,Chocolate,2023-02-16,2023-03-14 17:43:25,2023-12-30,EXPIRED
P03113,Cereal,2023-01-18,2023-02-06 21:20:08,2023-12-21,EXPIRED
P03114,Ballpoint Pen,2024-08-10,2024-08-23 04:01:53,2025-10-10,EXPIRED
P03115,Orange Juice,2024-12-17,2025-01-10 12:53:50,2025-05-31,EXPIRED
P03116,Wireless Mouse,2024-03-15,2024-04-07 21:36:38,2026-03-22,EXPIRED
P03117,Bluetooth Speaker,2026-04-09,2026-04-25 00:49:06,2027-08-20,AVAILABLE
P03118,Power Bank,2023-10-18,2023-10-27 06:27:59,2025-11-21,EXPIRED
P03119,Laundry Detergent,2024-10-30,2024-11-17 11:24:19,2025-08-22,EXPIRED
P03120,Water Bottle,2023-02-25,2023-03-06 02:56:47,2024-02-09,EXPIRED
P03121,Wireless Mouse,2023-10-16,2023-11-01 01:27:07,2025-11-25,EXPIRED
P03122,Ballpoint Pen,2023-11-28,2023-12-14 07:35:31,2025-07-19,EXPIRED
P03123,Mechanical Keyboard,2023-12-07,2023-12-27 19:03:28,2024-06-28,EXPIRED
P03124,Shampoo,2025-05-22,2025-06-19 18:01:26,2026-10-01,AVAILABLE
P03125,Bluetooth Speaker,2024-07-30,2024-08-16 20:57:06,2026-07-31,EXPIRED
P03126,Cereal,2024-06-18,2024-07-16 05:52:56,2024-08-02,EXPIRED
P03127,Instant Coffee,2024-08-07,2024-08-09 07:03:07,2024-10-10,EXPIRED
P03128,Ballpoint Pen,2025-01-13,2025-02-12 12:31:36,2027-08-25,AVAILABLE
P03129,Shampoo,2024-09-23,2024-10-13 02:23:28,2026-10-05,AVAILABLE
P03130,Chocolate,2025-05-20,2025-06-16 05:15:16,2028-02-26,AVAILABLE
P03131,Bluetooth Speaker,2024-05-29,2024-06-13 13:00:07,2024-09-26,EXPIRED
P03132,Laundry Detergent,2023-05-02,2023-05-27 03:51:50,2026-04-19,EXPIRED
P03133,Power Bank,2023-03-21,2023-03-28 00:51:58,2025-08-11,EXPIRED
P03134,Laundry Detergent,2024-04-15,2024-04-19 14:25:17,2024-11-15,EXPIRED
P03135,Hand Soap,2023-11-28,2023-12-12 16:02:34,2024-01-23,EXPIRED
P03136,Dish Soap,2023-07-19,2023-08-14 23:42:23,2026-02-20,EXPIRED
P03137,Power Bank,2023-10-31,2023-11-19 00:55:46,2024-07-08,EXPIRED
P03138,Cereal,2023-05-05,2023-05-20 02:12:32,2023-08-29,EXPIRED
P03139,Shampoo,2025-07-16,2025-07-20 07:03:29,2026-11-27,AVAILABLE
P03140,USB Cable,2023-04-08,2023-05-05 09:23:33,2024-11-22,EXPIRED
P03141,Hand Soap,2024-09-06,2024-09-13 12:11:07,2025-11-12,EXPIRED
P03142,Wireless Mouse,2023-02-05,2023-02-24 13:11:22,2025-03-03,EXPIRED
P03143,Toothpaste,2025-05-22,2025-06-14 13:38:16,2028-04-02,AVAILABLE
P03144,Water Bottle,2023-09-04,2023-09-22 00:21:12,2024-11-17,EXPIRED
P03145,Ballpoint Pen,2025-04-04,2025-04-10 14:59:16,2027-10-16,AVAILABLE
P03146,Shampoo,2023-11-01,2023-11-04 11:37:04,2025-04-06,EXPIRED
P03147,Bluetooth Speaker,2025-08-30,2025-08-31 01:03:17,2028-01-02,AVAILABLE
P03148,Shampoo,2023-07-25,2023-08-04 10:40:37,2023-10-14,EXPIRED
P03149,USB Cable,2023-08-27,2023-08-29 14:37:31,2026-05-10,EXPIRED
P03150,Power Bank,2024-05-31,2024-06-02 00:47:41,2025-12-19,EXPIRED
P03151,Notebook,2024-04-28,2024-05-16 17:04:52,2025-12-01,EXPIRED
P03152,Notebook,2023-01-07,2023-01-18 07:42:45,2023-06-20,EXPIRED
P03153,Cereal,2023-12-19,2023-12-21 08:39:38,2026-11-10,AVAILABLE
P03154,Notebook,2024-09-01,2024-09-22 19:52:31,2026-12-18,AVAILABLE
P03155,Dish Soap,2025-10-06,2025-10-27 07:41:04,2026-12-16,AVAILABLE
P03156,Notebook,2025-06-18,2025-07-10 03:52:26,2027-09-08,AVAILABLE
P03157,Laundry Detergent,2024-08-22,2024-08-26 13:58:24,2025-04-12,EXPIRED
P03158,Bluetooth Speaker,2024-03-18,2024-04-03 09:03:31,2026-12-25,AVAILABLE
P03159,Green Tea,2024-05-23,2024-05-31 05:48:20,2026-12-03,AVAILABLE
P03160,Water Bottle,2025-11-21,2025-12-13 18:38:18,2026-08-11,EXPIRED
P03161,Ballpoint Pen,2025-07-02,2025-07-28 00:04:45,2027-01-23,AVAILABLE
P03162,Shampoo,2026-09-14,2026-09-19 00:13:29,2027-01-26,AVAILABLE
P03163,Toothpaste,2026-01-12,2026-02-09 05:06:05,2028-06-01,AVAILABLE
P03164,Laptop Stand,2026-09-15,2026-10-07 21:01:40,2028-03-29,AVAILABLE
P03165,Laundry Detergent,2023-06-21,2023-06-29 11:43:44,2026-06-05,EXPIRED
P03166,Ballpoint Pen,2025-10-30,2025-11-28 18:28:57,2026-09-25,AVAILABLE
P03167,USB Cable,2025-06-29,2025-06-30 23:53:34,2028-05-25,RESERVED
P03168,Notebook,2024-08-16,2024-09-15 21:32:01,2025-02-06,EXPIRED
P03169,Laundry Detergent,2025-03-28,2025-04-26 08:19:34,2026-02-04,EXPIRED
P03170,Laptop Stand,2023-09-04,2023-09-19 11:33:32,2025-01-23,EXPIRED
P03171,Notebook,2025-06-20,2025-07-07 11:28:59,2025-08-12,EXPIRED
P03172,Laundry Detergent,2023-12-20,2023-12-22 00:16:34,2024-04-23,EXPIRED
P03173,Shampoo,2025-08-29,2025-09-09 15:42:05,2026-10-01,AVAILABLE
P03174,Mineral Water,2026-02-27,2026-03-02 09:38:25,2026-10-02,RESERVED
P03175,USB Cable,2023-11-20,2023-12-07 15:43:52,2025-06-25,EXPIRED
P03176,Laptop Stand,2026-05-13,2026-06-04 13:35:57,2029-04-10,AVAILABLE
P03177,Toothpaste,2025-03-14,2025-04-02 21:59:54,2027-12-16,RESERVED
P03178,Mechanical Keyboard,2024-07-01,2024-07-03 18:22:14,2025-03-29,EXPIRED
P03179,Green Tea,2023-07-01,2023-07-27 18:27:07,2025-07-26,EXPIRED
P03180,Shampoo,2023-04-01,2023-04-17 17:41:15,2024-04-27,EXPIRED
P03181,Hand Soap,2024-08-04,2024-08-26 22:35:35,2025-12-06,EXPIRED
P03182,Cereal,2025-02-11,2025-02-23 03:49:59,2027-10-11,AVAILABLE
P03183,Mineral Water,2024-01-08,2024-01-18 20:02:56,2026-06-19,EXPIRED
P03184,Chocolate,2026-06-02,2026-06-15 12:34:15,2027-12-26,AVAILABLE
P03185,Shampoo,2023-02-22,2023-03-03 14:32:19,2024-01-28,EXPIRED
P03186,USB Cable,2025-06-28,2025-06-29 04:35:21,2026-02-22,EXPIRED
P03187,Mineral Water,2023-10-19,2023-10-25 11:37:48,2025-03-29,EXPIRED
P03188,Shampoo,2024-07-17,2024-08-04 17:08:00,2027-06-11,AVAILABLE
P03189,Instant Coffee,2024-06-28,2024-07-16 12:34:44,2027-05-21,AVAILABLE
P03190,Ballpoint Pen,2023-03-26,2023-04-24 13:08:16,2025-07-12,EXPIRED
P03191,Hand Soap,2023-11-06,2023-12-01 16:28:38,2024-04-23,EXPIRED
P03192,Shampoo,2023-02-15,2023-03-07 02:05:19,2023-08-15,EXPIRED
P03193,Water Bottle,2023-08-20,2023-09-08 23:15:22,2024-08-18,EXPIRED
P03194,Water Bottle,2025-04-14,2025-04-18 07:13:30,2027-08-26,AVAILABLE
P03195,Cereal,2024-01-18,2024-01-26 01:58:16,2025-12-05,EXPIRED
P03196,Laundry Detergent,2025-11-12,2025-11-16 12:21:49,2026-01-25,EXPIRED
P03197,Laptop Stand,2025-01-07,2025-02-06 08:48:19,2027-11-17,AVAILABLE
P03198,Green Tea,2023-09-13,2023-10-03 03:27:20,2023-12-16,EXPIRED
P03199,Water Bottle,2024-08-15,2024-08-24 00:50:36,2027-01-14,AVAILABLE
P03200,USB Cable,2025-08-20,2025-09-14 23:30:57,2026-01-30,EXPIRED
P03201,Dish Soap,2023-09-17,2023-10-10 08:38:34,2024-01-10,EXPIRED
P03202,Laundry Detergent,2026-01-13,2026-02-12 23:00:55,2028-05-12,AVAILABLE
P03203,Laundry Detergent,2023-10-25,2023-10-29 08:05:28,2025-05-31,EXPIRED
P03204,Shampoo,2025-11-24,2025-12-22 03:50:14,2027-10-23,AVAILABLE
P03205,Laptop Stand,2025-03-18,2025-04-08 12:16:34,2027-08-29,AVAILABLE
P03206,Laundry Detergent,2026-06-18,2026-07-14 07:44:37,2028-10-05,RESERVED
P03207,Ballpoint Pen,2026-01-30,2026-02-14 09:59:32,2028-04-19,AVAILABLE
P03208,Chocolate,2023-07-04,2023-07-15 10:37:16,2025-05-06,EXPIRED
P03209,Mechanical Keyboard,2023-08-15,2023-08-19 19:08:46,2024-09-17,EXPIRED
P03210,Mechanical Keyboard,2025-09-05,2025-09-17 07:44:59,2027-11-25,RESERVED
P03211,Mechanical Keyboard,2024-12-20,2024-12-24 02:30:05,2027-06-03,RESERVED
P03212,Mechanical Keyboard,2024-04-10,2024-05-07 19:34:48,2026-07-27,EXPIRED
P03213,Water Bottle,2025-05-12,2025-05-23 07:26:45,2026-02-23,EXPIRED
P03214,Power Bank,2025-11-20,2025-12-09 08:20:23,2026-04-13,EXPIRED
P03215,Mineral Water,2025-09-21,2025-09-22 01:01:38,2027-06-29,AVAILABLE
P03216,Chocolate,2025-12-22,2026-01-10 08:11:03,2027-09-13,AVAILABLE
P03217,Mineral Water,2024-07-15,2024-08-10 23:55:35,2027-01-21,AVAILABLE
P03218,Hand Soap,2025-04-20,2025-04-22 10:50:27,2026-11-07,AVAILABLE
P03219,Wireless Mouse,2024-09-28,2024-10-09 13:55:23,2027-07-28,AVAILABLE
P03220,Cereal,2026-01-05,2026-02-03 00:36:28,2027-10-28,AVAILABLE
P03221,Instant Coffee,2024-01-29,2024-02-24 16:51:38,2024-04-27,EXPIRED
P03222,Shampoo,2023-09-25,2023-10-03 11:16:51,2026-01-30,EXPIRED
P03223,Mineral Water,2023-09-25,2023-10-23 20:11:49,2026-02-28,EXPIRED
P03224,Cereal,2024-08-15,2024-08-17 03:25:40,2026-07-30,EXPIRED
P03225,Ballpoint Pen,2026-05-30,2026-06-11 07:59:03,2026-07-17,EXPIRED
P03226,Shampoo,2023-11-25,2023-12-23 05:07:11,2024-10-31,EXPIRED
P03227,Chocolate,2024-01-06,2024-01-31 14:27:56,2026-10-11,RESERVED
P03228,Hand Soap,2024-09-28,2024-10-11 04:48:20,2025-03-14,EXPIRED
P03229,Mineral Water,2023-02-26,2023-03-02 02:11:17,2023-10-18,EXPIRED
P03230,USB Cable,2025-02-01,2025-03-03 16:52:16,2028-01-25,RESERVED
P03231,Mineral Water,2023-05-03,2023-05-04 17:00:06,2026-01-28,EXPIRED
P03232,Notebook,2025-11-23,2025-12-06 15:45:31,2026-09-10,EXPIRED
P03233,Water Bottle,2023-06-12,2023-06-18 18:38:56,2025-07-14,EXPIRED
P03234,Toothpaste,2023-01-28,2023-02-27 08:28:08,2025-06-12,EXPIRED
P03235,Green Tea,2023-12-03,2023-12-24 13:04:09,2024-08-16,EXPIRED
P03236,Laptop Stand,2023-04-20,2023-04-27 16:16:14,2026-01-24,EXPIRED
P03237,Cereal,2024-04-11,2024-04-25 11:44:37,2026-07-10,EXPIRED
P03238,Laundry Detergent,2023-04-09,2023-04-24 17:22:52,2024-04-18,EXPIRED
P03239,Orange Juice,2024-06-26,2024-07-13 05:19:08,2025-04-04,EXPIRED
P03240,Laundry Detergent,2024-04-21,2024-05-08 10:56:16,2026-06-01,EXPIRED
P03241,Green Tea,2023-04-07,2023-04-09 21:27:16,2025-01-21,EXPIRED
P03242,Orange Juice,2024-08-07,2024-08-28 14:21:47,2025-07-01,EXPIRED
P03243,Water Bottle,2023-06-07,2023-06-11 04:12:09,2026-01-08,EXPIRED
P03244,Chocolate,2026-01-05,2026-01-25 23:46:31,2026-07-27,EXPIRED
P03245,Toothpaste,2025-06-16,2025-07-15 12:48:13,2026-11-25,RESERVED
P03246,Chocolate,2026-08-14,2026-09-04 21:47:10,2029-06-11,AVAILABLE
P03247,Wireless Mouse,2024-01-28,2024-02-25 17:34:24,2025-02-08,EXPIRED
P03248,USB Cable,2025-08-30,2025-09-11 22:00:41,2026-01-31,EXPIRED
P03249,USB Cable,2026-05-27,2026-06-22 12:15:52,2026-09-19,EXPIRED
P03250,Green Tea,2024-11-04,2024-11-27 20:12:02,2027-02-03,AVAILABLE
P03251,Instant Coffee,2024-10-27,2024-11-20 17:32:53,2025-09-18,EXPIRED
P03252,Green Tea,2026-07-02,2026-07-31 07:21:54,2027-11-14,AVAILABLE
P03253,Wireless Mouse,2023-03-15,2023-04-12 22:50:40,2023-11-12,EXPIRED
P03254,Dish Soap,2023-05-22,2023-06-14 12:28:30,2026-04-20,EXPIRED
P03255,Chocolate,2025-11-19,2025-12-18 02:53:27,2027-11-26,AVAILABLE
P03256,Green Tea,2024-06-04,2024-06-13 21:23:16,2025-12-22,EXPIRED
P03257,Shampoo,2023-04-20,2023-05-17 17:13:52,2025-05-29,EXPIRED
P03258,USB Cable,2025-08-31,2025-09-20 19:13:28,2026-05-07,EXPIRED
P03259,Wireless Mouse,2026-08-07,2026-08-29 20:48:58,2028-06-23,AVAILABLE
P03260,Ballpoint Pen,2023-09-10,2023-09-15 17:29:32,2026-08-24,EXPIRED
P03261,Green Tea,2026-01-08,2026-02-01 12:51:39,2028-06-27,AVAILABLE
P03262,Dish Soap,2025-11-19,2025-12-14 04:56:56,2026-04-22,EXPIRED
P03263,Chocolate,2024-10-06,2024-10-22 18:44:08,2027-07-14,AVAILABLE
P03264,Green Tea,2025-07-09,2025-07-31 04:16:24,2026-11-27,AVAILABLE
P03265,USB Cable,2026-05-10,2026-05-28 23:24:45,2027-11-08,AVAILABLE
P03266,Green Tea,2023-09-28,2023-10-27 06:53:35,2025-02-02,EXPIRED
P03267,Notebook,2025-07-09,2025-07-15 16:15:15,2026-03-07,EXPIRED
P03268,Bluetooth Speaker,2023-08-19,2023-09-09 21:35:31,2023-11-18,EXPIRED
P03269,Mineral Water,2023-11-18,2023-12-17 18:13:11,2026-11-10,AVAILABLE
P03270,Mechanical Keyboard,2026-03-29,2026-04-16 06:10:09,2027-01-01,AVAILABLE
P03271,Power Bank,2023-01-31,2023-02-06 07:11:56,2023-03-06,EXPIRED
P03272,Wireless Mouse,2023-05-10,2023-06-02 16:24:29,2025-11-13,EXPIRED
P03273,Mineral Water,2023-08-23,2023-08-25 00:32:53,2026-06-02,EXPIRED
P03274,Mineral Water,2023-09-07,2023-09-08 17:05:52,2025-06-03,EXPIRED
P03275,Water Bottle,2025-02-02,2025-02-15 02:18:03,2026-06-28,EXPIRED
P03276,Laundry Detergent,2024-08-15,2024-09-14 10:41:15,2025-03-07,EXPIRED
P03277,Notebook,2025-11-11,2025-12-06 01:50:30,2027-06-29,AVAILABLE
P03278,Laundry Detergent,2026-08-06,2026-08-11 06:20:19,2028-12-19,AVAILABLE
P03279,Cereal,2023-07-20,2023-07-22 00:12:46,2023-09-22,EXPIRED
P03280,Toothpaste,2025-04-07,2025-05-07 05:00:23,2026-11-29,AVAILABLE
P03281,Notebook,2025-02-15,2025-03-02 02:21:01,2025-06-19,EXPIRED
P03282,Shampoo,2025-06-05,2025-07-04 21:24:27,2027-01-06,AVAILABLE
P03283,USB Cable,2023-01-27,2023-02-25 20:25:58,2025-03-26,EXPIRED
P03284,Chocolate,2023-06-27,2023-07-20 02:45:53,2024-10-29,EXPIRED
P03285,Chocolate,2023-01-04,2023-01-30 14:34:20,2023-08-27,EXPIRED
P03286,Mineral Water,2026-06-11,2026-07-08 18:17:49,2029-02-26,AVAILABLE
P03287,Dish Soap,2026-06-13,2026-06-14 11:49:35,2027-08-15,AVAILABLE
P03288,Shampoo,2026-01-27,2026-02-03 09:35:09,2028-04-09,AVAILABLE
P03289,Notebook,2026-03-02,2026-03-22 12:10:24,2028-10-27,AVAILABLE
P03290,Dish Soap,2024-04-24,2024-05-12 13:35:35,2027-04-24,RESERVED
P03291,Notebook,2023-08-31,2023-09-16 16:43:42,2026-06-19,EXPIRED
P03292,Ballpoint Pen,2023-05-29,2023-06-10 00:23:51,2025-11-22,EXPIRED
P03293,Laptop Stand,2025-01-13,2025-01-28 02:36:29,2027-03-26,AVAILABLE
P03294,Ballpoint Pen,2024-04-29,2024-05-04 00:05:08,2026-10-29,RESERVED
P03295,Orange Juice,2025-07-19,2025-08-16 20:33:36,2026-09-04,EXPIRED
P03296,Mineral Water,2023-01-31,2023-02-10 02:35:54,2023-03-13,EXPIRED
P03297,Notebook,2025-01-24,2025-02-23 04:04:50,2027-09-25,AVAILABLE
P03298,Cereal,2025-11-11,2025-11-22 03:29:31,2028-07-03,AVAILABLE
P03299,USB Cable,2023-10-10,2023-10-26 09:24:38,2024-11-21,EXPIRED
P03300,USB Cable,2023-07-17,2023-08-04 21:51:53,2024-06-07,EXPIRED
P03301,Green Tea,2023-07-08,2023-07-28 22:37:25,2024-05-15,EXPIRED
P03302,Shampoo,2024-06-29,2024-07-05 05:09:38,2027-04-02,AVAILABLE
P03303,Dish Soap,2026-04-18,2026-04-21 14:03:51,2027-11-10,RESERVED
P03304,Orange Juice,2024-06-29,2024-07-29 04:06:52,2026-07-08,EXPIRED
P03305,Chocolate,2025-02-02,2025-02-18 01:20:27,2028-01-03,AVAILABLE
P03306,Wireless Mouse,2026-03-29,2026-04-03 04:54:55,2028-05-18,AVAILABLE
P03307,Wireless Mouse,2026-03-22,2026-03-23 23:03:04,2028-07-16,AVAILABLE
P03308,Cereal,2025-04-19,2025-04-28 01:29:10,2026-07-25,EXPIRED
P03309,Bluetooth Speaker,2024-07-24,2024-08-21 15:11:32,2025-07-22,EXPIRED
P03310,Laundry Detergent,2026-06-05,2026-06-16 23:56:50,2028-01-29,AVAILABLE
P03311,Mechanical Keyboard,2023-07-02,2023-07-18 16:41:58,2026-06-24,EXPIRED
P03312,Laptop Stand,2023-11-26,2023-12-19 08:45:28,2025-05-01,EXPIRED
P03313,USB Cable,2023-10-07,2023-10-21 02:24:59,2025-12-09,EXPIRED
P03314,Wireless Mouse,2025-09-13,2025-09-16 01:50:22,2026-02-10,EXPIRED
P03315,USB Cable,2023-08-26,2023-09-14 11:00:39,2024-09-23,EXPIRED
P03316,Toothpaste,2023-08-12,2023-09-08 21:05:20,2024-09-25,EXPIRED
P03317,Shampoo,2023-06-15,2023-07-09 01:47:23,2024-10-22,EXPIRED
P03318,Toothpaste,2023-04-20,2023-05-17 18:08:12,2023-08-17,EXPIRED
P03319,Mechanical Keyboard,2025-08-04,2025-08-07 13:37:20,2025-10-03,EXPIRED
P03320,Wireless Mouse,2025-09-17,2025-09-26 22:53:41,2026-04-12,EXPIRED
P03321,Dish Soap,2026-03-21,2026-04-16 09:35:45,2028-02-19,RESERVED
P03322,Chocolate,2024-04-09,2024-05-05 20:09:51,2026-12-24,AVAILABLE
P03323,Notebook,2026-02-11,2026-03-02 06:55:54,2028-07-04,AVAILABLE
P03324,Bluetooth Speaker,2026-05-03,2026-05-12 08:30:49,2027-01-24,AVAILABLE
P03325,USB Cable,2026-07-02,2026-07-28 23:32:59,2027-05-17,AVAILABLE
P03326,Water Bottle,2024-09-28,2024-10-24 17:05:13,2025-03-21,EXPIRED
P03327,Mechanical Keyboard,2024-06-12,2024-06-23 01:09:22,2026-10-15,AVAILABLE
P03328,Laptop Stand,2023-05-21,2023-06-05 09:13:56,2025-06-26,EXPIRED
P03329,Toothpaste,2024-06-08,2024-06-25 07:21:55,2025-05-14,EXPIRED
P03330,Shampoo,2025-12-21,2025-12-23 12:55:17,2028-06-29,AVAILABLE
P03331,Shampoo,2025-07-06,2025-07-13 18:35:14,2027-01-01,AVAILABLE
P03332,Laundry Detergent,2025-10-27,2025-11-03 17:19:11,2027-09-08,AVAILABLE
P03333,Mineral Water,2026-07-15,2026-08-12 09:25:58,2027-05-23,AVAILABLE
P03334,Mechanical Keyboard,2024-11-08,2024-11-19 01:28:52,2027-06-05,AVAILABLE
P03335,Mechanical Keyboard,2025-03-16,2025-03-28 14:39:21,2027-04-06,AVAILABLE
P03336,Orange Juice,2025-03-24,2025-03-30 06:36:11,2025-05-12,EXPIRED
P03337,Ballpoint Pen,2023-03-11,2023-03-29 10:57:49,2025-02-02,EXPIRED
P03338,Power Bank,2023-03-29,2023-04-14 20:44:19,2023-06-23,EXPIRED
P03339,Ballpoint Pen,2023-07-28,2023-08-26 07:06:05,2024-03-19,EXPIRED
P03340,Toothpaste,2025-11-05,2025-11-18 03:38:43,2026-01-13,EXPIRED
P03341,Bluetooth Speaker,2024-11-03,2024-11-29 09:45:28,2027-02-07,AVAILABLE
P03342,Laptop Stand,2023-12-11,2024-01-01 00:25:45,2026-02-07,EXPIRED
P03343,Instant Coffee,2024-10-07,2024-11-03 08:44:05,2025-11-03,EXPIRED
P03344,Wireless Mouse,2023-06-19,2023-07-11 04:11:28,2025-04-21,EXPIRED
P03345,Notebook,2025-01-01,2025-01-29 01:00:10,2027-06-05,RESERVED
P03346,Mechanical Keyboard,2023-06-11,2023-06-22 03:21:13,2024-07-19,EXPIRED
P03347,Orange Juice,2026-09-02,2026-09-24 21:37:16,2029-03-21,RESERVED
P03348,Ballpoint Pen,2024-11-26,2024-11-28 14:18:02,2027-09-30,AVAILABLE
P03349,Toothpaste,2024-01-27,2024-02-24 04:29:38,2024-06-06,EXPIRED
P03350,Orange Juice,2026-04-23,2026-05-15 11:41:01,2027-09-07,RESERVED
P03351,USB Cable,2023-04-09,2023-04-10 12:18:43,2024-07-24,EXPIRED
P03352,Chocolate,2023-01-25,2023-02-01 22:57:37,2023-10-24,EXPIRED
P03353,Wireless Mouse,2024-07-22,2024-08-03 04:02:56,2025-11-03,EXPIRED
P03354,Shampoo,2023-04-04,2023-04-21 19:44:48,2024-12-06,EXPIRED
P03355,USB Cable,2023-05-28,2023-06-15 09:40:39,2024-01-05,EXPIRED
P03356,Instant Coffee,2026-09-01,2026-09-12 19:39:57,2027-09-22,AVAILABLE
P03357,Orange Juice,2024-12-09,2025-01-03 07:58:23,2026-12-06,AVAILABLE
P03358,Mechanical Keyboard,2025-01-10,2025-01-23 02:02:03,2027-05-24,AVAILABLE
P03359,Notebook,2026-03-28,2026-03-29 20:01:25,2028-09-20,AVAILABLE
P03360,Mechanical Keyboard,2023-05-31,2023-06-18 12:45:28,2026-03-03,EXPIRED
P03361,Green Tea,2023-04-01,2023-04-26 22:57:15,2026-01-05,EXPIRED
P03362,Dish Soap,2024-06-30,2024-07-23 21:08:45,2025-10-19,EXPIRED
P03363,Water Bottle,2026-03-13,2026-04-10 09:19:37,2028-05-18,AVAILABLE
P03364,Wireless Mouse,2023-01-06,2023-01-19 15:29:24,2023-12-23,EXPIRED
P03365,Cereal,2024-11-02,2024-11-03 06:10:40,2026-11-14,AVAILABLE
P03366,USB Cable,2025-10-07,2025-10-14 12:20:16,2026-07-30,EXPIRED
P03367,Mineral Water,2024-01-12,2024-01-22 03:29:34,2025-07-16,EXPIRED
P03368,Laptop Stand,2026-04-07,2026-04-09 20:11:42,2027-03-09,AVAILABLE
P03369,Instant Coffee,2024-09-22,2024-10-03 03:04:00,2024-12-26,EXPIRED
P03370,Notebook,2023-03-23,2023-04-13 13:53:43,2023-07-26,EXPIRED
P03371,Orange Juice,2024-05-15,2024-05-16 20:48:34,2026-10-09,AVAILABLE
P03372,Green Tea,2024-05-12,2024-05-13 04:56:57,2025-02-04,EXPIRED
P03373,USB Cable,2025-02-25,2025-03-10 14:14:50,2025-12-30,EXPIRED
P03374,Ballpoint Pen,2023-01-14,2023-01-24 21:21:59,2025-09-04,EXPIRED
P03375,Cereal,2026-02-26,2026-03-16 17:28:20,2027-04-13,AVAILABLE
P03376,Laptop Stand,2026-04-30,2026-05-24 18:49:27,2028-02-27,AVAILABLE
P03377,Mineral Water,2023-04-06,2023-04-14 07:26:42,2024-05-06,EXPIRED
P03378,Wireless Mouse,2023-10-17,2023-11-01 11:22:33,2024-12-02,EXPIRED
P03379,USB Cable,2024-06-07,2024-06-22 14:56:01,2025-03-22,EXPIRED
P03380,Wireless Mouse,2025-06-30,2025-07-04 02:51:22,2026-06-26,EXPIRED
P03381,Instant Coffee,2026-02-01,2026-02-02 05:12:27,2027-02-10,AVAILABLE
P03382,Ballpoint Pen,2026-09-14,2026-09-20 02:22:58,2027-06-25,AVAILABLE
P03383,Notebook,2025-09-28,2025-10-22 00:43:23,2026-05-09,EXPIRED
P03384,Shampoo,2023-08-06,2023-08-31 03:32:27,2024-11-11,EXPIRED
P03385,Laundry Detergent,2025-01-30,2025-02-10 17:35:05,2026-12-01,AVAILABLE
P03386,Toothpaste,2025-08-21,2025-08-27 22:44:06,2027-11-10,AVAILABLE
P03387,Dish Soap,2023-04-02,2023-04-25 01:48:49,2025-03-27,EXPIRED
P03388,Instant Coffee,2025-09-07,2025-09-25 22:38:54,2026-12-23,AVAILABLE
P03389,Laundry Detergent,2025-02-07,2025-02-27 04:32:58,2027-11-16,AVAILABLE
P03390,Dish Soap,2024-07-19,2024-07-30 09:55:03,2025-03-02,EXPIRED
P03391,Dish Soap,2023-10-10,2023-10-16 23:48:30,2024-10-06,EXPIRED
P03392,Wireless Mouse,2023-04-21,2023-04-27 17:13:39,2025-01-13,EXPIRED
P03393,Laundry Detergent,2023-09-19,2023-10-10 07:08:42,2024-09-01,EXPIRED
P03394,Mechanical Keyboard,2024-05-31,2024-06-03 08:17:31,2026-01-21,EXPIRED
P03395,Water Bottle,2023-09-27,2023-10-27 23:55:33,2024-06-07,EXPIRED
P03396,USB Cable,2025-05-13,2025-05-25 18:38:45,2026-07-18,EXPIRED
P03397,Wireless Mouse,2023-09-17,2023-10-11 20:47:00,2024-07-04,EXPIRED
P03398,Mechanical Keyboard,2026-07-22,2026-07-29 01:17:59,2027-06-22,AVAILABLE
P03399,Bluetooth Speaker,2023-09-25,2023-10-18 14:31:22,2024-07-11,EXPIRED
P03400,Power Bank,2024-05-14,2024-05-26 22:12:02,2025-03-07,EXPIRED
P03401,Dish Soap,2023-07-11,2023-07-25 10:56:03,2025-11-20,EXPIRED
P03402,Green Tea,2025-03-21,2025-03-28 00:43:52,2025-08-15,EXPIRED
P03403,Orange Juice,2026-05-03,2026-05-11 14:29:29,2028-05-30,AVAILABLE
P03404,Notebook,2023-07-16,2023-08-05 17:14:08,2024-01-07,EXPIRED
P03405,Wireless Mouse,2026-08-27,2026-09-02 19:05:26,2027-02-24,AVAILABLE
P03406,Chocolate,2025-02-13,2025-03-13 19:02:55,2026-02-03,EXPIRED
P03407,Notebook,2025-12-23,2025-12-30 03:50:01,2027-07-15,AVAILABLE
P03408,Laundry Detergent,2024-07-19,2024-07-22 19:24:25,2025-07-16,EXPIRED
P03409,Bluetooth Speaker,2026-03-08,2026-03-11 06:07:26,2028-12-29,AVAILABLE
P03410,Dish Soap,2023-04-25,2023-05-07 12:35:56,2025-06-17,EXPIRED
P03411,Shampoo,2025-03-16,2025-03-31 01:24:14,2027-06-30,AVAILABLE
P03412,USB Cable,2026-03-14,2026-03-31 12:23:23,2026-08-14,EXPIRED
P03413,Chocolate,2026-04-05,2026-04-15 08:19:41,2026-07-18,EXPIRED
P03414,Toothpaste,2025-06-02,2025-06-15 06:43:19,2026-07-23,EXPIRED
P03415,Instant Coffee,2026-03-08,2026-03-22 11:00:19,2028-05-17,AVAILABLE
P03416,Toothpaste,2024-01-24,2024-01-29 05:24:08,2026-07-30,EXPIRED
P03417,Power Bank,2023-07-01,2023-07-11 04:16:13,2025-11-18,EXPIRED
P03418,Bluetooth Speaker,2024-12-04,2024-12-25 17:44:20,2026-07-02,EXPIRED
P03419,Bluetooth Speaker,2023-07-27,2023-08-18 16:54:32,2023-11-14,EXPIRED
P03420,Laundry Detergent,2025-10-06,2025-10-26 21:39:06,2028-02-17,AVAILABLE
P03421,Instant Coffee,2024-09-29,2024-10-29 22:05:42,2026-12-16,AVAILABLE
P03422,Instant Coffee,2024-02-16,2024-03-05 10:51:15,2024-12-16,EXPIRED
P03423,Chocolate,2025-08-01,2025-08-07 11:42:03,2027-09-16,AVAILABLE
P03424,Instant Coffee,2024-04-05,2024-04-13 08:12:52,2024-07-15,EXPIRED
P03425,Instant Coffee,2023-06-08,2023-06-11 22:53:23,2026-04-25,EXPIRED
P03426,Mineral Water,2023-02-27,2023-03-11 23:17:23,2025-11-09,EXPIRED
P03427,Mineral Water,2026-02-28,2026-03-22 08:31:21,2028-10-13,AVAILABLE
P03428,Notebook,2024-07-03,2024-07-27 20:21:12,2026-08-10,EXPIRED
P03429,Instant Coffee,2025-06-13,2025-06-25 18:30:54,2027-01-18,AVAILABLE
P03430,Mineral Water,2026-05-02,2026-05-27 16:24:51,2026-10-09,AVAILABLE
P03431,Water Bottle,2024-07-28,2024-08-02 02:11:21,2026-04-03,EXPIRED
P03432,Orange Juice,2023-02-15,2023-03-05 22:58:00,2025-01-25,EXPIRED
P03433,Ballpoint Pen,2024-09-19,2024-10-06 02:52:21,2025-11-02,EXPIRED
P03434,Mineral Water,2026-05-05,2026-05-10 10:50:23,2028-07-23,AVAILABLE
P03435,Chocolate,2025-07-03,2025-07-09 03:54:59,2026-12-05,AVAILABLE
P03436,Toothpaste,2024-07-19,2024-07-24 07:23:49,2025-04-18,EXPIRED
P03437,Green Tea,2024-01-07,2024-01-20 03:59:52,2025-09-13,EXPIRED
P03438,Mechanical Keyboard,2024-06-26,2024-07-17 17:37:12,2025-12-15,EXPIRED
P03439,Laptop Stand,2025-04-30,2025-05-27 03:19:49,2027-03-09,AVAILABLE
P03440,Water Bottle,2023-04-25,2023-05-10 18:26:14,2025-12-17,EXPIRED
P03441,Instant Coffee,2023-08-02,2023-09-01 21:57:01,2023-11-01,EXPIRED
P03442,Laundry Detergent,2026-08-15,2026-09-06 23:07:31,2028-09-12,AVAILABLE
P03443,Bluetooth Speaker,2023-09-04,2023-09-07 11:46:35,2026-04-05,EXPIRED
P03444,USB Cable,2026-02-14,2026-02-23 10:10:13,2028-03-27,RESERVED
P03445,Green Tea,2023-12-27,2024-01-10 16:51:29,2025-07-10,EXPIRED
P03446,Green Tea,2026-08-25,2026-09-23 21:31:03,2027-05-12,AVAILABLE
P03447,Water Bottle,2026-08-09,2026-08-15 20:59:52,2026-10-29,RESERVED
P03448,Dish Soap,2025-04-21,2025-05-17 10:56:47,2026-03-19,EXPIRED
P03449,Instant Coffee,2025-06-29,2025-07-14 14:08:36,2027-12-26,AVAILABLE
P03450,Cereal,2025-04-12,2025-04-19 06:29:00,2025-12-26,EXPIRED
P03451,Green Tea,2023-05-07,2023-05-28 01:59:48,2025-06-06,EXPIRED
P03452,Bluetooth Speaker,2025-06-18,2025-07-18 17:04:01,2027-08-09,AVAILABLE
P03453,Dish Soap,2026-09-10,2026-09-12 01:01:58,2027-08-17,AVAILABLE
P03454,Laptop Stand,2023-09-20,2023-09-23 09:11:20,2026-05-25,EXPIRED
P03455,Water Bottle,2023-09-03,2023-09-17 00:38:19,2025-01-09,EXPIRED
P03456,Notebook,2023-09-10,2023-10-05 06:48:25,2024-04-04,EXPIRED
P03457,Hand Soap,2023-12-03,2024-01-02 01:12:07,2025-02-10,EXPIRED
P03458,Mineral Water,2026-06-28,2026-07-10 11:45:09,2029-06-23,AVAILABLE
P03459,Laptop Stand,2023-02-24,2023-03-16 20:11:36,2025-12-12,EXPIRED
P03460,Instant Coffee,2024-12-05,2024-12-10 23:23:39,2026-12-26,RESERVED
P03461,Water Bottle,2024-04-25,2024-04-30 05:09:40,2026-11-17,AVAILABLE
P03462,Ballpoint Pen,2024-01-25,2024-02-23 16:38:38,2025-02-14,EXPIRED
P03463,Wireless Mouse,2024-08-11,2024-08-23 15:44:44,2025-12-08,EXPIRED
P03464,Orange Juice,2024-04-06,2024-04-11 07:27:27,2024-10-31,EXPIRED
P03465,Dish Soap,2024-12-17,2024-12-19 15:25:05,2025-04-26,EXPIRED
P03466,Laundry Detergent,2025-07-29,2025-07-31 16:11:24,2028-06-12,AVAILABLE
P03467,Dish Soap,2023-11-21,2023-12-18 06:24:02,2024-07-10,EXPIRED
P03468,Wireless Mouse,2025-10-03,2025-10-07 04:25:06,2027-10-28,RESERVED
P03469,Laundry Detergent,2024-03-31,2024-04-29 17:43:35,2025-05-09,EXPIRED
P03470,USB Cable,2025-10-06,2025-10-28 20:27:59,2027-04-25,AVAILABLE
P03471,Green Tea,2025-04-04,2025-04-20 06:20:28,2026-10-23,AVAILABLE
P03472,Bluetooth Speaker,2024-03-05,2024-03-12 22:09:09,2025-02-28,EXPIRED
P03473,Dish Soap,2023-02-04,2023-02-25 03:48:38,2024-10-24,EXPIRED
P03474,Green Tea,2023-11-12,2023-11-24 17:42:54,2024-10-22,EXPIRED
P03475,Laptop Stand,2024-01-01,2024-01-25 11:25:03,2026-03-13,EXPIRED
P03476,Laptop Stand,2026-06-19,2026-06-30 06:23:41,2026-10-27,AVAILABLE
P03477,Instant Coffee,2026-07-25,2026-08-20 23:30:55,2028-01-07,AVAILABLE
P03478,Power Bank,2025-12-24,2025-12-26 08:25:43,2028-10-26,AVAILABLE
P03479,Power Bank,2024-04-28,2024-04-29 15:42:20,2025-09-09,EXPIRED
P03480,Laundry Detergent,2024-09-16,2024-10-11 03:41:35,2026-08-10,EXPIRED
P03481,Bluetooth Speaker,2023-01-28,2023-02-26 21:04:14,2025-04-26,EXPIRED
P03482,Laptop Stand,2025-04-01,2025-04-23 01:32:50,2026-12-09,RESERVED
P03483,Mineral Water,2024-04-14,2024-05-03 23:30:42,2026-06-01,EXPIRED
P03484,Mineral Water,2023-05-10,2023-05-21 23:17:50,2026-02-08,EXPIRED
P03485,Mechanical Keyboard,2025-01-10,2025-01-21 08:36:04,2026-01-31,EXPIRED
P03486,USB Cable,2025-01-24,2025-01-27 13:46:17,2025-07-20,EXPIRED
P03487,USB Cable,2026-03-05,2026-03-30 21:21:21,2028-08-28,AVAILABLE
P03488,Wireless Mouse,2026-03-12,2026-04-11 21:05:36,2028-05-19,AVAILABLE
P03489,Water Bottle,2026-04-25,2026-05-06 14:35:31,2028-05-26,AVAILABLE
P03490,Mechanical Keyboard,2025-09-04,2025-09-30 00:51:08,2025-11-10,EXPIRED
P03491,Green Tea,2023-12-12,2023-12-26 05:42:00,2024-06-04,EXPIRED
P03492,Ballpoint Pen,2026-08-28,2026-09-13 03:08:46,2027-03-29,AVAILABLE
P03493,Chocolate,2023-05-31,2023-06-07 18:15:48,2025-11-26,EXPIRED
P03494,Ballpoint Pen,2025-04-06,2025-04-21 17:36:41,2027-11-21,AVAILABLE
P03495,Mechanical Keyboard,2026-03-05,2026-03-22 15:13:04,2027-03-07,AVAILABLE
P03496,Hand Soap,2025-09-17,2025-09-25 02:51:38,2026-10-31,AVAILABLE
P03497,Toothpaste,2026-08-28,2026-09-10 21:48:01,2029-04-26,AVAILABLE
P03498,Notebook,2025-12-22,2026-01-09 19:30:41,2028-05-30,AVAILABLE
P03499,Instant Coffee,2026-07-29,2026-08-28 06:40:43,2028-05-21,AVAILABLE
P03500,Power Bank,2026-05-19,2026-05-22 20:49:24,2028-04-21,AVAILABLE
P03501,Water Bottle,2023-03-05,2023-03-22 21:46:50,2025-02-17,EXPIRED
P03502,Laptop Stand,2024-04-22,2024-04-26 04:02:10,2025-01-24,EXPIRED
P03503,Notebook,2023-05-22,2023-06-03 00:49:22,2026-03-12,EXPIRED
P03504,Mineral Water,2024-07-11,2024-07-21 18:40:29,2026-03-14,EXPIRED
P03505,Hand Soap,2023-01-15,2023-02-07 01:00:08,2025-06-24,EXPIRED
P03506,Laundry Detergent,2025-08-08,2025-08-21 09:19:34,2028-02-15,AVAILABLE
P03507,Mineral Water,2024-09-01,2024-09-20 14:37:28,2026-06-26,EXPIRED
P03508,USB Cable,2025-05-09,2025-06-05 06:24:56,2027-05-20,AVAILABLE
P03509,Mechanical Keyboard,2024-06-10,2024-07-08 10:02:01,2026-10-20,AVAILABLE
P03510,Orange Juice,2024-10-06,2024-10-29 07:30:12,2025-01-21,EXPIRED
P03511,Notebook,2025-03-01,2025-03-10 18:27:39,2026-04-16,EXPIRED
P03512,Toothpaste,2025-06-22,2025-06-25 03:56:40,2027-07-25,AVAILABLE
P03513,Notebook,2025-02-17,2025-02-25 10:13:03,2027-04-17,AVAILABLE
P03514,Toothpaste,2023-01-17,2023-01-23 11:22:07,2024-01-12,EXPIRED
P03515,Dish Soap,2023-11-26,2023-12-11 13:43:13,2026-05-17,EXPIRED
P03516,Chocolate,2024-04-25,2024-04-28 10:39:18,2026-04-11,EXPIRED
P03517,Ballpoint Pen,2025-03-16,2025-03-28 09:26:42,2027-09-22,AVAILABLE
P03518,Chocolate,2024-11-07,2024-12-02 08:55:57,2026-07-28,EXPIRED
P03519,Instant Coffee,2024-09-21,2024-10-14 08:50:04,2026-07-08,EXPIRED
P03520,Ballpoint Pen,2023-09-06,2023-09-19 18:59:38,2025-02-17,EXPIRED
P03521,Ballpoint Pen,2024-05-11,2024-06-07 22:54:16,2025-12-26,EXPIRED
P03522,Notebook,2025-07-12,2025-07-22 07:36:56,2027-02-14,AVAILABLE
P03523,Green Tea,2023-02-05,2023-02-22 21:53:42,2024-02-20,EXPIRED
P03524,Bluetooth Speaker,2024-04-04,2024-04-06 18:21:32,2026-09-11,EXPIRED
P03525,Bluetooth Speaker,2026-05-24,2026-06-17 15:46:59,2027-09-13,AVAILABLE
P03526,Laundry Detergent,2026-08-08,2026-09-02 16:37:54,2028-03-12,AVAILABLE
P03527,Instant Coffee,2023-11-19,2023-11-23 00:57:48,2026-06-18,EXPIRED
P03528,Bluetooth Speaker,2023-05-06,2023-05-29 05:07:55,2026-02-09,EXPIRED
P03529,Mechanical Keyboard,2025-09-07,2025-09-18 09:57:54,2028-09-03,AVAILABLE
P03530,Water Bottle,2024-08-10,2024-08-31 22:50:26,2026-10-07,AVAILABLE
P03531,Hand Soap,2026-04-14,2026-04-19 04:02:15,2026-06-03,EXPIRED
P03532,Mechanical Keyboard,2024-09-10,2024-09-19 18:27:54,2026-06-25,EXPIRED
P03533,Mineral Water,2023-05-12,2023-05-17 23:39:14,2023-09-30,EXPIRED
P03534,Wireless Mouse,2023-10-17,2023-11-15 23:55:22,2024-06-21,EXPIRED
P03535,Bluetooth Speaker,2023-08-24,2023-08-31 23:55:29,2025-08-05,EXPIRED
P03536,Mineral Water,2024-12-30,2025-01-16 22:38:25,2026-02-22,EXPIRED
P03537,Cereal,2026-04-07,2026-04-18 20:43:53,2028-12-27,AVAILABLE
P03538,Laundry Detergent,2025-05-31,2025-06-26 02:59:36,2026-09-20,EXPIRED
P03539,USB Cable,2024-06-18,2024-07-11 11:35:19,2025-08-09,EXPIRED
P03540,Green Tea,2024-11-01,2024-11-14 12:14:05,2025-04-28,EXPIRED
P03541,Instant Coffee,2026-01-15,2026-02-02 11:03:56,2027-04-09,AVAILABLE
P03542,Laptop Stand,2024-01-26,2024-02-22 13:10:59,2024-11-28,EXPIRED
P03543,Mechanical Keyboard,2024-05-24,2024-05-31 09:29:18,2025-07-03,EXPIRED
P03544,Green Tea,2025-04-12,2025-04-19 20:06:01,2027-01-18,AVAILABLE
P03545,Toothpaste,2026-04-01,2026-04-15 16:47:44,2028-07-20,AVAILABLE
P03546,Wireless Mouse,2023-03-08,2023-03-26 20:20:45,2024-01-20,EXPIRED
P03547,Notebook,2024-07-28,2024-08-10 18:03:09,2025-02-26,EXPIRED
P03548,Hand Soap,2025-06-16,2025-07-15 09:04:29,2027-01-06,AVAILABLE
P03549,Mechanical Keyboard,2024-09-10,2024-09-17 10:03:09,2026-01-20,EXPIRED
P03550,Laundry Detergent,2025-01-20,2025-01-22 05:10:52,2026-09-16,EXPIRED
P03551,Shampoo,2025-03-11,2025-03-22 05:28:48,2027-02-28,RESERVED
P03552,Laptop Stand,2024-02-12,2024-02-19 04:33:09,2025-07-04,EXPIRED
P03553,Wireless Mouse,2023-10-07,2023-10-08 04:21:25,2024-06-13,EXPIRED
P03554,Water Bottle,2024-02-23,2024-03-23 00:14:01,2025-06-16,EXPIRED
P03555,Water Bottle,2024-06-03,2024-06-17 14:28:04,2025-03-11,EXPIRED
P03556,Shampoo,2025-07-23,2025-08-04 00:28:54,2028-01-13,AVAILABLE
P03557,Hand Soap,2026-06-02,2026-06-22 11:48:52,2028-04-07,AVAILABLE
P03558,Mechanical Keyboard,2023-12-22,2023-12-31 20:23:13,2024-05-14,EXPIRED
P03559,USB Cable,2023-12-21,2024-01-20 07:47:37,2025-07-02,EXPIRED
P03560,Hand Soap,2023-12-16,2023-12-24 00:13:17,2024-10-10,EXPIRED
P03561,Mechanical Keyboard,2023-09-18,2023-10-06 09:29:04,2023-11-20,EXPIRED
P03562,USB Cable,2025-07-19,2025-08-11 05:10:42,2026-05-16,EXPIRED
P03563,Chocolate,2023-04-17,2023-05-16 11:03:28,2025-09-10,EXPIRED
P03564,Green Tea,2026-09-14,2026-10-13 17:29:46,2027-05-10,AVAILABLE
P03565,Hand Soap,2024-10-19,2024-11-15 08:26:06,2025-11-27,EXPIRED
P03566,Green Tea,2023-04-13,2023-04-26 11:40:34,2024-08-20,EXPIRED
P03567,Laundry Detergent,2025-06-21,2025-06-26 21:30:40,2026-05-20,EXPIRED
P03568,Cereal,2025-11-01,2025-11-29 02:11:09,2027-09-10,AVAILABLE
P03569,Mechanical Keyboard,2026-04-12,2026-05-08 22:21:24,2028-07-27,AVAILABLE
P03570,Chocolate,2024-06-05,2024-07-05 16:46:47,2025-05-02,EXPIRED
P03571,Instant Coffee,2025-09-21,2025-09-29 20:12:28,2026-03-26,EXPIRED
P03572,Laptop Stand,2023-07-24,2023-07-29 02:05:03,2024-04-23,EXPIRED
P03573,Dish Soap,2025-07-26,2025-08-12 01:15:44,2027-08-04,RESERVED
P03574,Laundry Detergent,2025-05-01,2025-05-27 23:39:03,2025-10-29,EXPIRED
P03575,Toothpaste,2023-04-12,2023-05-10 15:18:44,2023-07-24,EXPIRED
P03576,Instant Coffee,2026-05-10,2026-05-15 11:06:37,2027-11-06,RESERVED
P03577,Orange Juice,2023-12-31,2024-01-20 10:47:56,2024-09-10,EXPIRED
P03578,Hand Soap,2023-07-28,2023-08-03 05:09:57,2026-05-31,EXPIRED
P03579,Mineral Water,2024-06-05,2024-06-13 07:35:29,2025-07-12,EXPIRED
P03580,Laptop Stand,2023-02-13,2023-02-25 09:09:09,2023-11-01,EXPIRED
P03581,Mineral Water,2023-12-27,2024-01-09 21:20:43,2025-07-12,EXPIRED
P03582,Notebook,2026-08-16,2026-08-29 06:58:12,2026-09-18,EXPIRED
P03583,Laundry Detergent,2024-02-05,2024-02-12 09:18:19,2026-08-29,EXPIRED
P03584,Wireless Mouse,2024-09-16,2024-10-03 16:31:32,2026-08-24,EXPIRED
P03585,Wireless Mouse,2024-07-08,2024-07-23 00:51:10,2024-08-28,EXPIRED
P03586,Orange Juice,2026-06-11,2026-07-03 12:49:32,2028-06-25,AVAILABLE
P03587,Ballpoint Pen,2024-10-03,2024-10-10 21:28:31,2026-04-13,EXPIRED
P03588,Ballpoint Pen,2024-01-08,2024-01-21 13:40:42,2025-04-10,EXPIRED
P03589,Laptop Stand,2026-05-09,2026-06-02 10:26:14,2027-12-08,AVAILABLE
P03590,Toothpaste,2025-10-16,2025-11-01 10:50:10,2026-10-08,AVAILABLE
P03591,Notebook,2023-11-11,2023-11-12 13:05:56,2026-03-07,EXPIRED
P03592,Orange Juice,2026-01-16,2026-01-19 04:51:38,2026-11-16,AVAILABLE
P03593,Orange Juice,2026-03-18,2026-04-11 05:09:37,2027-11-23,AVAILABLE
P03594,USB Cable,2024-10-22,2024-11-21 13:13:02,2025-09-27,EXPIRED
P03595,Notebook,2024-10-12,2024-10-23 21:44:37,2027-02-12,AVAILABLE
P03596,Shampoo,2024-05-15,2024-05-30 21:46:51,2025-04-25,EXPIRED
P03597,Shampoo,2023-12-19,2024-01-15 19:46:18,2025-01-20,EXPIRED
P03598,Mechanical Keyboard,2025-06-02,2025-06-15 02:21:42,2026-12-14,AVAILABLE
P03599,Dish Soap,2023-02-25,2023-03-18 21:35:21,2023-10-11,EXPIRED
P03600,Water Bottle,2024-02-24,2024-03-19 03:14:41,2024-06-15,EXPIRED
P03601,Mechanical Keyboard,2024-07-12,2024-07-31 17:54:54,2025-11-13,EXPIRED
P03602,Laptop Stand,2023-05-12,2023-06-08 20:05:11,2024-04-16,EXPIRED
P03603,Power Bank,2023-12-21,2024-01-16 02:23:47,2025-09-17,EXPIRED
P03604,Dish Soap,2026-09-19,2026-10-19 03:45:23,2027-08-29,AVAILABLE
P03605,Laundry Detergent,2025-05-04,2025-05-22 15:25:19,2025-06-20,EXPIRED
P03606,Power Bank,2026-04-08,2026-04-12 16:20:16,2026-09-04,EXPIRED
P03607,Mineral Water,2024-09-25,2024-10-05 04:53:53,2024-10-26,EXPIRED
P03608,Mechanical Keyboard,2025-03-06,2025-03-12 18:59:32,2028-01-19,AVAILABLE
P03609,Dish Soap,2025-09-10,2025-09-18 10:33:20,2027-12-13,RESERVED
P03610,Mineral Water,2024-07-31,2024-08-28 12:47:19,2025-04-30,EXPIRED
P03611,Ballpoint Pen,2025-06-10,2025-07-04 04:13:18,2026-07-14,EXPIRED
P03612,Power Bank,2026-06-04,2026-06-09 22:59:27,2027-04-26,AVAILABLE
P03613,USB Cable,2024-01-31,2024-02-06 00:19:44,2024-07-09,EXPIRED
P03614,Mechanical Keyboard,2024-08-05,2024-08-11 19:16:34,2025-11-22,EXPIRED
P03615,Power Bank,2024-07-30,2024-08-23 15:32:58,2025-04-15,EXPIRED
P03616,USB Cable,2025-08-22,2025-09-19 19:28:09,2028-01-01,AVAILABLE
P03617,Ballpoint Pen,2026-05-01,2026-05-21 08:36:44,2026-12-14,RESERVED
P03618,Laptop Stand,2025-11-18,2025-12-11 06:07:47,2026-01-27,EXPIRED
P03619,Mechanical Keyboard,2024-03-25,2024-04-23 13:27:26,2024-06-05,EXPIRED
P03620,Laptop Stand,2023-01-05,2023-01-07 00:22:59,2024-03-12,EXPIRED
P03621,Laptop Stand,2026-01-09,2026-01-20 06:34:25,2027-03-01,AVAILABLE
P03622,Wireless Mouse,2024-10-20,2024-11-10 01:20:51,2025-11-21,EXPIRED
P03623,Green Tea,2024-05-15,2024-06-13 16:57:15,2024-06-17,EXPIRED
P03624,Orange Juice,2026-02-06,2026-03-01 05:59:26,2027-02-21,RESERVED
P03625,Notebook,2026-06-06,2026-06-08 01:28:25,2028-12-07,AVAILABLE
P03626,Toothpaste,2025-06-12,2025-07-12 07:54:14,2026-07-10,EXPIRED
P03627,Laundry Detergent,2024-02-28,2024-03-28 16:39:57,2026-05-27,EXPIRED
P03628,Water Bottle,2024-03-15,2024-04-11 15:26:57,2024-10-01,EXPIRED
P03629,Dish Soap,2024-11-19,2024-12-10 03:56:40,2027-03-23,AVAILABLE
P03630,Mineral Water,2025-07-20,2025-07-24 07:27:35,2027-05-05,AVAILABLE
P03631,Wireless Mouse,2023-06-02,2023-06-09 04:42:32,2024-05-18,EXPIRED
P03632,Water Bottle,2024-04-07,2024-04-30 19:09:06,2027-03-13,RESERVED
P03633,Instant Coffee,2024-12-16,2025-01-14 05:29:47,2025-05-24,EXPIRED
P03634,Dish Soap,2025-09-03,2025-09-14 22:48:47,2025-11-12,EXPIRED
P03635,Mineral Water,2025-09-14,2025-09-30 12:06:41,2026-01-10,EXPIRED
P03636,Shampoo,2026-07-12,2026-08-05 11:52:37,2027-07-19,AVAILABLE
P03637,Laundry Detergent,2025-12-06,2025-12-10 20:52:17,2027-05-26,AVAILABLE
P03638,Ballpoint Pen,2023-09-18,2023-10-03 19:28:26,2024-06-13,EXPIRED
P03639,Toothpaste,2025-10-27,2025-11-19 03:22:37,2028-04-02,AVAILABLE
P03640,Laundry Detergent,2026-08-10,2026-08-18 17:44:19,2028-08-25,RESERVED
P03641,Hand Soap,2023-12-31,2024-01-24 21:01:45,2024-12-03,EXPIRED
P03642,Mineral Water,2025-02-10,2025-02-22 22:52:25,2027-05-08,AVAILABLE
P03643,Ballpoint Pen,2024-12-25,2025-01-13 03:08:20,2027-07-30,AVAILABLE
P03644,Chocolate,2026-06-17,2026-07-04 18:36:57,2027-06-14,AVAILABLE
P03645,Cereal,2024-04-02,2024-04-22 08:42:27,2024-05-20,EXPIRED
P03646,Toothpaste,2024-09-02,2024-10-01 04:37:55,2024-11-17,EXPIRED
P03647,Toothpaste,2024-07-03,2024-07-24 15:09:48,2026-11-23,AVAILABLE
P03648,Notebook,2024-09-15,2024-09-18 14:36:39,2027-01-04,AVAILABLE
P03649,Wireless Mouse,2026-02-25,2026-02-26 17:50:38,2028-10-18,AVAILABLE
P03650,Hand Soap,2024-06-06,2024-06-24 11:43:39,2026-02-08,EXPIRED
P03651,Mineral Water,2024-07-18,2024-07-21 16:12:51,2027-06-15,AVAILABLE
P03652,Power Bank,2025-04-21,2025-05-06 07:18:53,2027-12-15,AVAILABLE
P03653,Cereal,2024-02-27,2024-03-11 23:37:34,2024-11-01,EXPIRED
P03654,Mineral Water,2024-08-22,2024-09-16 18:34:01,2026-03-18,EXPIRED
P03655,Chocolate,2024-10-09,2024-10-10 19:10:42,2027-09-28,AVAILABLE
P03656,Wireless Mouse,2024-10-31,2024-11-06 03:53:56,2025-02-02,EXPIRED
P03657,Laptop Stand,2025-03-27,2025-04-01 14:02:25,2027-07-24,AVAILABLE
P03658,Laundry Detergent,2026-05-17,2026-06-15 01:01:53,2027-06-17,AVAILABLE
P03659,Laundry Detergent,2024-06-01,2024-06-13 16:06:49,2025-09-27,EXPIRED
P03660,Wireless Mouse,2026-02-13,2026-03-14 17:36:35,2027-04-08,RESERVED
P03661,Mechanical Keyboard,2024-11-06,2024-11-22 09:42:52,2026-04-05,EXPIRED
P03662,Ballpoint Pen,2026-05-03,2026-05-27 15:16:53,2027-01-05,AVAILABLE
P03663,Orange Juice,2025-05-01,2025-05-29 07:00:09,2027-12-02,AVAILABLE
P03664,Wireless Mouse,2023-04-07,2023-04-08 06:02:43,2025-04-12,EXPIRED
P03665,Mineral Water,2025-04-05,2025-04-09 18:56:55,2027-05-03,RESERVED
P03666,Water Bottle,2023-02-05,2023-03-07 11:24:18,2023-09-21,EXPIRED
P03667,Laundry Detergent,2024-06-18,2024-07-13 18:12:52,2027-01-01,AVAILABLE
P03668,Chocolate,2025-06-03,2025-06-18 18:03:32,2028-03-11,RESERVED
P03669,Wireless Mouse,2026-08-31,2026-09-04 16:30:10,2029-01-25,RESERVED
P03670,Mechanical Keyboard,2023-03-05,2023-03-09 20:48:13,2025-08-26,EXPIRED
P03671,Orange Juice,2023-09-09,2023-09-11 07:17:58,2025-06-05,EXPIRED
P03672,Chocolate,2024-05-31,2024-06-05 19:38:02,2026-09-13,EXPIRED
P03673,Hand Soap,2024-07-15,2024-08-06 10:27:35,2026-11-12,AVAILABLE
P03674,Laptop Stand,2024-09-08,2024-09-10 12:09:50,2025-06-23,EXPIRED
P03675,Power Bank,2024-10-24,2024-11-23 11:39:38,2027-05-05,AVAILABLE
P03676,Bluetooth Speaker,2024-10-07,2024-11-06 13:49:11,2025-11-18,EXPIRED
P03677,Laptop Stand,2023-09-13,2023-10-03 00:21:15,2024-12-27,EXPIRED
P03678,Chocolate,2025-06-19,2025-07-15 00:16:31,2027-04-09,AVAILABLE
P03679,Mineral Water,2024-09-13,2024-10-01 09:43:50,2026-08-10,EXPIRED
P03680,Orange Juice,2026-05-08,2026-05-16 19:27:20,2027-05-22,AVAILABLE
P03681,Instant Coffee,2025-12-30,2026-01-07 10:00:31,2026-07-15,EXPIRED
P03682,Bluetooth Speaker,2024-08-11,2024-08-22 23:22:13,2025-04-06,EXPIRED
P03683,Laptop Stand,2026-05-05,2026-05-07 00:47:15,2028-08-19,AVAILABLE
P03684,Laptop Stand,2023-07-07,2023-08-06 02:59:45,2026-03-30,EXPIRED
P03685,Instant Coffee,2026-08-03,2026-08-08 20:29:31,2027-07-20,AVAILABLE
P03686,Green Tea,2026-01-02,2026-01-23 17:46:15,2028-01-11,AVAILABLE
P03687,Cereal,2024-10-19,2024-11-06 10:10:11,2026-08-05,EXPIRED
P03688,Laptop Stand,2024-12-10,2024-12-15 22:54:20,2025-08-04,EXPIRED
P03689,Mineral Water,2023-08-25,2023-09-11 10:31:23,2024-03-14,EXPIRED
P03690,Toothpaste,2023-05-17,2023-05-19 10:58:03,2023-09-20,EXPIRED
P03691,Orange Juice,2024-09-23,2024-10-13 02:16:28,2027-05-11,AVAILABLE
P03692,Green Tea,2025-08-23,2025-08-31 11:40:13,2027-09-22,AVAILABLE
P03693,Chocolate,2025-06-16,2025-07-14 16:46:47,2027-03-13,AVAILABLE
P03694,Toothpaste,2023-09-01,2023-09-13 18:19:44,2026-04-28,EXPIRED
P03695,Water Bottle,2024-06-16,2024-06-26 19:13:02,2026-05-29,EXPIRED
P03696,Instant Coffee,2025-09-27,2025-10-14 17:01:14,2026-11-30,AVAILABLE
P03697,Dish Soap,2024-03-21,2024-04-04 02:55:50,2024-09-07,EXPIRED
P03698,Water Bottle,2024-05-05,2024-06-01 20:33:58,2025-06-12,EXPIRED
P03699,Shampoo,2023-03-18,2023-04-04 15:32:34,2024-04-09,EXPIRED
P03700,Laundry Detergent,2023-05-20,2023-06-01 05:30:34,2026-02-16,EXPIRED
P03701,Water Bottle,2023-01-20,2023-01-30 17:27:11,2024-11-27,EXPIRED
P03702,USB Cable,2024-10-03,2024-10-09 03:28:44,2026-07-21,EXPIRED
P03703,Shampoo,2024-10-31,2024-11-27 21:13:59,2026-10-01,RESERVED
P03704,Instant Coffee,2025-09-15,2025-10-11 16:03:06,2028-08-28,AVAILABLE
P03705,Power Bank,2024-12-30,2025-01-13 21:30:12,2026-09-20,EXPIRED
P03706,Green Tea,2025-02-20,2025-03-08 02:47:30,2027-09-14,RESERVED
P03707,Mineral Water,2023-11-29,2023-12-18 12:37:59,2024-05-10,EXPIRED
P03708,Chocolate,2024-04-04,2024-04-11 12:08:37,2025-10-12,EXPIRED
P03709,Mineral Water,2026-07-12,2026-08-07 13:16:57,2028-07-10,AVAILABLE
P03710,Ballpoint Pen,2026-04-18,2026-05-07 18:50:01,2026-08-01,EXPIRED
P03711,Power Bank,2023-04-09,2023-04-27 19:35:21,2026-01-15,EXPIRED
P03712,Instant Coffee,2026-03-28,2026-03-29 17:57:14,2028-03-24,AVAILABLE
P03713,Power Bank,2023-06-24,2023-07-12 19:26:42,2025-03-09,EXPIRED
P03714,Chocolate,2023-12-15,2024-01-05 09:24:17,2026-12-02,AVAILABLE
P03715,Chocolate,2026-06-22,2026-07-17 21:39:46,2029-02-13,AVAILABLE
P03716,Orange Juice,2025-06-16,2025-06-22 17:58:56,2027-08-14,AVAILABLE
P03717,Cereal,2026-07-24,2026-08-16 18:22:48,2029-07-22,AVAILABLE
P03718,Dish Soap,2023-08-16,2023-09-12 18:03:11,2024-07-04,EXPIRED
P03719,USB Cable,2025-06-22,2025-07-16 18:29:46,2025-12-20,EXPIRED
P03720,Bluetooth Speaker,2024-09-04,2024-09-21 17:12:40,2027-04-17,AVAILABLE
P03721,Toothpaste,2023-01-30,2023-03-01 10:48:37,2024-11-02,EXPIRED
P03722,Green Tea,2024-11-04,2024-11-30 03:50:17,2026-01-30,EXPIRED
P03723,Shampoo,2025-10-13,2025-11-07 05:33:25,2026-06-14,EXPIRED
P03724,USB Cable,2024-01-09,2024-02-02 06:40:01,2025-04-12,EXPIRED
P03725,Dish Soap,2025-10-26,2025-11-06 13:54:34,2026-07-16,EXPIRED
P03726,USB Cable,2026-03-29,2026-04-06 19:31:53,2026-10-08,AVAILABLE
P03727,Cereal,2026-03-26,2026-03-27 00:47:50,2027-04-01,AVAILABLE
P03728,Toothpaste,2025-08-16,2025-09-04 01:23:20,2026-07-14,EXPIRED
P03729,Laundry Detergent,2025-05-20,2025-06-19 13:37:13,2026-09-14,EXPIRED
P03730,Orange Juice,2023-07-03,2023-07-24 21:20:47,2026-05-31,EXPIRED
P03731,Laundry Detergent,2023-02-12,2023-03-09 23:29:47,2023-04-07,EXPIRED
P03732,Cereal,2024-02-04,2024-02-09 21:25:01,2024-11-08,EXPIRED
P03733,Power Bank,2026-03-24,2026-04-01 18:05:00,2027-09-14,AVAILABLE
P03734,Bluetooth Speaker,2026-03-20,2026-04-05 09:08:41,2028-01-24,AVAILABLE
P03735,Power Bank,2024-05-13,2024-06-06 13:02:36,2024-10-10,EXPIRED
P03736,Dish Soap,2024-11-02,2024-11-29 17:51:06,2027-09-26,RESERVED
P03737,Power Bank,2023-03-29,2023-04-08 10:03:56,2024-01-30,EXPIRED
P03738,Chocolate,2024-03-10,2024-04-02 14:13:25,2024-08-29,EXPIRED
P03739,Cereal,2025-12-23,2026-01-08 06:24:48,2028-04-24,AVAILABLE
P03740,Toothpaste,2023-06-11,2023-06-18 22:22:32,2025-10-09,EXPIRED
P03741,Notebook,2024-05-17,2024-05-24 11:15:51,2024-10-17,EXPIRED
P03742,Wireless Mouse,2026-07-07,2026-07-18 17:20:55,2029-01-03,AVAILABLE
P03743,Orange Juice,2026-07-20,2026-07-30 14:42:15,2027-02-11,RESERVED
P03744,Cereal,2025-03-01,2025-03-28 12:15:37,2027-12-24,AVAILABLE
P03745,Laptop Stand,2025-01-01,2025-01-13 03:06:24,2026-09-17,EXPIRED
P03746,Instant Coffee,2025-03-15,2025-04-06 19:02:42,2026-01-13,EXPIRED
P03747,Dish Soap,2024-05-06,2024-05-22 15:11:29,2024-08-01,EXPIRED
P03748,Laptop Stand,2026-01-20,2026-02-09 13:49:41,2028-04-03,AVAILABLE
P03749,Wireless Mouse,2024-12-03,2025-01-02 07:18:11,2025-06-19,EXPIRED
P03750,Mineral Water,2024-06-06,2024-06-15 02:52:45,2026-10-28,AVAILABLE
P03751,Mechanical Keyboard,2023-08-03,2023-08-23 22:29:20,2024-10-25,EXPIRED
P03752,Cereal,2026-01-01,2026-01-29 20:58:19,2028-05-18,AVAILABLE
P03753,Mechanical Keyboard,2025-02-03,2025-02-07 01:12:42,2025-03-07,EXPIRED
P03754,Bluetooth Speaker,2025-10-01,2025-10-08 00:16:09,2028-07-23,AVAILABLE
P03755,Water Bottle,2025-05-14,2025-05-19 16:55:06,2026-12-04,RESERVED
P03756,Green Tea,2024-07-08,2024-07-23 03:33:48,2025-11-20,EXPIRED
P03757,Notebook,2024-10-11,2024-11-06 06:59:01,2027-03-03,AVAILABLE
P03758,Mechanical Keyboard,2025-05-06,2025-05-22 12:16:44,2025-06-12,EXPIRED
P03759,Notebook,2023-12-22,2023-12-28 16:34:48,2025-08-12,EXPIRED
P03760,Ballpoint Pen,2025-11-08,2025-11-23 08:55:20,2027-11-26,AVAILABLE
P03761,Instant Coffee,2024-11-04,2024-11-22 23:57:29,2025-09-08,EXPIRED
P03762,Hand Soap,2023-09-10,2023-09-25 08:56:12,2023-11-22,EXPIRED
P03763,Shampoo,2026-02-06,2026-02-24 03:50:06,2028-05-01,AVAILABLE
P03764,Mechanical Keyboard,2024-02-20,2024-03-01 06:37:32,2024-08-01,EXPIRED
P03765,Dish Soap,2025-10-07,2025-10-14 17:30:28,2027-11-11,AVAILABLE
P03766,Instant Coffee,2024-04-24,2024-05-01 12:18:48,2027-01-21,AVAILABLE
P03767,Wireless Mouse,2024-05-29,2024-06-02 07:45:00,2024-07-23,EXPIRED
P03768,Ballpoint Pen,2023-08-19,2023-08-31 06:32:52,2026-01-23,EXPIRED
P03769,Wireless Mouse,2024-01-17,2024-02-04 04:25:08,2026-01-30,EXPIRED
P03770,Green Tea,2023-12-08,2023-12-10 08:04:41,2024-12-20,EXPIRED
P03771,Instant Coffee,2023-06-24,2023-07-14 01:46:41,2025-07-22,EXPIRED
P03772,Toothpaste,2025-08-03,2025-08-08 00:17:48,2027-03-28,AVAILABLE
P03773,Wireless Mouse,2023-04-26,2023-05-19 22:31:44,2024-12-03,EXPIRED
P03774,Power Bank,2026-03-03,2026-03-10 05:17:23,2027-08-06,AVAILABLE
P03775,USB Cable,2023-05-02,2023-05-22 15:45:39,2025-02-23,EXPIRED
P03776,Power Bank,2026-07-23,2026-08-22 04:09:48,2028-03-11,AVAILABLE
P03777,Toothpaste,2023-02-27,2023-03-18 23:47:35,2025-11-25,EXPIRED
P03778,Bluetooth Speaker,2025-03-09,2025-03-18 18:26:13,2026-04-18,EXPIRED
P03779,Laptop Stand,2025-02-03,2025-02-06 15:53:19,2025-12-25,EXPIRED
P03780,Laptop Stand,2024-08-16,2024-08-17 08:53:56,2025-11-27,EXPIRED
P03781,Laptop Stand,2025-05-08,2025-05-12 03:34:53,2025-09-20,EXPIRED
P03782,Mechanical Keyboard,2024-01-30,2024-02-09 12:33:27,2024-09-19,EXPIRED
P03783,Mineral Water,2024-03-16,2024-03-18 15:00:09,2026-07-11,EXPIRED
P03784,Toothpaste,2026-08-29,2026-09-04 01:59:59,2027-08-04,AVAILABLE
P03785,Mechanical Keyboard,2026-05-02,2026-05-13 07:25:57,2028-09-26,RESERVED
P03786,Bluetooth Speaker,2023-05-24,2023-06-12 11:12:26,2023-08-25,EXPIRED
P03787,Wireless Mouse,2024-11-25,2024-12-10 15:38:20,2025-02-24,EXPIRED
P03788,Mechanical Keyboard,2023-07-16,2023-08-01 07:08:21,2023-09-09,EXPIRED
P03789,Wireless Mouse,2025-08-02,2025-08-09 19:29:05,2026-09-24,AVAILABLE
P03790,Toothpaste,2023-12-18,2023-12-24 02:06:13,2026-03-06,EXPIRED
P03791,Notebook,2023-03-26,2023-04-19 16:30:56,2023-09-26,EXPIRED
P03792,Mineral Water,2025-10-12,2025-10-17 05:07:01,2027-04-14,AVAILABLE
P03793,Green Tea,2025-04-14,2025-05-10 03:31:07,2026-04-21,EXPIRED
P03794,Laundry Detergent,2023-05-21,2023-06-06 00:29:16,2025-03-08,EXPIRED
P03795,Instant Coffee,2025-04-13,2025-04-15 04:52:14,2027-01-20,AVAILABLE
P03796,Bluetooth Speaker,2024-01-12,2024-01-24 04:05:41,2026-05-04,EXPIRED
P03797,Wireless Mouse,2023-10-23,2023-11-03 05:13:58,2025-05-27,EXPIRED
P03798,USB Cable,2023-10-18,2023-11-11 21:46:01,2025-05-26,EXPIRED
P03799,Chocolate,2025-07-02,2025-07-28 15:56:11,2027-09-09,AVAILABLE
P03800,Wireless Mouse,2024-03-02,2024-03-24 05:26:41,2026-03-25,EXPIRED
P03801,Cereal,2023-07-13,2023-07-21 04:30:26,2024-01-20,EXPIRED
P03802,Toothpaste,2026-05-19,2026-06-15 09:46:35,2026-08-06,EXPIRED
P03803,Bluetooth Speaker,2024-07-07,2024-07-19 22:22:37,2026-07-25,EXPIRED
P03804,Power Bank,2025-02-21,2025-02-23 04:06:06,2025-11-04,EXPIRED
P03805,Cereal,2026-01-04,2026-01-23 02:10:51,2028-07-02,AVAILABLE
P03806,Mineral Water,2024-08-07,2024-08-31 19:51:34,2027-01-01,AVAILABLE
P03807,Hand Soap,2026-02-12,2026-02-26 16:43:26,2026-11-28,AVAILABLE
P03808,Toothpaste,2025-02-15,2025-02-17 00:32:33,2026-09-19,EXPIRED
P03809,Chocolate,2025-07-23,2025-08-01 00:32:47,2026-12-07,AVAILABLE
P03810,Laundry Detergent,2023-07-01,2023-07-20 03:36:02,2026-04-30,EXPIRED
P03811,Chocolate,2026-06-23,2026-07-21 18:08:05,2029-01-03,AVAILABLE
P03812,Mechanical Keyboard,2023-04-14,2023-04-27 18:47:46,2024-06-29,EXPIRED
P03813,Mineral Water,2026-05-30,2026-06-23 20:08:53,2027-08-07,AVAILABLE
P03814,Instant Coffee,2024-07-24,2024-08-11 08:32:27,2026-02-27,EXPIRED
P03815,Toothpaste,2023-03-22,2023-04-08 05:07:14,2025-08-08,EXPIRED
P03816,Cereal,2024-07-15,2024-07-29 05:09:45,2024-09-02,EXPIRED
P03817,Laptop Stand,2023-05-16,2023-05-22 06:47:46,2026-03-17,EXPIRED
P03818,Bluetooth Speaker,2023-01-30,2023-02-11 10:00:56,2024-04-30,EXPIRED
P03819,Water Bottle,2023-01-05,2023-01-07 00:01:35,2026-01-01,EXPIRED
P03820,Mineral Water,2024-05-24,2024-06-19 09:47:45,2026-09-26,AVAILABLE
P03821,Instant Coffee,2026-04-30,2026-05-04 19:00:00,2029-04-21,AVAILABLE
P03822,Notebook,2026-03-09,2026-03-12 03:16:07,2028-07-17,AVAILABLE
P03823,Wireless Mouse,2026-04-02,2026-04-30 02:24:36,2027-03-09,AVAILABLE
P03824,Bluetooth Speaker,2025-10-09,2025-10-16 14:47:53,2028-06-06,RESERVED
P03825,Ballpoint Pen,2023-04-02,2023-04-15 00:34:50,2025-03-21,EXPIRED
P03826,Chocolate,2026-01-17,2026-02-13 02:54:55,2028-07-05,AVAILABLE
P03827,Green Tea,2025-03-06,2025-03-14 01:03:01,2028-02-23,AVAILABLE
P03828,Instant Coffee,2024-05-25,2024-06-08 03:56:06,2025-11-06,EXPIRED
P03829,Toothpaste,2023-06-18,2023-07-18 03:33:56,2024-01-08,EXPIRED
P03830,Cereal,2023-07-09,2023-07-31 19:35:41,2025-09-02,EXPIRED
P03831,Green Tea,2024-11-06,2024-11-23 04:48:36,2026-08-30,EXPIRED
P03832,Bluetooth Speaker,2023-02-07,2023-02-14 20:16:51,2023-04-02,EXPIRED
P03833,USB Cable,2025-01-13,2025-01-20 10:48:15,2026-09-03,EXPIRED
P03834,Shampoo,2025-04-21,2025-04-22 14:20:24,2026-10-15,AVAILABLE
P03835,Notebook,2024-07-13,2024-08-10 12:27:28,2025-06-11,EXPIRED
P03836,Mechanical Keyboard,2023-07-15,2023-07-17 17:08:17,2023-09-15,EXPIRED
P03837,Bluetooth Speaker,2026-01-09,2026-02-08 02:44:32,2026-12-16,AVAILABLE
P03838,Instant Coffee,2025-11-17,2025-12-02 19:59:49,2027-07-31,AVAILABLE
P03839,Bluetooth Speaker,2025-03-11,2025-03-16 01:33:22,2028-01-30,AVAILABLE
P03840,Hand Soap,2024-06-20,2024-07-13 10:57:08,2027-03-04,AVAILABLE
P03841,Orange Juice,2026-07-28,2026-08-04 13:19:10,2027-11-25,AVAILABLE
P03842,Toothpaste,2023-02-05,2023-02-06 09:05:10,2023-09-16,EXPIRED
P03843,Laundry Detergent,2023-10-13,2023-10-31 22:21:06,2024-07-06,EXPIRED
P03844,Shampoo,2023-05-23,2023-06-13 05:50:40,2025-04-22,EXPIRED
P03845,Orange Juice,2026-03-02,2026-03-03 09:42:55,2028-06-23,AVAILABLE
P03846,Mechanical Keyboard,2023-05-05,2023-05-20 19:11:14,2023-09-25,EXPIRED
P03847,Green Tea,2025-05-23,2025-06-06 00:03:05,2026-03-10,EXPIRED
P03848,Laundry Detergent,2024-05-11,2024-05-28 04:29:05,2024-08-09,EXPIRED
P03849,USB Cable,2023-12-26,2024-01-02 04:36:47,2026-06-17,EXPIRED
P03850,USB Cable,2024-12-19,2024-12-22 04:01:41,2026-07-13,EXPIRED
P03851,Laundry Detergent,2025-02-05,2025-02-06 15:47:27,2027-08-15,AVAILABLE
P03852,Instant Coffee,2024-06-13,2024-06-23 12:46:02,2026-03-30,EXPIRED
P03853,Laptop Stand,2023-10-23,2023-11-07 13:14:54,2025-07-28,EXPIRED
P03854,Mineral Water,2023-02-21,2023-02-25 19:05:21,2024-07-19,EXPIRED
P03855,Wireless Mouse,2025-01-19,2025-02-04 23:47:51,2026-04-13,EXPIRED
P03856,Chocolate,2025-10-04,2025-11-01 04:16:15,2027-10-20,AVAILABLE
P03857,Shampoo,2023-06-20,2023-07-06 13:34:10,2024-06-18,EXPIRED
P03858,Cereal,2023-07-27,2023-08-20 21:08:52,2026-03-22,EXPIRED
P03859,Laptop Stand,2025-03-18,2025-04-02 00:32:25,2027-08-21,RESERVED
P03860,Mineral Water,2024-12-20,2025-01-19 22:50:25,2025-11-27,EXPIRED
P03861,Bluetooth Speaker,2024-07-19,2024-07-22 19:56:28,2026-12-03,AVAILABLE
P03862,Toothpaste,2025-11-11,2025-12-09 08:50:39,2027-08-03,AVAILABLE
P03863,Toothpaste,2023-06-14,2023-07-06 05:37:03,2024-09-11,EXPIRED
P03864,Orange Juice,2023-01-31,2023-02-02 13:59:06,2026-01-10,EXPIRED
P03865,Chocolate,2025-10-22,2025-11-10 15:19:09,2026-08-05,EXPIRED
P03866,Instant Coffee,2024-10-03,2024-10-31 08:51:13,2026-07-24,EXPIRED
P03867,Mechanical Keyboard,2024-09-21,2024-10-15 13:56:47,2026-12-04,AVAILABLE
P03868,Bluetooth Speaker,2023-08-15,2023-08-20 02:21:50,2026-02-16,EXPIRED
P03869,Green Tea,2026-05-23,2026-06-16 11:10:22,2027-11-29,AVAILABLE
P03870,Laptop Stand,2023-02-05,2023-02-18 21:44:17,2024-10-06,EXPIRED
P03871,USB Cable,2023-09-11,2023-09-15 21:45:39,2026-07-16,EXPIRED
P03872,Water Bottle,2026-01-24,2026-02-11 02:33:09,2028-09-29,AVAILABLE
P03873,Wireless Mouse,2025-05-28,2025-06-05 09:14:21,2027-02-05,AVAILABLE
P03874,Dish Soap,2024-01-02,2024-01-26 02:33:33,2025-08-21,EXPIRED
P03875,Notebook,2025-05-09,2025-05-27 00:25:25,2026-11-21,AVAILABLE
P03876,Orange Juice,2023-07-21,2023-08-17 03:02:11,2024-02-22,EXPIRED
P03877,Laptop Stand,2025-01-29,2025-02-08 06:42:47,2026-09-22,AVAILABLE
P03878,Laptop Stand,2024-05-21,2024-06-18 00:07:45,2026-09-20,EXPIRED
P03879,Mechanical Keyboard,2024-09-28,2024-10-18 23:33:27,2024-11-05,EXPIRED
P03880,Instant Coffee,2025-10-14,2025-10-19 03:45:46,2028-09-12,AVAILABLE
P03881,Mechanical Keyboard,2023-04-30,2023-05-07 05:03:44,2024-07-15,EXPIRED
P03882,Power Bank,2026-05-02,2026-05-17 17:52:37,2026-09-10,EXPIRED
P03883,USB Cable,2023-07-03,2023-07-29 08:02:00,2024-10-04,EXPIRED
P03884,Chocolate,2025-08-30,2025-09-26 03:15:06,2028-07-11,RESERVED
P03885,Power Bank,2026-04-22,2026-05-19 14:48:41,2028-09-17,AVAILABLE
P03886,Power Bank,2026-07-14,2026-08-08 12:56:59,2027-06-27,AVAILABLE
P03887,Ballpoint Pen,2023-04-15,2023-05-09 16:16:06,2024-12-18,EXPIRED
P03888,Toothpaste,2025-12-08,2025-12-19 11:58:00,2026-09-10,EXPIRED
P03889,USB Cable,2024-02-26,2024-03-12 10:14:21,2025-03-01,EXPIRED
P03890,Power Bank,2023-02-16,2023-03-04 05:35:33,2025-09-11,EXPIRED
P03891,Dish Soap,2023-01-08,2023-01-24 04:49:29,2023-06-02,EXPIRED
P03892,Instant Coffee,2025-08-16,2025-08-20 13:06:27,2025-11-10,EXPIRED
P03893,Laundry Detergent,2025-11-14,2025-11-18 19:30:53,2026-10-26,AVAILABLE
P03894,Water Bottle,2026-05-05,2026-06-03 18:40:24,2027-10-31,AVAILABLE
P03895,Hand Soap,2023-09-05,2023-09-23 06:31:21,2025-01-11,EXPIRED
P03896,Mechanical Keyboard,2025-07-05,2025-08-03 13:35:55,2026-03-09,EXPIRED
P03897,Wireless Mouse,2024-01-08,2024-02-03 09:35:00,2026-02-26,EXPIRED
P03898,Orange Juice,2025-08-11,2025-09-08 16:02:00,2026-08-23,EXPIRED
P03899,Green Tea,2024-08-23,2024-08-30 04:13:56,2026-12-10,AVAILABLE
P03900,Laptop Stand,2023-09-06,2023-09-19 18:02:50,2025-12-01,EXPIRED
P03901,Ballpoint Pen,2025-02-22,2025-03-12 11:54:29,2026-09-06,EXPIRED
P03902,Mineral Water,2025-08-24,2025-08-25 12:51:28,2027-09-23,AVAILABLE
P03903,Shampoo,2026-06-23,2026-07-16 03:15:36,2028-08-07,RESERVED
P03904,Bluetooth Speaker,2023-07-03,2023-07-14 01:47:07,2025-11-11,EXPIRED
P03905,Chocolate,2023-10-25,2023-11-07 02:00:30,2023-12-13,EXPIRED
P03906,Water Bottle,2024-02-09,2024-02-21 01:52:41,2025-08-20,EXPIRED
P03907,Laptop Stand,2024-07-31,2024-08-28 06:44:47,2025-04-17,EXPIRED
P03908,Ballpoint Pen,2026-01-07,2026-02-04 07:36:08,2027-09-19,AVAILABLE
P03909,Chocolate,2025-10-27,2025-10-30 07:01:00,2027-08-05,AVAILABLE
P03910,Shampoo,2026-05-15,2026-06-10 02:52:00,2028-03-22,AVAILABLE
P03911,Mechanical Keyboard,2023-10-29,2023-11-02 11:58:04,2026-01-08,EXPIRED
P03912,Hand Soap,2025-01-16,2025-02-10 22:35:24,2026-10-03,AVAILABLE
P03913,Instant Coffee,2024-04-18,2024-05-10 19:55:21,2025-09-06,EXPIRED
P03914,Chocolate,2026-01-31,2026-02-03 02:00:20,2026-04-05,EXPIRED
P03915,Power Bank,2024-07-19,2024-08-18 15:26:16,2025-07-02,EXPIRED
P03916,Hand Soap,2025-11-01,2025-11-28 18:50:27,2026-08-08,EXPIRED
P03917,Cereal,2025-08-25,2025-09-02 17:21:20,2026-05-09,EXPIRED
P03918,Bluetooth Speaker,2026-01-23,2026-02-17 02:57:28,2028-11-27,AVAILABLE
P03919,Power Bank,2023-10-02,2023-10-10 18:23:48,2026-08-16,EXPIRED
P03920,Dish Soap,2023-07-21,2023-08-01 11:16:09,2025-09-28,EXPIRED
P03921,Mechanical Keyboard,2026-05-10,2026-05-25 05:14:46,2028-08-02,AVAILABLE
P03922,Bluetooth Speaker,2024-08-28,2024-09-23 09:27:48,2026-10-24,AVAILABLE
P03923,Shampoo,2025-08-05,2025-08-20 04:02:22,2026-01-14,EXPIRED
P03924,Toothpaste,2023-07-28,2023-07-29 14:13:03,2026-06-16,EXPIRED
P03925,Toothpaste,2023-09-08,2023-09-20 12:51:16,2026-06-18,EXPIRED
P03926,Laundry Detergent,2026-08-06,2026-08-31 07:30:42,2027-01-08,AVAILABLE
P03927,Power Bank,2025-09-23,2025-10-04 09:14:33,2025-11-24,EXPIRED
P03928,Laptop Stand,2025-06-24,2025-07-04 02:53:19,2028-05-19,AVAILABLE
P03929,Toothpaste,2024-01-06,2024-01-19 01:10:36,2025-01-23,EXPIRED
P03930,Cereal,2024-06-15,2024-07-10 12:43:33,2026-10-17,AVAILABLE
P03931,Toothpaste,2024-01-16,2024-02-03 16:53:19,2024-05-18,EXPIRED
P03932,Toothpaste,2025-05-03,2025-05-17 08:08:00,2027-12-01,RESERVED
P03933,Mineral Water,2024-02-28,2024-03-04 15:04:55,2025-05-25,EXPIRED
P03934,Cereal,2024-03-02,2024-03-26 17:58:25,2026-12-01,AVAILABLE
P03935,Bluetooth Speaker,2025-01-03,2025-01-23 04:13:57,2027-07-05,RESERVED
P03936,Dish Soap,2025-08-31,2025-09-20 01:26:57,2025-11-30,EXPIRED
P03937,Green Tea,2025-11-24,2025-12-24 16:25:37,2027-04-16,AVAILABLE
P03938,Mechanical Keyboard,2024-11-16,2024-12-11 11:49:15,2026-05-31,EXPIRED
P03939,Wireless Mouse,2024-12-11,2025-01-06 00:43:33,2025-11-02,EXPIRED
P03940,Hand Soap,2024-02-14,2024-03-04 13:47:05,2026-01-14,EXPIRED
P03941,Ballpoint Pen,2025-07-09,2025-07-23 08:49:00,2027-05-13,AVAILABLE
P03942,Cereal,2025-04-22,2025-05-07 01:47:30,2028-03-11,AVAILABLE
P03943,Toothpaste,2025-10-20,2025-11-12 10:22:16,2026-10-10,AVAILABLE
P03944,USB Cable,2026-04-16,2026-05-09 00:15:53,2027-10-29,AVAILABLE
P03945,Laptop Stand,2025-09-03,2025-09-10 12:47:53,2026-06-26,EXPIRED
P03946,Toothpaste,2024-02-27,2024-03-04 01:45:11,2025-03-22,EXPIRED
P03947,Bluetooth Speaker,2025-09-14,2025-09-18 03:48:04,2028-05-22,AVAILABLE
P03948,Hand Soap,2025-05-22,2025-06-11 03:31:06,2027-11-04,AVAILABLE
P03949,Mechanical Keyboard,2024-08-26,2024-09-01 19:56:34,2026-10-26,AVAILABLE
P03950,Chocolate,2024-07-03,2024-07-30 17:25:36,2025-11-21,EXPIRED
P03951,Mechanical Keyboard,2025-02-06,2025-02-12 03:53:27,2025-03-24,EXPIRED
P03952,Water Bottle,2026-04-12,2026-05-10 05:11:01,2027-05-16,RESERVED
P03953,Shampoo,2026-03-10,2026-04-05 17:00:06,2027-10-06,AVAILABLE
P03954,Mineral Water,2024-07-04,2024-07-20 02:03:27,2024-09-23,EXPIRED
P03955,USB Cable,2025-07-11,2025-07-26 00:58:13,2026-01-21,EXPIRED
P03956,Mineral Water,2024-02-02,2024-02-17 01:56:21,2024-03-25,EXPIRED
P03957,Mechanical Keyboard,2024-08-19,2024-09-07 06:13:11,2027-01-12,AVAILABLE
P03958,Laptop Stand,2024-06-03,2024-07-03 08:24:36,2025-10-04,EXPIRED
P03959,Power Bank,2025-06-21,2025-06-27 18:17:50,2028-01-15,AVAILABLE
P03960,Instant Coffee,2026-02-11,2026-02-12 17:14:36,2026-05-18,EXPIRED
P03961,Mineral Water,2024-10-27,2024-11-05 01:10:56,2026-11-12,AVAILABLE
P03962,Ballpoint Pen,2026-01-31,2026-02-11 03:44:38,2027-05-24,RESERVED
P03963,Ballpoint Pen,2024-04-05,2024-04-10 14:44:10,2027-02-09,AVAILABLE
P03964,Laundry Detergent,2023-06-28,2023-07-04 18:07:52,2025-09-28,EXPIRED
P03965,Instant Coffee,2024-12-13,2025-01-03 01:19:49,2027-06-10,AVAILABLE
P03966,Bluetooth Speaker,2025-05-31,2025-06-23 13:28:25,2027-05-09,AVAILABLE
P03967,Toothpaste,2023-12-07,2023-12-25 20:19:22,2025-03-01,EXPIRED
P03968,Notebook,2025-09-28,2025-10-07 19:47:40,2027-12-02,AVAILABLE
P03969,Toothpaste,2023-01-02,2023-01-19 17:27:19,2023-02-06,EXPIRED
P03970,Shampoo,2025-10-11,2025-10-23 13:54:55,2025-12-24,EXPIRED
P03971,Laptop Stand,2023-04-02,2023-04-20 00:42:45,2023-11-29,EXPIRED
P03972,Notebook,2023-12-18,2024-01-07 01:10:11,2024-06-24,EXPIRED
P03973,Orange Juice,2024-09-04,2024-10-03 07:39:02,2026-04-29,EXPIRED
P03974,Green Tea,2026-01-15,2026-02-03 01:37:14,2027-02-04,AVAILABLE
P03975,Orange Juice,2024-01-30,2024-02-07 06:11:00,2025-02-06,EXPIRED
P03976,Instant Coffee,2025-01-02,2025-01-05 01:09:51,2027-03-09,RESERVED
P03977,Cereal,2024-12-05,2025-01-02 01:07:39,2026-04-12,EXPIRED
P03978,Cereal,2024-08-03,2024-08-14 22:43:57,2024-11-09,EXPIRED
P03979,Instant Coffee,2025-04-09,2025-04-28 16:52:35,2026-12-13,RESERVED
P03980,Water Bottle,2026-07-01,2026-07-08 07:12:56,2027-06-28,AVAILABLE
P03981,Instant Coffee,2025-03-18,2025-04-17 05:37:27,2026-01-12,EXPIRED
P03982,Wireless Mouse,2026-01-05,2026-01-06 11:36:47,2027-05-22,AVAILABLE
P03983,Bluetooth Speaker,2024-07-05,2024-07-30 08:05:10,2024-11-29,EXPIRED
P03984,Toothpaste,2024-11-13,2024-12-08 19:25:20,2025-09-13,EXPIRED
P03985,Mechanical Keyboard,2023-08-30,2023-09-04 07:31:25,2024-11-07,EXPIRED
P03986,USB Cable,2025-09-12,2025-09-27 09:37:23,2027-05-04,AVAILABLE
P03987,USB Cable,2023-01-31,2023-02-13 05:38:49,2024-09-01,EXPIRED
P03988,USB Cable,2026-03-05,2026-03-12 14:21:39,2026-10-21,AVAILABLE
P03989,Bluetooth Speaker,2024-01-06,2024-01-19 14:04:44,2025-05-19,EXPIRED
P03990,Power Bank,2025-09-13,2025-09-25 07:46:25,2026-07-02,EXPIRED
P03991,Shampoo,2024-07-15,2024-07-31 10:09:42,2027-06-21,RESERVED
P03992,Mineral Water,2024-05-30,2024-06-12 03:57:57,2025-04-15,EXPIRED
P03993,Wireless Mouse,2026-06-25,2026-07-09 03:28:51,2027-11-05,AVAILABLE
P03994,Wireless Mouse,2026-03-15,2026-04-03 05:42:47,2027-10-16,AVAILABLE
P03995,Bluetooth Speaker,2024-07-07,2024-07-09 06:10:45,2025-03-10,EXPIRED
P03996,USB Cable,2024-12-25,2025-01-17 07:55:21,2027-01-20,AVAILABLE
P03997,Cereal,2023-07-12,2023-07-21 06:46:49,2024-05-22,EXPIRED
P03998,Power Bank,2026-04-06,2026-04-27 03:19:15,2026-08-15,EXPIRED
P03999,Dish Soap,2025-06-23,2025-07-09 18:29:40,2026-05-05,EXPIRED
P04000,Green Tea,2025-08-12,2025-09-01 04:23:44,2027-02-07,AVAILABLE
P04001,Bluetooth Speaker,2023-07-11,2023-07-28 17:15:45,2025-01-11,EXPIRED
P04002,Cereal,2026-01-10,2026-02-05 03:37:11,2026-02-24,EXPIRED
P04003,Chocolate,2026-01-16,2026-02-01 15:02:27,2028-11-20,RESERVED
P04004,Mineral Water,2026-03-22,2026-03-29 06:56:15,2027-04-04,AVAILABLE
P04005,Notebook,2026-02-17,2026-03-03 11:06:22,2026-07-14,EXPIRED
P04006,Laptop Stand,2024-11-27,2024-12-12 22:34:42,2026-08-12,EXPIRED
P04007,Shampoo,2024-07-17,2024-07-19 16:21:40,2027-06-13,AVAILABLE
P04008,Dish Soap,2025-12-22,2025-12-29 23:34:10,2027-11-08,RESERVED
P04009,Shampoo,2025-09-05,2025-09-10 12:50:11,2025-11-10,EXPIRED
P04010,Dish Soap,2024-06-29,2024-07-12 15:08:42,2025-07-08,EXPIRED
P04011,Orange Juice,2024-09-16,2024-10-16 06:55:49,2026-07-31,EXPIRED
P04012,Orange Juice,2023-06-14,2023-07-10 18:25:10,2024-06-03,EXPIRED
P04013,Laptop Stand,2024-01-11,2024-02-08 11:00:48,2024-09-14,EXPIRED
P04014,Laundry Detergent,2024-01-11,2024-01-23 23:50:42,2026-05-20,EXPIRED
P04015,Laptop Stand,2024-09-06,2024-09-21 05:35:26,2025-10-27,EXPIRED
P04016,Notebook,2024-05-30,2024-06-28 05:41:00,2024-12-31,EXPIRED
P04017,Laptop Stand,2023-11-29,2023-12-07 08:05:18,2024-12-21,EXPIRED
P04018,Ballpoint Pen,2023-01-24,2023-02-19 00:38:44,2025-06-27,EXPIRED
P04019,Mineral Water,2023-12-15,2024-01-11 22:28:02,2024-10-15,EXPIRED
P04020,Shampoo,2025-03-27,2025-03-28 08:58:53,2027-03-28,AVAILABLE
P04021,Notebook,2025-01-09,2025-01-23 06:11:04,2027-10-13,AVAILABLE
P04022,Mechanical Keyboard,2023-02-08,2023-03-03 07:39:04,2023-06-20,EXPIRED
P04023,USB Cable,2026-03-23,2026-03-31 07:23:48,2027-06-07,AVAILABLE
P04024,Ballpoint Pen,2023-12-30,2024-01-04 05:19:53,2026-09-04,EXPIRED
P04025,USB Cable,2023-06-27,2023-07-16 07:24:54,2023-08-07,EXPIRED
P04026,Mechanical Keyboard,2025-05-09,2025-05-10 16:09:29,2028-02-28,RESERVED
P04027,Mechanical Keyboard,2024-10-18,2024-10-31 08:25:07,2027-03-23,AVAILABLE
P04028,Hand Soap,2025-06-11,2025-07-09 04:25:18,2026-10-01,RESERVED
P04029,Dish Soap,2024-12-25,2024-12-26 00:36:20,2026-05-06,EXPIRED
P04030,Toothpaste,2023-12-22,2023-12-29 08:27:05,2026-07-19,EXPIRED
P04031,Shampoo,2026-09-11,2026-09-16 07:43:07,2027-12-06,AVAILABLE
P04032,Shampoo,2023-08-23,2023-08-24 20:59:50,2025-03-05,EXPIRED
P04033,Chocolate,2023-07-10,2023-07-24 09:08:12,2024-02-28,EXPIRED
P04034,Mineral Water,2024-12-15,2024-12-24 09:07:58,2026-02-20,EXPIRED
P04035,Toothpaste,2024-01-01,2024-01-16 15:42:57,2026-04-05,EXPIRED
P04036,Dish Soap,2025-01-11,2025-01-27 13:57:58,2025-04-15,EXPIRED
P04037,Shampoo,2024-03-02,2024-03-28 08:38:18,2025-04-04,EXPIRED
P04038,Ballpoint Pen,2023-04-03,2023-04-30 08:56:27,2023-09-22,EXPIRED
P04039,Hand Soap,2024-11-02,2024-11-30 10:06:32,2027-05-24,AVAILABLE
P04040,USB Cable,2025-10-09,2025-10-29 19:36:12,2026-10-27,AVAILABLE
P04041,Laptop Stand,2023-03-26,2023-04-24 05:18:35,2024-07-16,EXPIRED
P04042,Toothpaste,2024-09-22,2024-10-01 08:04:49,2027-08-04,AVAILABLE
P04043,Instant Coffee,2024-07-04,2024-07-16 13:49:21,2025-09-09,EXPIRED
P04044,Dish Soap,2025-03-07,2025-03-26 08:28:36,2025-04-28,EXPIRED
P04045,Laptop Stand,2025-01-05,2025-02-02 09:49:34,2027-03-03,RESERVED
P04046,Instant Coffee,2025-02-14,2025-03-13 04:26:35,2025-06-08,EXPIRED
P04047,Green Tea,2025-08-15,2025-08-21 06:33:27,2027-03-13,AVAILABLE
P04048,Wireless Mouse,2023-01-07,2023-01-27 10:14:32,2024-12-27,EXPIRED
P04049,Cereal,2025-09-13,2025-10-07 08:11:05,2027-12-22,RESERVED
P04050,Green Tea,2024-04-25,2024-05-06 18:38:01,2024-07-30,EXPIRED
P04051,Notebook,2024-03-27,2024-04-12 17:04:16,2026-09-18,EXPIRED
P04052,Mechanical Keyboard,2024-09-16,2024-10-02 20:40:26,2025-04-26,EXPIRED
P04053,Chocolate,2024-03-30,2024-04-14 16:58:33,2025-10-17,EXPIRED
P04054,Green Tea,2024-03-10,2024-03-25 01:25:46,2026-05-17,EXPIRED
P04055,USB Cable,2026-01-15,2026-02-09 14:53:41,2028-02-03,AVAILABLE
P04056,Green Tea,2025-04-28,2025-05-26 14:08:43,2027-07-31,AVAILABLE
P04057,Mineral Water,2026-02-07,2026-03-09 02:23:42,2027-11-07,RESERVED
P04058,USB Cable,2025-11-29,2025-12-11 16:47:38,2026-03-07,EXPIRED
P04059,Mechanical Keyboard,2023-11-02,2023-11-17 15:59:44,2024-11-07,EXPIRED
P04060,Notebook,2023-08-14,2023-08-15 16:19:21,2023-12-05,EXPIRED
P04061,Toothpaste,2026-08-23,2026-09-19 17:24:01,2028-05-08,AVAILABLE
P04062,Orange Juice,2025-04-23,2025-05-18 13:02:21,2025-08-05,EXPIRED
P04063,Instant Coffee,2024-05-22,2024-06-06 08:58:27,2027-04-29,AVAILABLE
P04064,Water Bottle,2023-02-25,2023-03-10 15:41:28,2024-06-01,EXPIRED
P04065,Wireless Mouse,2025-04-08,2025-04-24 22:50:56,2026-01-09,EXPIRED
P04066,Laundry Detergent,2023-10-05,2023-10-11 23:11:26,2026-02-21,EXPIRED
P04067,Hand Soap,2026-03-22,2026-04-12 08:49:05,2026-05-24,EXPIRED
P04068,Dish Soap,2025-07-14,2025-07-31 20:32:27,2027-06-17,AVAILABLE
P04069,Dish Soap,2024-11-05,2024-11-27 19:51:52,2025-03-10,EXPIRED
P04070,Mineral Water,2025-08-22,2025-09-16 06:36:26,2026-11-13,AVAILABLE
P04071,Laptop Stand,2025-11-20,2025-12-13 19:55:54,2028-10-16,AVAILABLE
P04072,Mineral Water,2023-02-19,2023-03-15 10:51:40,2025-01-09,EXPIRED
P04073,Wireless Mouse,2026-07-28,2026-08-07 18:08:08,2027-04-25,RESERVED
P04074,Toothpaste,2023-05-01,2023-05-10 20:54:35,2025-10-12,EXPIRED
P04075,USB Cable,2026-01-21,2026-02-18 12:43:46,2028-08-14,AVAILABLE
P04076,Shampoo,2025-03-11,2025-03-18 05:53:03,2025-08-30,EXPIRED
P04077,Mineral Water,2023-11-30,2023-12-19 21:57:56,2024-01-29,EXPIRED
P04078,Hand Soap,2024-01-28,2024-02-23 18:37:11,2027-01-04,AVAILABLE
P04079,USB Cable,2026-03-06,2026-04-02 17:59:10,2029-01-03,AVAILABLE
P04080,Laundry Detergent,2023-11-12,2023-11-26 22:20:56,2025-02-01,EXPIRED
P04081,Instant Coffee,2025-08-07,2025-08-10 14:47:58,2025-09-18,EXPIRED
P04082,Laundry Detergent,2025-05-16,2025-06-12 09:39:16,2026-06-01,EXPIRED
P04083,Mineral Water,2026-04-17,2026-04-27 05:01:13,2027-09-09,AVAILABLE
P04084,Instant Coffee,2024-10-31,2024-11-10 21:40:38,2025-01-08,EXPIRED
P04085,Power Bank,2024-08-01,2024-08-13 18:39:26,2027-03-09,AVAILABLE
P04086,Mineral Water,2026-05-11,2026-05-17 02:39:21,2028-11-25,AVAILABLE
P04087,Wireless Mouse,2025-01-23,2025-02-01 19:33:10,2026-09-01,EXPIRED
P04088,Instant Coffee,2026-02-23,2026-03-25 16:47:49,2027-10-15,RESERVED
P04089,Instant Coffee,2023-04-22,2023-05-15 04:50:55,2023-10-23,EXPIRED
P04090,Toothpaste,2026-01-08,2026-01-12 13:30:32,2026-02-18,EXPIRED
P04091,Mineral Water,2026-07-22,2026-08-04 20:17:42,2027-11-18,RESERVED
P04092,Power Bank,2024-12-04,2025-01-02 20:33:37,2025-04-19,EXPIRED
P04093,Power Bank,2025-02-16,2025-03-09 08:56:49,2026-01-02,EXPIRED
P04094,Dish Soap,2023-07-10,2023-07-21 00:12:28,2023-11-11,EXPIRED
P04095,Power Bank,2025-09-01,2025-09-03 19:09:26,2027-06-04,AVAILABLE
P04096,Toothpaste,2023-04-09,2023-04-16 00:32:40,2023-07-12,EXPIRED
P04097,Dish Soap,2026-08-04,2026-09-02 02:29:10,2028-12-04,AVAILABLE
P04098,Dish Soap,2023-12-06,2023-12-26 13:35:11,2025-09-02,EXPIRED
P04099,Chocolate,2025-12-14,2025-12-25 00:42:54,2026-02-21,EXPIRED
P04100,Toothpaste,2023-10-29,2023-11-15 16:42:37,2025-10-22,EXPIRED
P04101,Notebook,2024-01-12,2024-02-02 20:29:40,2025-08-28,EXPIRED
P04102,USB Cable,2023-06-04,2023-06-18 17:00:27,2024-02-19,EXPIRED
P04103,Ballpoint Pen,2025-02-27,2025-03-27 03:10:51,2027-11-21,AVAILABLE
P04104,Mineral Water,2023-09-29,2023-09-30 17:02:33,2024-07-28,EXPIRED
P04105,Wireless Mouse,2024-05-06,2024-05-26 03:29:03,2025-05-29,EXPIRED
P04106,Shampoo,2024-02-03,2024-02-25 08:17:17,2025-05-25,EXPIRED
P04107,Cereal,2026-05-03,2026-05-16 20:41:11,2027-11-02,AVAILABLE
P04108,Dish Soap,2025-09-19,2025-10-18 00:05:11,2025-11-10,EXPIRED
P04109,Chocolate,2026-09-17,2026-10-17 21:09:19,2027-09-14,RESERVED
P04110,Orange Juice,2024-03-16,2024-03-30 19:01:37,2024-10-16,EXPIRED
P04111,Bluetooth Speaker,2024-04-01,2024-04-16 11:15:00,2025-05-10,EXPIRED
P04112,Laundry Detergent,2024-06-29,2024-07-18 14:25:52,2024-11-26,EXPIRED
P04113,Instant Coffee,2026-06-03,2026-06-16 20:48:28,2026-07-04,EXPIRED
P04114,Bluetooth Speaker,2024-08-24,2024-09-01 12:20:08,2026-06-16,EXPIRED
P04115,Mechanical Keyboard,2024-12-21,2025-01-02 07:44:48,2027-06-09,AVAILABLE
P04116,Dish Soap,2023-06-12,2023-07-05 17:52:28,2025-08-02,EXPIRED
P04117,Green Tea,2023-02-03,2023-02-11 12:52:44,2024-09-12,EXPIRED
P04118,Dish Soap,2026-01-24,2026-01-29 03:22:55,2028-09-05,AVAILABLE
P04119,Instant Coffee,2025-11-26,2025-12-08 08:45:25,2028-04-15,AVAILABLE
P04120,Water Bottle,2023-09-18,2023-09-26 13:02:24,2026-01-20,EXPIRED
P04121,Toothpaste,2026-05-22,2026-06-16 19:33:26,2028-01-23,AVAILABLE
P04122,USB Cable,2023-09-22,2023-10-04 18:19:36,2026-07-10,EXPIRED
P04123,Laptop Stand,2023-10-04,2023-10-28 01:16:11,2026-01-03,EXPIRED
P04124,Laptop Stand,2023-12-06,2023-12-20 18:39:08,2024-01-27,EXPIRED
P04125,Mineral Water,2025-05-03,2025-05-16 02:29:59,2027-09-15,AVAILABLE
P04126,Water Bottle,2024-12-07,2024-12-20 19:37:58,2025-11-18,EXPIRED
P04127,Notebook,2026-05-20,2026-06-15 23:35:15,2027-09-03,AVAILABLE
P04128,Laundry Detergent,2025-09-04,2025-10-02 12:35:32,2028-05-11,RESERVED
P04129,Hand Soap,2025-07-12,2025-08-01 05:23:58,2028-01-16,AVAILABLE
P04130,Chocolate,2023-09-06,2023-09-14 08:33:11,2024-01-14,EXPIRED
P04131,Dish Soap,2024-05-30,2024-06-28 19:52:15,2025-01-10,EXPIRED
P04132,Cereal,2024-02-14,2024-03-05 16:47:12,2024-09-04,EXPIRED
P04133,Bluetooth Speaker,2023-09-16,2023-09-29 00:01:00,2024-02-29,EXPIRED
P04134,Chocolate,2024-09-01,2024-09-03 20:42:44,2027-05-14,AVAILABLE
P04135,Bluetooth Speaker,2026-06-17,2026-07-11 23:04:50,2028-04-01,RESERVED
P04136,Instant Coffee,2023-03-11,2023-04-08 09:46:59,2023-09-01,EXPIRED
P04137,Water Bottle,2024-09-07,2024-09-11 00:13:33,2027-07-19,AVAILABLE
P04138,Bluetooth Speaker,2026-07-25,2026-08-21 17:30:08,2026-10-30,AVAILABLE
P04139,Ballpoint Pen,2026-01-11,2026-01-25 20:20:53,2028-04-05,AVAILABLE
P04140,Laptop Stand,2023-10-05,2023-10-15 00:21:39,2024-09-08,EXPIRED
P04141,Mechanical Keyboard,2025-11-28,2025-12-04 07:21:53,2027-04-17,AVAILABLE
P04142,Notebook,2025-09-19,2025-10-03 13:38:51,2026-05-16,EXPIRED
P04143,Ballpoint Pen,2024-06-18,2024-07-06 19:25:08,2024-09-25,EXPIRED
P04144,Orange Juice,2025-04-03,2025-04-21 04:56:00,2025-10-24,EXPIRED
P04145,Hand Soap,2026-09-11,2026-09-23 07:40:59,2026-10-16,AVAILABLE
P04146,Ballpoint Pen,2025-04-16,2025-04-30 03:59:33,2027-10-14,AVAILABLE
P04147,Cereal,2025-09-10,2025-09-15 20:58:46,2027-05-27,AVAILABLE
P04148,Chocolate,2024-05-22,2024-06-17 09:31:16,2025-02-22,EXPIRED
P04149,Laptop Stand,2024-10-13,2024-10-21 02:42:12,2027-07-27,RESERVED
P04150,Ballpoint Pen,2024-10-08,2024-11-05 12:06:00,2025-02-21,EXPIRED
P04151,Hand Soap,2025-09-30,2025-10-16 06:41:10,2026-03-29,EXPIRED
P04152,Hand Soap,2024-12-17,2024-12-19 07:26:05,2026-01-18,EXPIRED
P04153,Mechanical Keyboard,2023-10-28,2023-11-20 10:53:39,2024-04-20,EXPIRED
P04154,Notebook,2024-02-11,2024-02-28 15:12:13,2026-10-09,AVAILABLE
P04155,Water Bottle,2024-09-02,2024-09-26 05:51:18,2026-06-29,EXPIRED
P04156,Green Tea,2025-07-07,2025-07-17 17:38:00,2027-02-11,AVAILABLE
P04157,Shampoo,2023-02-22,2023-03-09 23:34:26,2023-12-12,EXPIRED
P04158,Instant Coffee,2024-10-07,2024-10-10 00:44:53,2027-06-27,AVAILABLE
P04159,Cereal,2023-06-06,2023-07-01 19:04:50,2026-02-25,EXPIRED
P04160,Mechanical Keyboard,2026-02-15,2026-03-15 11:05:30,2027-07-19,RESERVED
P04161,Laptop Stand,2026-01-07,2026-01-26 11:05:17,2028-01-27,AVAILABLE
P04162,Water Bottle,2024-06-07,2024-06-09 19:52:04,2026-07-02,EXPIRED
P04163,Dish Soap,2023-01-03,2023-01-15 11:34:47,2023-07-13,EXPIRED
P04164,Power Bank,2024-10-19,2024-11-17 14:16:17,2027-01-30,RESERVED
P04165,Orange Juice,2024-05-24,2024-06-13 21:07:58,2026-09-16,EXPIRED
P04166,Mechanical Keyboard,2026-08-17,2026-09-02 15:00:03,2028-04-21,AVAILABLE
P04167,Notebook,2024-05-18,2024-06-16 00:45:19,2026-04-01,EXPIRED
P04168,Chocolate,2023-08-29,2023-09-16 08:01:48,2025-02-18,EXPIRED
P04169,Ballpoint Pen,2026-01-23,2026-01-28 05:05:51,2026-04-12,EXPIRED
P04170,Water Bottle,2026-04-20,2026-05-03 12:49:10,2026-08-09,EXPIRED
P04171,Instant Coffee,2025-11-18,2025-11-30 17:35:25,2027-07-11,RESERVED
P04172,Wireless Mouse,2026-09-13,2026-09-28 17:34:00,2027-08-19,AVAILABLE
P04173,Cereal,2023-11-19,2023-12-09 22:21:05,2026-02-08,EXPIRED
P04174,Chocolate,2025-06-14,2025-07-07 19:13:55,2026-09-04,EXPIRED
P04175,Instant Coffee,2024-12-02,2024-12-26 13:08:12,2025-04-24,EXPIRED
P04176,Water Bottle,2026-05-23,2026-06-07 09:16:54,2026-08-03,EXPIRED
P04177,Dish Soap,2025-11-04,2025-12-03 01:48:49,2028-05-06,AVAILABLE
P04178,Mechanical Keyboard,2025-11-01,2025-11-25 19:35:30,2026-02-26,EXPIRED
P04179,Ballpoint Pen,2023-12-11,2023-12-13 21:45:07,2024-07-17,EXPIRED
P04180,Laundry Detergent,2026-07-12,2026-08-10 09:55:14,2027-01-19,AVAILABLE
P04181,Water Bottle,2023-10-25,2023-11-20 12:24:06,2024-06-08,EXPIRED
P04182,Cereal,2026-01-05,2026-01-14 17:21:35,2026-05-11,EXPIRED
P04183,Cereal,2023-11-30,2023-12-26 12:15:11,2024-08-30,EXPIRED
P04184,Power Bank,2026-05-01,2026-05-22 12:02:18,2028-12-17,RESERVED
P04185,Laptop Stand,2023-10-28,2023-10-29 10:14:38,2026-07-17,EXPIRED
P04186,Wireless Mouse,2025-09-01,2025-09-17 08:23:45,2027-04-24,AVAILABLE
P04187,Hand Soap,2023-04-27,2023-05-25 17:43:57,2024-03-03,EXPIRED
P04188,Water Bottle,2023-06-13,2023-06-28 02:18:24,2023-12-10,EXPIRED
P04189,Ballpoint Pen,2026-03-18,2026-03-29 23:15:36,2027-10-26,AVAILABLE
P04190,Hand Soap,2025-03-04,2025-03-18 04:55:26,2026-04-06,EXPIRED
P04191,Instant Coffee,2024-10-31,2024-11-23 18:24:59,2024-12-05,EXPIRED
P04192,Orange Juice,2024-04-20,2024-04-21 04:47:24,2024-10-17,EXPIRED
P04193,Laundry Detergent,2024-09-08,2024-09-09 04:23:31,2027-04-14,AVAILABLE
P04194,Water Bottle,2025-03-06,2025-03-23 12:03:21,2025-07-20,EXPIRED
P04195,Mineral Water,2024-04-29,2024-05-01 12:25:15,2026-11-03,AVAILABLE
P04196,Orange Juice,2023-04-01,2023-04-06 23:33:56,2023-10-27,EXPIRED
P04197,Shampoo,2024-06-28,2024-07-25 00:39:34,2025-04-01,EXPIRED
P04198,Wireless Mouse,2024-03-19,2024-04-07 01:37:07,2025-03-21,EXPIRED
P04199,Mechanical Keyboard,2024-04-30,2024-05-21 00:09:23,2025-03-03,EXPIRED
P04200,Wireless Mouse,2026-05-30,2026-06-08 10:10:44,2027-08-12,AVAILABLE
P04201,Orange Juice,2026-03-10,2026-03-25 22:38:23,2027-07-26,AVAILABLE
P04202,Notebook,2026-08-22,2026-09-18 05:25:02,2026-12-31,AVAILABLE
P04203,Laundry Detergent,2025-05-31,2025-06-02 04:55:29,2027-06-14,AVAILABLE
P04204,Chocolate,2026-09-16,2026-09-27 08:51:17,2027-07-23,AVAILABLE
P04205,Cereal,2024-08-08,2024-09-01 17:38:18,2026-04-14,EXPIRED
P04206,Cereal,2024-04-06,2024-04-23 02:07:35,2024-06-08,EXPIRED
P04207,Laundry Detergent,2023-09-05,2023-09-28 17:38:24,2025-09-16,EXPIRED
P04208,Orange Juice,2025-12-20,2025-12-27 09:56:53,2027-08-21,AVAILABLE
P04209,Mineral Water,2025-04-11,2025-04-17 05:38:50,2027-06-09,AVAILABLE
P04210,Power Bank,2025-10-07,2025-10-27 15:03:20,2028-02-18,AVAILABLE
P04211,Wireless Mouse,2024-04-25,2024-05-21 13:06:51,2026-10-02,AVAILABLE
P04212,Chocolate,2026-01-14,2026-01-28 00:28:00,2027-10-12,AVAILABLE
P04213,Bluetooth Speaker,2025-05-13,2025-06-11 12:01:08,2026-07-19,EXPIRED
P04214,Orange Juice,2023-05-09,2023-05-21 16:23:01,2023-10-31,EXPIRED
P04215,Orange Juice,2024-02-12,2024-03-05 00:04:28,2025-06-27,EXPIRED
P04216,USB Cable,2025-05-16,2025-06-01 03:20:27,2025-10-03,EXPIRED
P04217,Orange Juice,2025-12-14,2025-12-29 18:03:23,2026-10-04,AVAILABLE
P04218,Green Tea,2024-09-10,2024-09-13 06:15:37,2026-08-09,EXPIRED
P04219,Chocolate,2025-06-24,2025-07-13 08:03:45,2027-08-31,AVAILABLE
P04220,Orange Juice,2024-03-13,2024-03-17 21:51:20,2026-11-25,AVAILABLE
P04221,Mechanical Keyboard,2024-10-15,2024-11-08 14:07:36,2025-04-26,EXPIRED
P04222,Dish Soap,2026-07-29,2026-08-17 17:25:27,2028-05-04,RESERVED
P04223,Mineral Water,2026-04-04,2026-04-11 13:21:24,2027-01-11,AVAILABLE
P04224,Instant Coffee,2024-02-03,2024-03-03 10:45:38,2026-12-12,AVAILABLE
P04225,Laundry Detergent,2025-07-31,2025-08-13 17:00:23,2028-04-15,AVAILABLE
P04226,Laptop Stand,2024-05-12,2024-06-05 22:30:54,2027-02-06,RESERVED
P04227,USB Cable,2026-01-15,2026-01-24 07:54:00,2026-09-07,EXPIRED
P04228,Notebook,2024-01-16,2024-01-22 00:38:23,2026-07-19,EXPIRED
P04229,Hand Soap,2024-05-10,2024-05-17 06:54:52,2025-03-30,EXPIRED
P04230,Ballpoint Pen,2025-09-08,2025-09-15 21:08:13,2028-01-15,AVAILABLE
P04231,Green Tea,2023-03-23,2023-03-29 17:58:08,2025-02-09,EXPIRED
P04232,Instant Coffee,2023-12-02,2023-12-29 12:59:51,2026-07-31,EXPIRED
P04233,Mineral Water,2026-06-18,2026-07-16 18:41:11,2027-12-28,AVAILABLE
P04234,Toothpaste,2025-08-27,2025-09-26 07:39:59,2026-08-18,EXPIRED
P04235,Instant Coffee,2025-12-31,2026-01-28 10:41:09,2026-05-05,EXPIRED
P04236,Bluetooth Speaker,2024-05-03,2024-05-25 05:01:36,2024-12-11,EXPIRED
P04237,Green Tea,2023-01-01,2023-01-04 13:39:12,2024-05-11,EXPIRED
P04238,Laptop Stand,2025-11-23,2025-12-02 09:08:13,2027-08-23,AVAILABLE
P04239,USB Cable,2026-05-23,2026-06-11 16:09:56,2026-07-10,EXPIRED
P04240,Hand Soap,2024-11-09,2024-12-06 10:55:05,2026-10-12,AVAILABLE
P04241,Cereal,2023-09-17,2023-10-16 12:03:58,2026-04-10,EXPIRED
P04242,Cereal,2025-06-12,2025-07-01 22:38:39,2025-12-01,EXPIRED
P04243,Water Bottle,2026-02-02,2026-02-10 03:01:00,2028-05-17,AVAILABLE
P04244,Instant Coffee,2024-03-13,2024-04-04 04:11:49,2026-09-14,EXPIRED
P04245,Bluetooth Speaker,2023-09-20,2023-10-06 14:29:29,2025-01-09,EXPIRED
P04246,Water Bottle,2023-06-04,2023-06-18 23:32:44,2023-09-11,EXPIRED
P04247,Mineral Water,2025-04-02,2025-05-02 09:46:30,2025-06-28,EXPIRED
P04248,Toothpaste,2023-01-08,2023-01-15 17:23:03,2024-06-08,EXPIRED
P04249,Mineral Water,2023-03-12,2023-03-23 19:20:10,2026-02-05,EXPIRED
P04250,Chocolate,2023-10-05,2023-10-26 09:05:46,2024-01-19,EXPIRED
P04251,Hand Soap,2024-09-01,2024-09-25 01:08:57,2027-07-13,AVAILABLE
P04252,Wireless Mouse,2026-08-20,2026-09-17 13:30:50,2028-10-09,AVAILABLE
P04253,Laptop Stand,2025-05-26,2025-06-10 13:08:23,2025-06-29,EXPIRED
P04254,Shampoo,2023-11-24,2023-11-25 01:15:45,2026-04-01,EXPIRED
P04255,Water Bottle,2025-11-07,2025-11-29 11:40:54,2028-03-12,AVAILABLE
P04256,Shampoo,2023-05-26,2023-06-05 18:28:17,2025-03-31,EXPIRED
P04257,Ballpoint Pen,2025-09-21,2025-10-12 18:13:06,2027-01-09,AVAILABLE
P04258,Notebook,2025-09-19,2025-10-13 18:53:34,2027-05-10,AVAILABLE
P04259,USB Cable,2024-06-11,2024-07-01 22:32:27,2024-09-19,EXPIRED
P04260,Notebook,2026-06-24,2026-07-23 10:52:20,2026-08-22,EXPIRED
P04261,Chocolate,2026-05-08,2026-05-31 21:13:09,2028-10-07,AVAILABLE
P04262,Chocolate,2024-03-19,2024-03-24 04:47:14,2025-09-26,EXPIRED
P04263,Mineral Water,2023-07-27,2023-08-01 03:10:45,2024-01-25,EXPIRED
P04264,Power Bank,2024-11-05,2024-11-25 09:35:59,2026-10-31,AVAILABLE
P04265,Green Tea,2023-02-03,2023-02-04 22:04:11,2025-09-12,EXPIRED
P04266,Shampoo,2023-12-01,2023-12-06 06:52:37,2025-09-13,EXPIRED
P04267,Hand Soap,2024-09-06,2024-09-12 20:10:21,2026-12-29,RESERVED
P04268,Toothpaste,2025-10-29,2025-11-21 15:04:54,2028-10-14,AVAILABLE
P04269,Dish Soap,2023-10-17,2023-11-16 04:13:28,2026-08-01,EXPIRED
P04270,Mechanical Keyboard,2024-11-06,2024-11-28 17:54:18,2025-04-23,EXPIRED
P04271,Mineral Water,2025-12-05,2025-12-07 12:44:04,2027-02-17,RESERVED
P04272,Green Tea,2026-03-24,2026-04-14 11:25:19,2028-12-05,RESERVED
P04273,Notebook,2026-05-12,2026-05-30 08:25:01,2028-04-05,AVAILABLE
P04274,Shampoo,2025-06-27,2025-07-17 08:36:49,2027-09-27,AVAILABLE
P04275,Laundry Detergent,2024-05-09,2024-05-10 19:54:58,2026-12-05,AVAILABLE
P04276,Water Bottle,2025-03-19,2025-04-14 03:03:53,2025-08-17,EXPIRED
P04277,Notebook,2023-10-16,2023-10-30 02:24:25,2024-08-12,EXPIRED
P04278,Wireless Mouse,2023-07-22,2023-08-05 10:22:57,2025-06-03,EXPIRED
P04279,Toothpaste,2025-11-03,2025-11-17 08:21:31,2028-02-27,AVAILABLE
P04280,Cereal,2025-01-04,2025-02-02 15:22:06,2026-01-21,EXPIRED
P04281,Green Tea,2025-08-21,2025-09-04 08:00:00,2026-01-05,EXPIRED
P04282,Mineral Water,2025-12-08,2025-12-23 10:33:50,2028-05-05,AVAILABLE
P04283,Bluetooth Speaker,2024-08-19,2024-09-10 01:22:04,2027-01-15,AVAILABLE
P04284,Orange Juice,2024-06-06,2024-06-17 03:09:11,2025-12-13,EXPIRED
P04285,Chocolate,2024-06-16,2024-06-19 16:37:39,2027-03-10,AVAILABLE
P04286,Wireless Mouse,2023-10-22,2023-11-17 06:12:33,2026-03-02,EXPIRED
P04287,Laundry Detergent,2025-05-22,2025-05-23 16:49:14,2027-04-03,AVAILABLE
P04288,Mechanical Keyboard,2023-05-11,2023-05-26 00:15:26,2024-07-11,EXPIRED
P04289,Mechanical Keyboard,2026-06-28,2026-07-08 08:09:58,2027-10-05,AVAILABLE
P04290,Shampoo,2023-05-05,2023-05-11 01:51:44,2025-04-15,EXPIRED
P04291,Mechanical Keyboard,2026-01-12,2026-02-01 23:34:14,2026-04-14,EXPIRED
P04292,Ballpoint Pen,2024-07-23,2024-08-16 02:13:17,2024-09-15,EXPIRED
P04293,Notebook,2025-06-06,2025-06-27 02:52:38,2028-03-06,AVAILABLE
P04294,Hand Soap,2026-03-25,2026-04-23 15:08:53,2027-11-03,AVAILABLE
P04295,Bluetooth Speaker,2026-02-11,2026-02-20 03:13:23,2028-05-18,AVAILABLE
P04296,Green Tea,2025-12-14,2025-12-15 09:20:58,2026-04-09,EXPIRED
P04297,Toothpaste,2024-02-24,2024-03-07 12:48:44,2026-12-27,AVAILABLE
P04298,Dish Soap,2023-01-30,2023-02-18 10:31:40,2024-05-30,EXPIRED
P04299,Notebook,2024-05-29,2024-06-20 00:56:21,2024-09-28,EXPIRED
P04300,Bluetooth Speaker,2026-09-09,2026-09-23 00:10:45,2028-03-05,AVAILABLE
P04301,Bluetooth Speaker,2026-08-25,2026-09-22 01:51:14,2027-03-27,AVAILABLE
P04302,Dish Soap,2026-05-14,2026-06-08 04:21:33,2028-01-08,AVAILABLE
P04303,Wireless Mouse,2025-08-17,2025-08-24 09:09:02,2026-12-25,AVAILABLE
P04304,Notebook,2025-06-20,2025-07-12 14:30:18,2027-12-31,AVAILABLE
P04305,Orange Juice,2026-06-02,2026-06-14 03:42:19,2026-11-15,AVAILABLE
P04306,Shampoo,2024-07-01,2024-07-31 21:33:46,2025-06-21,EXPIRED
P04307,Water Bottle,2023-01-08,2023-01-25 16:48:46,2023-10-29,EXPIRED
P04308,Ballpoint Pen,2024-10-17,2024-11-12 20:33:55,2027-02-05,RESERVED
P04309,Dish Soap,2024-07-20,2024-07-24 18:26:10,2026-01-02,EXPIRED
P04310,Instant Coffee,2023-12-11,2024-01-09 13:01:47,2026-01-17,EXPIRED
P04311,Laundry Detergent,2025-02-10,2025-03-05 19:48:17,2026-02-14,EXPIRED
P04312,Toothpaste,2025-05-10,2025-06-06 15:18:59,2028-05-01,AVAILABLE
P04313,Power Bank,2025-06-27,2025-07-04 22:00:24,2027-10-30,AVAILABLE
P04314,Notebook,2024-03-13,2024-04-04 20:58:43,2024-10-06,EXPIRED
P04315,Orange Juice,2023-07-08,2023-08-03 16:59:57,2024-02-07,EXPIRED
P04316,Toothpaste,2026-01-12,2026-01-29 04:18:49,2026-12-08,AVAILABLE
P04317,Orange Juice,2024-11-27,2024-12-16 09:26:39,2025-02-12,EXPIRED
P04318,Shampoo,2023-11-09,2023-11-17 04:29:46,2024-09-29,EXPIRED
P04319,Instant Coffee,2026-08-31,2026-09-16 03:28:39,2029-07-25,AVAILABLE
P04320,Wireless Mouse,2023-11-07,2023-12-06 05:14:30,2024-03-31,EXPIRED
P04321,Mechanical Keyboard,2025-05-27,2025-06-07 08:55:51,2027-12-30,AVAILABLE
P04322,Laundry Detergent,2024-07-28,2024-08-23 14:28:37,2026-06-19,EXPIRED
P04323,Green Tea,2023-05-25,2023-06-15 14:26:31,2025-03-27,EXPIRED
P04324,Cereal,2024-02-19,2024-03-09 16:04:52,2024-06-09,EXPIRED
P04325,Toothpaste,2024-03-06,2024-03-21 16:04:22,2024-08-15,EXPIRED
P04326,Cereal,2025-10-08,2025-10-28 01:35:37,2027-07-19,AVAILABLE
P04327,Dish Soap,2026-05-31,2026-06-25 22:40:24,2027-06-08,AVAILABLE
P04328,Laundry Detergent,2024-03-06,2024-03-23 08:35:32,2026-09-29,AVAILABLE
P04329,Water Bottle,2025-12-11,2025-12-12 04:01:43,2028-09-16,AVAILABLE
P04330,USB Cable,2023-11-06,2023-11-14 18:25:43,2024-07-15,EXPIRED
P04331,Laptop Stand,2023-08-23,2023-09-22 20:50:42,2023-11-18,EXPIRED
P04332,Cereal,2023-06-30,2023-07-18 17:06:09,2025-09-29,EXPIRED
P04333,Power Bank,2025-11-12,2025-12-07 04:52:51,2026-02-04,EXPIRED
P04334,Hand Soap,2023-01-15,2023-02-14 12:24:45,2023-04-30,EXPIRED
P04335,Power Bank,2023-04-07,2023-04-22 18:08:14,2026-01-16,EXPIRED
P04336,Bluetooth Speaker,2026-04-22,2026-05-10 04:24:35,2027-09-07,AVAILABLE
P04337,Green Tea,2025-11-13,2025-12-05 13:42:19,2028-06-30,AVAILABLE
P04338,Instant Coffee,2024-10-09,2024-10-11 13:31:20,2027-06-08,AVAILABLE
P04339,Ballpoint Pen,2025-04-27,2025-05-25 16:50:46,2026-08-31,EXPIRED
P04340,Water Bottle,2024-11-23,2024-12-05 22:28:00,2027-09-16,AVAILABLE
P04341,Instant Coffee,2023-07-27,2023-08-21 05:53:51,2024-11-14,EXPIRED
P04342,Power Bank,2024-10-23,2024-11-03 10:40:02,2026-09-04,EXPIRED
P04343,Toothpaste,2023-03-09,2023-03-21 04:41:05,2025-12-12,EXPIRED
P04344,Ballpoint Pen,2026-05-20,2026-06-11 23:14:33,2027-12-31,RESERVED
P04345,Green Tea,2024-06-23,2024-06-25 09:23:32,2025-09-24,EXPIRED
P04346,Power Bank,2023-06-06,2023-06-16 02:19:56,2026-03-21,EXPIRED
P04347,Mechanical Keyboard,2026-08-27,2026-09-26 22:06:48,2027-08-04,AVAILABLE
P04348,Cereal,2023-04-11,2023-04-18 12:34:28,2023-12-30,EXPIRED
P04349,Cereal,2026-07-09,2026-08-03 12:52:59,2027-01-07,RESERVED
P04350,Mechanical Keyboard,2026-04-08,2026-04-29 14:56:55,2028-11-15,AVAILABLE
P04351,Toothpaste,2026-01-06,2026-01-08 04:14:40,2027-10-17,RESERVED
P04352,Green Tea,2025-01-01,2025-01-15 16:18:16,2027-05-24,AVAILABLE
P04353,Notebook,2024-08-23,2024-08-24 07:52:49,2027-02-05,RESERVED
P04354,Shampoo,2024-09-02,2024-09-29 00:04:27,2025-12-22,EXPIRED
P04355,Bluetooth Speaker,2026-06-09,2026-06-20 15:13:48,2029-04-25,AVAILABLE
P04356,Water Bottle,2023-09-01,2023-09-13 18:31:23,2026-04-15,EXPIRED
P04357,Laptop Stand,2026-05-16,2026-06-15 22:42:09,2028-11-30,AVAILABLE
P04358,Power Bank,2025-11-08,2025-11-21 17:49:47,2027-02-07,RESERVED
P04359,Mechanical Keyboard,2023-10-07,2023-10-26 02:21:35,2025-11-29,EXPIRED
P04360,Chocolate,2026-08-08,2026-08-14 07:14:11,2028-05-13,AVAILABLE
P04361,Mineral Water,2025-02-02,2025-02-05 17:22:40,2026-08-06,EXPIRED
P04362,Laundry Detergent,2024-05-21,2024-06-09 13:51:24,2024-08-08,EXPIRED
P04363,Toothpaste,2024-02-29,2024-03-10 09:50:24,2026-11-19,RESERVED
P04364,Green Tea,2025-03-07,2025-03-13 23:07:22,2027-04-06,AVAILABLE
P04365,Chocolate,2026-08-24,2026-08-27 20:31:17,2027-05-16,AVAILABLE
P04366,USB Cable,2025-06-24,2025-06-25 10:00:10,2026-06-28,EXPIRED
P04367,USB Cable,2025-11-17,2025-12-09 03:25:36,2026-05-13,EXPIRED
P04368,Chocolate,2023-07-22,2023-07-30 09:53:17,2026-04-29,EXPIRED
P04369,Mineral Water,2023-04-30,2023-05-23 18:16:52,2024-07-19,EXPIRED
P04370,Hand Soap,2025-07-10,2025-07-20 00:47:08,2026-04-22,EXPIRED
P04371,Laundry Detergent,2025-04-09,2025-04-19 21:40:15,2026-06-25,EXPIRED
P04372,Wireless Mouse,2023-11-07,2023-11-21 20:22:59,2024-02-05,EXPIRED
P04373,Notebook,2026-08-15,2026-09-03 12:45:52,2027-10-02,AVAILABLE
P04374,Laundry Detergent,2024-01-22,2024-02-05 12:28:29,2024-10-30,EXPIRED
P04375,Ballpoint Pen,2025-02-12,2025-02-26 13:27:04,2025-03-17,EXPIRED
P04376,Bluetooth Speaker,2024-10-03,2024-10-27 12:58:15,2026-05-25,EXPIRED
P04377,Laptop Stand,2023-03-07,2023-03-12 04:08:43,2024-06-29,EXPIRED
P04378,Green Tea,2026-06-10,2026-06-29 17:02:04,2027-09-10,RESERVED
P04379,Toothpaste,2025-05-17,2025-06-04 07:57:26,2028-03-11,AVAILABLE
P04380,Ballpoint Pen,2023-02-03,2023-02-07 15:55:28,2023-07-30,EXPIRED
P04381,Cereal,2023-11-03,2023-11-24 09:17:52,2026-03-08,EXPIRED
P04382,Power Bank,2024-07-15,2024-07-25 00:39:10,2025-10-20,EXPIRED
P04383,Instant Coffee,2024-12-18,2024-12-21 14:19:54,2027-04-06,AVAILABLE
P04384,Shampoo,2024-09-21,2024-09-26 12:52:03,2025-06-03,EXPIRED
P04385,Laundry Detergent,2025-02-24,2025-03-04 15:48:08,2027-05-12,AVAILABLE
P04386,USB Cable,2026-03-08,2026-03-27 11:47:57,2028-05-27,AVAILABLE
P04387,Cereal,2024-12-30,2025-01-18 05:40:11,2027-10-21,RESERVED
P04388,Toothpaste,2025-02-08,2025-03-08 08:51:05,2026-11-11,AVAILABLE
P04389,Mechanical Keyboard,2023-02-23,2023-03-02 17:20:00,2024-03-25,EXPIRED
P04390,Cereal,2024-12-04,2024-12-07 23:46:13,2026-07-12,EXPIRED
P04391,Chocolate,2024-06-07,2024-07-06 17:25:30,2025-04-21,EXPIRED
P04392,Laptop Stand,2025-12-28,2026-01-27 17:14:36,2026-01-28,EXPIRED
P04393,Chocolate,2025-08-18,2025-09-12 07:14:04,2027-02-16,AVAILABLE
P04394,Green Tea,2025-02-13,2025-03-09 23:44:05,2027-04-19,RESERVED
P04395,Hand Soap,2024-08-21,2024-09-09 06:09:22,2025-03-29,EXPIRED
P04396,Power Bank,2024-06-17,2024-07-10 18:29:33,2027-06-10,AVAILABLE
P04397,Notebook,2024-10-10,2024-10-17 02:08:55,2024-11-25,EXPIRED
P04398,Chocolate,2023-01-29,2023-02-17 10:18:15,2025-08-18,EXPIRED
P04399,Hand Soap,2026-08-25,2026-09-08 13:06:32,2027-10-26,AVAILABLE
P04400,Dish Soap,2025-02-04,2025-02-21 01:03:06,2027-11-14,AVAILABLE
P04401,USB Cable,2024-10-01,2024-10-08 18:05:20,2025-05-07,EXPIRED
P04402,USB Cable,2024-05-27,2024-06-04 13:30:34,2026-10-18,AVAILABLE
P04403,Power Bank,2023-01-31,2023-02-16 17:04:35,2025-09-21,EXPIRED
P04404,Power Bank,2023-04-03,2023-04-23 21:25:40,2025-02-16,EXPIRED
P04405,Shampoo,2024-09-08,2024-09-13 10:48:29,2025-01-24,EXPIRED
P04406,Shampoo,2026-08-08,2026-08-26 20:53:00,2027-06-26,AVAILABLE
P04407,Notebook,2026-09-06,2026-09-13 07:59:51,2027-03-02,AVAILABLE
P04408,Green Tea,2024-01-03,2024-01-26 23:12:00,2026-05-09,EXPIRED
P04409,Mechanical Keyboard,2023-04-19,2023-04-25 06:03:11,2026-03-12,EXPIRED
P04410,Shampoo,2024-11-17,2024-12-08 22:21:58,2025-01-24,EXPIRED
P04411,Cereal,2023-10-10,2023-10-16 09:47:06,2024-05-23,EXPIRED
P04412,Chocolate,2023-11-11,2023-11-12 12:26:30,2024-02-24,EXPIRED
P04413,Power Bank,2024-10-07,2024-10-10 08:20:47,2025-08-23,EXPIRED
P04414,Wireless Mouse,2023-07-15,2023-08-12 12:27:57,2025-01-06,EXPIRED
P04415,Water Bottle,2025-11-29,2025-12-04 04:08:54,2026-10-04,AVAILABLE
P04416,Mechanical Keyboard,2023-03-06,2023-03-17 07:55:37,2023-12-28,EXPIRED
P04417,Laptop Stand,2023-12-27,2023-12-29 11:24:08,2024-03-22,EXPIRED
P04418,Power Bank,2026-09-20,2026-10-14 19:48:02,2027-03-23,AVAILABLE
P04419,Water Bottle,2024-06-08,2024-06-26 09:13:14,2025-01-30,EXPIRED
P04420,Water Bottle,2024-04-11,2024-05-02 05:23:11,2027-04-04,AVAILABLE
P04421,Power Bank,2024-03-15,2024-03-21 07:46:38,2025-09-16,EXPIRED
P04422,Cereal,2025-04-23,2025-05-15 09:21:08,2026-08-09,EXPIRED
P04423,Chocolate,2024-01-16,2024-02-02 12:19:49,2025-10-17,EXPIRED
P04424,Ballpoint Pen,2025-06-25,2025-07-09 00:11:16,2028-06-07,AVAILABLE
P04425,Shampoo,2024-01-31,2024-02-09 05:47:03,2026-03-01,EXPIRED
P04426,Instant Coffee,2025-06-14,2025-07-09 14:40:42,2028-03-09,RESERVED
P04427,Instant Coffee,2024-07-20,2024-08-11 18:35:40,2026-08-27,EXPIRED
P04428,Laptop Stand,2026-06-27,2026-07-13 07:22:25,2027-01-31,AVAILABLE
P04429,Laptop Stand,2025-02-24,2025-03-09 11:52:21,2025-08-08,EXPIRED
P04430,Green Tea,2025-09-26,2025-10-21 12:10:23,2027-03-14,RESERVED
P04431,Dish Soap,2023-05-05,2023-05-25 13:26:19,2024-01-05,EXPIRED
P04432,Green Tea,2025-08-26,2025-09-21 11:14:15,2028-01-01,AVAILABLE
P04433,Orange Juice,2023-11-23,2023-12-03 14:49:17,2026-03-08,EXPIRED
P04434,Shampoo,2024-10-12,2024-11-03 07:21:13,2027-02-24,AVAILABLE
P04435,Notebook,2026-02-03,2026-03-04 10:47:15,2027-01-14,AVAILABLE
P04436,Water Bottle,2025-03-06,2025-03-22 18:09:19,2025-11-02,EXPIRED
P04437,Cereal,2025-08-30,2025-09-02 05:41:29,2028-02-02,AVAILABLE
P04438,Laundry Detergent,2024-04-04,2024-04-15 08:13:42,2025-12-11,EXPIRED
P04439,Shampoo,2026-01-28,2026-02-08 16:47:27,2027-07-16,RESERVED
P04440,Notebook,2023-02-23,2023-03-09 03:25:46,2024-01-20,EXPIRED
P04441,Chocolate,2026-03-04,2026-03-20 18:40:15,2026-09-08,EXPIRED
P04442,Shampoo,2023-07-16,2023-07-28 07:43:32,2024-02-01,EXPIRED
P04443,Power Bank,2025-03-17,2025-04-15 16:41:12,2027-11-17,AVAILABLE
P04444,Wireless Mouse,2024-05-16,2024-05-17 15:51:13,2027-02-10,AVAILABLE
P04445,Mineral Water,2023-05-01,2023-05-17 22:10:49,2023-06-08,EXPIRED
P04446,Power Bank,2024-07-14,2024-08-01 19:27:52,2027-04-27,AVAILABLE
P04447,Wireless Mouse,2026-02-12,2026-03-13 04:24:46,2027-09-28,AVAILABLE
P04448,Water Bottle,2023-08-30,2023-09-04 03:18:25,2024-11-04,EXPIRED
P04449,Notebook,2024-09-01,2024-09-27 14:25:11,2026-07-25,EXPIRED
P04450,Green Tea,2023-10-23,2023-11-16 18:53:40,2024-10-23,EXPIRED
P04451,Mineral Water,2024-08-30,2024-09-11 12:13:58,2025-10-25,EXPIRED
P04452,Ballpoint Pen,2023-08-11,2023-08-26 04:47:59,2025-05-17,EXPIRED
P04453,Wireless Mouse,2024-03-16,2024-03-29 18:16:32,2024-09-25,EXPIRED
P04454,Power Bank,2024-01-07,2024-01-28 13:44:58,2026-03-31,EXPIRED
P04455,Chocolate,2026-03-07,2026-03-22 02:39:26,2028-10-16,RESERVED
P04456,Wireless Mouse,2025-04-23,2025-05-15 17:14:13,2027-03-27,AVAILABLE
P04457,Ballpoint Pen,2023-08-16,2023-08-18 03:24:06,2024-08-27,EXPIRED
P04458,Orange Juice,2026-03-15,2026-03-16 03:25:49,2027-09-01,AVAILABLE
P04459,Ballpoint Pen,2024-07-11,2024-08-04 18:02:48,2025-01-23,EXPIRED
P04460,Water Bottle,2024-04-08,2024-04-16 08:17:13,2027-01-08,RESERVED
P04461,Shampoo,2025-09-14,2025-10-06 06:43:17,2026-05-07,EXPIRED
P04462,Chocolate,2023-04-04,2023-05-01 18:34:51,2024-10-28,EXPIRED
P04463,USB Cable,2023-05-08,2023-05-11 13:31:38,2024-08-23,EXPIRED
P04464,Mechanical Keyboard,2023-06-01,2023-06-10 17:05:06,2025-09-28,EXPIRED
P04465,Wireless Mouse,2024-08-02,2024-08-21 20:45:37,2025-02-18,EXPIRED
P04466,Wireless Mouse,2023-04-08,2023-05-06 09:41:57,2024-04-02,EXPIRED
P04467,Mechanical Keyboard,2023-11-05,2023-11-22 17:53:56,2026-04-07,EXPIRED
P04468,Shampoo,2023-09-01,2023-09-14 17:02:47,2024-02-26,EXPIRED
P04469,Ballpoint Pen,2026-05-18,2026-05-20 07:18:09,2027-02-21,AVAILABLE
P04470,Green Tea,2025-10-24,2025-11-22 23:59:21,2027-08-04,AVAILABLE
P04471,Green Tea,2023-11-16,2023-11-18 06:20:12,2024-05-16,EXPIRED
P04472,Shampoo,2023-05-06,2023-05-29 15:36:42,2023-12-18,EXPIRED
P04473,Hand Soap,2026-04-26,2026-04-30 06:58:34,2028-07-16,AVAILABLE
P04474,USB Cable,2024-10-25,2024-11-20 15:06:54,2025-05-19,EXPIRED
P04475,Hand Soap,2023-08-26,2023-09-02 04:50:45,2024-04-12,EXPIRED
P04476,Notebook,2024-09-25,2024-10-25 00:08:19,2027-06-02,RESERVED
P04477,Wireless Mouse,2023-11-27,2023-12-27 16:35:51,2024-06-24,EXPIRED
P04478,Chocolate,2023-07-08,2023-07-12 04:53:34,2026-03-04,EXPIRED
P04479,Chocolate,2024-10-11,2024-10-16 15:59:44,2025-04-12,EXPIRED
P04480,Ballpoint Pen,2024-03-12,2024-03-26 15:54:32,2026-05-05,EXPIRED
P04481,Hand Soap,2025-02-18,2025-02-28 13:12:38,2025-08-13,EXPIRED
P04482,Instant Coffee,2026-02-08,2026-03-06 02:02:58,2028-12-26,AVAILABLE
P04483,Ballpoint Pen,2023-08-16,2023-09-07 12:07:50,2025-04-23,EXPIRED
P04484,Laptop Stand,2024-05-25,2024-06-15 04:07:22,2026-01-26,EXPIRED
P04485,Mechanical Keyboard,2023-06-05,2023-06-28 07:05:58,2025-05-22,EXPIRED
P04486,Water Bottle,2024-11-09,2024-11-11 13:38:42,2027-05-15,RESERVED
P04487,Laptop Stand,2025-03-06,2025-03-09 13:35:16,2027-03-11,AVAILABLE
P04488,Laptop Stand,2024-10-23,2024-10-29 20:31:47,2026-08-22,EXPIRED
P04489,USB Cable,2023-01-05,2023-01-10 20:23:18,2025-10-27,EXPIRED
P04490,USB Cable,2025-08-13,2025-09-01 17:38:45,2027-03-31,AVAILABLE
P04491,Dish Soap,2025-01-05,2025-01-19 12:38:18,2027-12-08,AVAILABLE
P04492,Ballpoint Pen,2024-03-28,2024-03-30 00:23:06,2026-03-25,EXPIRED
P04493,Shampoo,2025-07-13,2025-07-25 21:58:25,2026-10-12,AVAILABLE
P04494,Orange Juice,2025-10-30,2025-11-09 04:54:11,2028-06-04,RESERVED
P04495,USB Cable,2025-07-22,2025-07-27 12:25:08,2027-08-31,AVAILABLE
P04496,Orange Juice,2023-02-23,2023-03-04 12:55:00,2025-11-24,EXPIRED
P04497,Wireless Mouse,2026-09-20,2026-09-22 02:18:54,2028-05-04,AVAILABLE
P04498,Instant Coffee,2023-01-11,2023-02-07 12:32:41,2025-06-21,EXPIRED
P04499,Laptop Stand,2024-06-17,2024-06-19 22:32:28,2025-02-12,EXPIRED
P04500,Wireless Mouse,2023-01-08,2023-01-29 13:26:34,2023-06-07,EXPIRED
P04501,Green Tea,2023-07-25,2023-08-10 04:34:09,2023-09-08,EXPIRED
P04502,Hand Soap,2025-04-14,2025-04-20 06:32:46,2025-12-27,EXPIRED
P04503,Power Bank,2024-12-20,2025-01-17 21:10:08,2026-05-03,EXPIRED
P04504,Bluetooth Speaker,2026-02-04,2026-02-09 05:11:35,2027-01-17,AVAILABLE
P04505,Wireless Mouse,2026-01-02,2026-01-11 15:20:55,2026-12-16,AVAILABLE
P04506,Water Bottle,2025-01-03,2025-01-23 18:38:19,2025-04-08,EXPIRED
P04507,Wireless Mouse,2024-07-12,2024-07-15 01:46:48,2026-02-10,EXPIRED
P04508,Toothpaste,2026-05-24,2026-06-19 03:14:23,2027-01-17,RESERVED
P04509,Power Bank,2024-05-19,2024-05-31 21:01:52,2026-03-23,EXPIRED
P04510,Water Bottle,2024-10-14,2024-11-08 14:59:09,2025-10-16,EXPIRED
P04511,Dish Soap,2026-04-27,2026-05-02 00:50:59,2028-11-06,AVAILABLE
P04512,Power Bank,2026-08-02,2026-08-25 21:23:31,2026-11-23,AVAILABLE
P04513,Toothpaste,2025-12-09,2025-12-17 00:08:59,2026-02-12,EXPIRED
P04514,USB Cable,2023-02-18,2023-03-19 09:06:39,2024-10-29,EXPIRED
P04515,Cereal,2024-05-11,2024-05-21 02:39:21,2025-02-23,EXPIRED
P04516,Dish Soap,2023-07-15,2023-08-14 20:16:18,2026-04-01,EXPIRED
P04517,Laundry Detergent,2025-04-19,2025-05-15 14:18:46,2026-02-06,EXPIRED
P04518,Laundry Detergent,2023-03-16,2023-03-22 02:41:32,2024-07-15,EXPIRED
P04519,Wireless Mouse,2025-02-28,2025-03-08 11:31:58,2025-05-20,EXPIRED
P04520,Instant Coffee,2025-08-09,2025-08-27 18:49:07,2026-07-03,EXPIRED
P04521,Power Bank,2024-03-30,2024-04-26 21:39:46,2026-10-26,AVAILABLE
P04522,Instant Coffee,2025-04-04,2025-04-24 18:00:20,2027-03-14,AVAILABLE
P04523,Cereal,2024-12-06,2025-01-05 15:50:23,2026-09-23,RESERVED
P04524,Wireless Mouse,2026-01-20,2026-02-14 08:11:36,2026-02-20,EXPIRED
P04525,Shampoo,2026-05-19,2026-06-02 18:40:03,2028-02-18,AVAILABLE
P04526,Bluetooth Speaker,2025-11-30,2025-12-20 17:27:00,2028-02-10,AVAILABLE
P04527,Mechanical Keyboard,2025-03-06,2025-03-17 13:29:15,2026-07-27,EXPIRED
P04528,Toothpaste,2024-07-13,2024-07-25 14:57:02,2025-01-28,EXPIRED
P04529,Mineral Water,2024-10-13,2024-10-18 14:26:05,2026-02-11,EXPIRED
P04530,Shampoo,2026-09-21,2026-10-09 02:19:37,2027-02-17,AVAILABLE
P04531,Orange Juice,2024-03-26,2024-04-16 00:32:17,2025-05-28,EXPIRED
P04532,Hand Soap,2025-03-27,2025-04-16 19:10:40,2027-07-19,AVAILABLE
P04533,Green Tea,2024-09-09,2024-09-24 15:55:58,2025-10-13,EXPIRED
P04534,Cereal,2023-01-19,2023-02-06 09:43:11,2024-06-24,EXPIRED
P04535,Bluetooth Speaker,2024-05-28,2024-06-03 06:19:32,2024-07-06,EXPIRED
P04536,Mechanical Keyboard,2024-07-14,2024-07-17 14:45:08,2026-05-05,EXPIRED
P04537,Power Bank,2024-11-08,2024-11-19 07:55:25,2025-07-17,EXPIRED
P04538,Cereal,2025-12-30,2026-01-10 10:29:18,2026-03-28,EXPIRED
P04539,Mineral Water,2023-12-23,2024-01-19 15:36:51,2026-03-07,EXPIRED
P04540,Wireless Mouse,2023-11-29,2023-12-08 05:23:28,2024-05-02,EXPIRED
P04541,Instant Coffee,2024-03-12,2024-03-20 21:09:39,2026-03-04,EXPIRED
P04542,Ballpoint Pen,2024-08-19,2024-08-31 05:59:14,2025-03-06,EXPIRED
P04543,Cereal,2026-08-03,2026-08-21 04:33:24,2027-12-09,AVAILABLE
P04544,Green Tea,2023-02-11,2023-03-13 04:38:27,2025-05-24,EXPIRED
P04545,Laptop Stand,2026-06-18,2026-07-08 02:28:10,2027-02-06,AVAILABLE
P04546,Chocolate,2023-11-18,2023-12-08 04:53:08,2024-02-10,EXPIRED
P04547,Chocolate,2023-06-28,2023-07-12 14:34:59,2024-07-24,EXPIRED
P04548,Power Bank,2025-01-05,2025-01-27 07:37:11,2027-05-16,AVAILABLE
P04549,Ballpoint Pen,2024-03-05,2024-03-21 00:25:14,2024-12-18,EXPIRED
P04550,Orange Juice,2023-03-09,2023-03-16 03:53:14,2024-02-23,EXPIRED
P04551,Dish Soap,2023-04-03,2023-04-13 17:49:52,2025-05-05,EXPIRED
P04552,Wireless Mouse,2024-01-14,2024-01-19 01:26:06,2024-05-22,EXPIRED
P04553,Power Bank,2026-03-26,2026-04-03 20:15:13,2028-05-29,AVAILABLE
P04554,Instant Coffee,2025-09-29,2025-10-19 15:05:38,2026-03-04,EXPIRED
P04555,Wireless Mouse,2023-04-30,2023-05-21 00:11:45,2025-04-28,EXPIRED
P04556,Shampoo,2023-07-23,2023-08-05 04:11:53,2025-07-19,EXPIRED
P04557,Mineral Water,2024-07-29,2024-08-21 15:04:32,2026-09-21,AVAILABLE
P04558,Ballpoint Pen,2024-09-25,2024-09-26 23:28:37,2025-08-13,EXPIRED
P04559,Instant Coffee,2023-01-01,2023-01-11 11:46:51,2024-04-19,EXPIRED
P04560,Bluetooth Speaker,2024-04-24,2024-04-27 12:41:40,2027-01-08,AVAILABLE
P04561,Laundry Detergent,2023-06-04,2023-06-14 10:24:18,2025-12-23,EXPIRED
P04562,Chocolate,2024-05-16,2024-05-31 00:50:47,2025-02-12,EXPIRED
P04563,Ballpoint Pen,2024-08-28,2024-09-22 11:12:43,2025-04-28,EXPIRED
P04564,USB Cable,2025-07-13,2025-07-29 13:26:45,2028-01-05,AVAILABLE
P04565,Mechanical Keyboard,2024-12-06,2024-12-12 21:30:41,2027-05-11,AVAILABLE
P04566,Bluetooth Speaker,2023-02-24,2023-03-22 18:10:35,2023-09-19,EXPIRED
P04567,Cereal,2025-09-03,2025-09-21 01:26:42,2026-03-03,EXPIRED
P04568,Ballpoint Pen,2023-05-03,2023-05-08 04:15:04,2024-01-21,EXPIRED
P04569,Mineral Water,2025-09-06,2025-09-27 17:43:59,2028-03-28,AVAILABLE
P04570,Mineral Water,2026-07-12,2026-08-08 15:40:27,2027-10-03,AVAILABLE
P04571,Instant Coffee,2023-10-05,2023-10-10 06:43:31,2024-07-13,EXPIRED
P04572,Laundry Detergent,2024-12-29,2025-01-17 04:04:55,2025-11-06,EXPIRED
P04573,Mineral Water,2026-07-26,2026-08-12 23:18:41,2029-07-09,AVAILABLE
P04574,Shampoo,2024-03-27,2024-04-26 15:05:05,2025-12-02,EXPIRED
P04575,Bluetooth Speaker,2026-05-26,2026-06-05 06:01:02,2026-08-23,EXPIRED
P04576,Instant Coffee,2025-07-17,2025-08-13 10:49:58,2027-01-01,AVAILABLE
P04577,Laundry Detergent,2026-03-02,2026-04-01 22:09:55,2027-08-12,RESERVED
P04578,USB Cable,2024-02-29,2024-03-05 08:27:22,2027-01-22,AVAILABLE
P04579,Mineral Water,2026-06-08,2026-06-15 04:30:48,2027-12-18,AVAILABLE
P04580,Hand Soap,2026-09-11,2026-09-29 06:51:43,2029-07-24,AVAILABLE
P04581,Cereal,2026-03-13,2026-03-16 10:57:13,2027-01-22,AVAILABLE
P04582,Power Bank,2023-07-21,2023-08-15 08:42:55,2023-10-21,EXPIRED
P04583,Mineral Water,2024-12-24,2024-12-30 22:27:25,2026-09-14,EXPIRED
P04584,Laptop Stand,2025-06-01,2025-06-16 07:55:56,2027-07-26,AVAILABLE
P04585,Bluetooth Speaker,2025-09-26,2025-10-02 08:20:22,2027-01-20,AVAILABLE
P04586,Hand Soap,2025-01-18,2025-02-09 12:20:59,2027-04-18,AVAILABLE
P04587,Hand Soap,2025-04-21,2025-04-30 16:28:32,2027-01-12,AVAILABLE
P04588,Shampoo,2023-11-24,2023-11-30 08:52:51,2025-08-04,EXPIRED
P04589,Orange Juice,2023-09-04,2023-09-05 09:26:40,2024-07-12,EXPIRED
P04590,Cereal,2023-01-12,2023-01-26 18:08:36,2025-06-17,EXPIRED
P04591,Cereal,2025-02-23,2025-03-13 10:54:07,2026-01-11,EXPIRED
P04592,Mechanical Keyboard,2025-05-13,2025-06-07 04:48:28,2027-10-15,RESERVED
P04593,Hand Soap,2024-01-03,2024-01-23 07:47:20,2024-03-17,EXPIRED
P04594,Ballpoint Pen,2025-06-21,2025-07-10 06:16:43,2027-01-23,AVAILABLE
P04595,USB Cable,2023-09-26,2023-10-15 03:19:27,2025-11-24,EXPIRED
P04596,Wireless Mouse,2024-01-17,2024-01-22 06:18:57,2026-11-22,AVAILABLE
P04597,Laundry Detergent,2023-01-13,2023-01-23 11:31:46,2025-09-18,EXPIRED
P04598,Bluetooth Speaker,2025-02-04,2025-02-08 16:18:44,2025-06-20,EXPIRED
P04599,Toothpaste,2023-02-19,2023-02-26 07:41:39,2023-12-20,EXPIRED
P04600,USB Cable,2024-08-22,2024-09-06 17:43:53,2025-07-12,EXPIRED
P04601,Instant Coffee,2024-01-31,2024-02-15 20:46:56,2025-01-14,EXPIRED
P04602,Mechanical Keyboard,2026-03-08,2026-03-31 22:17:20,2026-08-16,EXPIRED
P04603,Mineral Water,2025-09-26,2025-10-09 23:28:00,2028-01-13,AVAILABLE
P04604,Shampoo,2026-07-14,2026-07-22 21:08:54,2029-07-13,AVAILABLE
P04605,Water Bottle,2023-01-09,2023-01-13 02:08:56,2023-12-15,EXPIRED
P04606,Wireless Mouse,2023-04-11,2023-05-10 23:43:33,2024-12-29,EXPIRED
P04607,Dish Soap,2024-07-03,2024-07-08 12:52:16,2025-09-22,EXPIRED
P04608,Water Bottle,2024-03-11,2024-03-25 14:43:36,2026-05-30,EXPIRED
P04609,Wireless Mouse,2025-11-09,2025-11-15 22:34:38,2028-03-18,AVAILABLE
P04610,USB Cable,2024-02-28,2024-03-12 00:54:21,2025-08-29,EXPIRED
P04611,Ballpoint Pen,2024-08-08,2024-09-06 13:56:58,2025-06-06,EXPIRED
P04612,Wireless Mouse,2026-02-25,2026-03-09 13:17:36,2026-07-11,EXPIRED
P04613,Power Bank,2024-01-20,2024-01-25 08:39:23,2024-08-28,EXPIRED
P04614,Notebook,2024-03-16,2024-03-28 01:52:41,2024-04-16,EXPIRED
P04615,USB Cable,2023-08-10,2023-09-08 10:18:25,2024-04-20,EXPIRED
P04616,Hand Soap,2024-12-07,2025-01-02 16:45:44,2025-05-08,EXPIRED
P04617,Laundry Detergent,2023-04-10,2023-04-17 16:46:32,2023-07-22,EXPIRED
P04618,Chocolate,2024-06-06,2024-06-27 02:03:18,2024-11-08,EXPIRED
P04619,Green Tea,2024-05-10,2024-05-13 11:25:24,2027-04-17,AVAILABLE
P04620,USB Cable,2024-03-13,2024-04-09 10:12:33,2024-11-09,EXPIRED
P04621,Green Tea,2025-11-20,2025-12-11 06:30:19,2028-07-15,AVAILABLE
P04622,Orange Juice,2025-11-01,2025-11-03 06:02:39,2025-12-25,EXPIRED
P04623,Power Bank,2025-04-05,2025-04-22 10:24:18,2027-11-07,AVAILABLE
P04624,Hand Soap,2025-07-12,2025-07-30 08:02:05,2025-10-26,EXPIRED
P04625,Bluetooth Speaker,2025-08-05,2025-08-31 21:06:25,2026-10-27,AVAILABLE
P04626,Power Bank,2025-06-11,2025-06-14 03:23:33,2027-09-16,AVAILABLE
P04627,Dish Soap,2025-05-15,2025-05-19 02:36:36,2028-02-01,AVAILABLE
P04628,Toothpaste,2024-12-30,2025-01-18 23:45:33,2026-03-18,EXPIRED
P04629,Water Bottle,2023-11-24,2023-12-08 02:30:55,2024-03-18,EXPIRED
P04630,Cereal,2023-02-27,2023-03-10 17:13:23,2024-04-20,EXPIRED
P04631,Green Tea,2024-12-31,2025-01-21 17:04:37,2027-01-12,AVAILABLE
P04632,Cereal,2025-06-19,2025-07-12 04:34:23,2026-12-06,AVAILABLE
P04633,Instant Coffee,2024-05-21,2024-06-09 20:37:49,2027-04-28,AVAILABLE
P04634,Chocolate,2023-11-23,2023-12-06 12:42:09,2024-07-03,EXPIRED
P04635,Toothpaste,2025-09-14,2025-09-25 17:02:04,2027-08-21,AVAILABLE
P04636,Green Tea,2025-05-21,2025-06-04 17:31:38,2026-08-20,EXPIRED
P04637,Wireless Mouse,2024-02-19,2024-02-20 04:50:32,2026-02-16,EXPIRED
P04638,Water Bottle,2023-11-19,2023-12-18 14:11:30,2026-02-12,EXPIRED
P04639,Shampoo,2026-04-28,2026-05-16 20:14:16,2028-03-06,AVAILABLE
P04640,Orange Juice,2023-05-06,2023-05-12 10:08:55,2026-04-30,EXPIRED
P04641,Orange Juice,2024-09-06,2024-09-20 03:15:00,2027-05-20,AVAILABLE
P04642,Wireless Mouse,2026-01-01,2026-01-31 18:59:30,2026-10-14,RESERVED
P04643,Wireless Mouse,2026-08-01,2026-08-16 07:35:55,2027-08-07,AVAILABLE
P04644,Hand Soap,2025-08-18,2025-09-02 23:48:07,2026-05-22,EXPIRED
P04645,Dish Soap,2024-08-22,2024-08-27 10:08:44,2027-06-02,RESERVED
P04646,Dish Soap,2025-03-09,2025-03-16 00:49:38,2025-08-11,EXPIRED
P04647,Wireless Mouse,2025-06-25,2025-07-25 02:09:04,2025-10-31,EXPIRED
P04648,Bluetooth Speaker,2024-07-24,2024-07-29 06:18:43,2026-04-09,EXPIRED
P04649,Hand Soap,2024-03-19,2024-04-17 21:03:22,2027-01-03,RESERVED
P04650,Toothpaste,2025-08-19,2025-08-23 19:53:59,2028-02-09,AVAILABLE
P04651,Notebook,2026-04-08,2026-04-29 15:06:24,2028-05-24,RESERVED
P04652,Ballpoint Pen,2025-06-08,2025-06-20 12:25:49,2028-01-26,AVAILABLE
P04653,Chocolate,2023-03-25,2023-04-14 19:46:43,2025-06-05,EXPIRED
P04654,Dish Soap,2024-04-25,2024-05-02 09:49:17,2024-06-26,EXPIRED
P04655,Wireless Mouse,2026-06-13,2026-07-06 11:09:10,2028-02-09,AVAILABLE
P04656,Mineral Water,2025-01-16,2025-01-23 14:39:12,2026-02-23,EXPIRED
P04657,Bluetooth Speaker,2023-06-30,2023-07-19 02:48:16,2024-12-10,EXPIRED
P04658,Ballpoint Pen,2023-01-28,2023-02-12 00:23:44,2024-10-01,EXPIRED
P04659,Hand Soap,2024-05-13,2024-05-27 01:48:07,2026-04-28,EXPIRED
P04660,Hand Soap,2026-08-04,2026-08-23 03:05:58,2028-07-07,AVAILABLE
P04661,Power Bank,2023-03-31,2023-04-03 12:45:53,2024-03-05,EXPIRED
P04662,Shampoo,2023-01-19,2023-01-20 16:02:08,2025-05-19,EXPIRED
P04663,Orange Juice,2026-02-21,2026-03-12 22:13:42,2027-09-09,AVAILABLE
P04664,Cereal,2026-05-09,2026-05-24 17:58:54,2027-07-29,AVAILABLE
P04665,Cereal,2024-08-14,2024-08-31 16:45:13,2026-09-16,EXPIRED
P04666,Hand Soap,2023-07-02,2023-07-22 05:06:18,2025-11-03,EXPIRED
P04667,Hand Soap,2026-03-13,2026-03-16 08:24:15,2029-02-09,AVAILABLE
P04668,Mineral Water,2024-08-03,2024-08-25 07:51:09,2024-10-18,EXPIRED
P04669,Water Bottle,2023-07-07,2023-07-23 22:08:52,2025-11-17,EXPIRED
P04670,Shampoo,2025-01-17,2025-01-22 16:09:19,2027-05-01,AVAILABLE
P04671,Cereal,2024-06-24,2024-07-22 18:57:10,2027-05-10,RESERVED
P04672,Bluetooth Speaker,2024-08-17,2024-08-18 01:51:02,2025-07-02,EXPIRED
P04673,Wireless Mouse,2026-01-23,2026-02-05 21:03:05,2027-11-06,RESERVED
P04674,Mineral Water,2023-02-05,2023-02-16 02:37:01,2025-01-27,EXPIRED
P04675,Green Tea,2024-03-02,2024-03-29 04:31:56,2024-11-21,EXPIRED
P04676,Mineral Water,2026-08-27,2026-09-03 23:03:56,2027-11-05,AVAILABLE
P04677,Cereal,2025-05-11,2025-06-08 20:58:13,2027-07-31,AVAILABLE
P04678,Water Bottle,2023-01-27,2023-01-30 01:03:46,2023-05-14,EXPIRED
P04679,Notebook,2023-04-18,2023-05-05 19:37:15,2023-09-30,EXPIRED
P04680,Laundry Detergent,2025-06-27,2025-07-14 03:46:00,2027-04-22,AVAILABLE
P04681,Mechanical Keyboard,2023-12-22,2024-01-08 20:14:21,2025-08-13,EXPIRED
P04682,USB Cable,2024-11-17,2024-12-05 19:48:11,2025-03-30,EXPIRED
P04683,Ballpoint Pen,2024-04-16,2024-04-18 08:45:14,2026-11-10,AVAILABLE
P04684,Shampoo,2023-07-01,2023-07-09 13:25:10,2023-09-19,EXPIRED
P04685,Dish Soap,2023-06-18,2023-06-23 04:43:40,2025-12-12,EXPIRED
P04686,Dish Soap,2023-05-17,2023-05-29 18:19:49,2026-01-10,EXPIRED
P04687,Green Tea,2025-07-26,2025-08-23 00:55:22,2026-11-19,AVAILABLE
P04688,USB Cable,2023-03-16,2023-03-28 21:35:13,2024-08-27,EXPIRED
P04689,Wireless Mouse,2026-06-09,2026-06-23 15:59:12,2029-01-11,AVAILABLE
P04690,Dish Soap,2024-08-17,2024-08-22 03:35:37,2025-05-29,EXPIRED
P04691,Chocolate,2023-10-14,2023-11-05 13:38:14,2026-07-11,EXPIRED
P04692,Shampoo,2024-12-30,2025-01-20 00:48:46,2025-08-29,EXPIRED
P04693,Mineral Water,2025-09-21,2025-10-05 15:44:55,2026-05-10,EXPIRED
P04694,Dish Soap,2025-10-11,2025-10-27 12:55:57,2026-07-24,EXPIRED
P04695,Dish Soap,2026-01-16,2026-02-11 06:26:59,2027-06-13,AVAILABLE
P04696,Laundry Detergent,2025-12-13,2026-01-11 21:42:22,2026-03-03,EXPIRED
P04697,USB Cable,2026-09-02,2026-09-15 20:10:29,2029-01-01,AVAILABLE
P04698,Notebook,2023-11-22,2023-11-28 13:27:27,2026-06-18,EXPIRED
P04699,Dish Soap,2025-11-20,2025-11-21 18:44:44,2027-01-22,AVAILABLE
P04700,Mineral Water,2023-06-25,2023-07-08 10:10:11,2023-07-26,EXPIRED
P04701,Toothpaste,2024-08-19,2024-09-07 18:15:51,2026-07-01,EXPIRED
P04702,Notebook,2026-01-01,2026-01-05 04:20:21,2028-10-03,AVAILABLE
P04703,Toothpaste,2023-11-08,2023-11-22 10:38:53,2026-09-18,EXPIRED
P04704,Mineral Water,2024-08-29,2024-08-30 17:53:12,2026-10-24,RESERVED
P04705,Laundry Detergent,2023-02-20,2023-03-03 00:59:04,2024-11-06,EXPIRED
P04706,Power Bank,2025-06-21,2025-06-25 12:21:30,2026-08-10,EXPIRED
P04707,Notebook,2023-05-24,2023-06-20 04:37:55,2025-06-13,EXPIRED
P04708,Mineral Water,2024-12-19,2025-01-14 02:34:34,2027-07-10,AVAILABLE
P04709,Power Bank,2024-09-23,2024-10-10 13:02:03,2026-11-01,AVAILABLE
P04710,Wireless Mouse,2026-05-20,2026-05-26 08:17:38,2027-06-24,AVAILABLE
P04711,Toothpaste,2026-02-23,2026-03-22 15:22:40,2028-10-28,AVAILABLE
P04712,Instant Coffee,2026-08-08,2026-08-09 04:37:12,2026-10-13,AVAILABLE
P04713,Power Bank,2023-11-04,2023-11-15 20:00:04,2026-10-07,AVAILABLE
P04714,Mechanical Keyboard,2025-10-07,2025-10-16 05:36:48,2025-12-23,EXPIRED
P04715,Mineral Water,2026-09-16,2026-10-07 19:22:09,2027-10-22,AVAILABLE
P04716,Instant Coffee,2024-01-23,2024-02-06 19:13:52,2024-10-22,EXPIRED
P04717,Laundry Detergent,2023-02-02,2023-02-15 05:56:02,2023-03-31,EXPIRED
P04718,Hand Soap,2026-08-01,2026-08-08 00:08:51,2028-02-17,AVAILABLE
P04719,Mineral Water,2026-08-26,2026-09-18 13:08:16,2029-04-06,AVAILABLE
P04720,Instant Coffee,2025-08-19,2025-09-14 23:40:18,2025-11-07,EXPIRED
P04721,Cereal,2025-10-10,2025-11-08 22:05:51,2027-05-30,AVAILABLE
P04722,Mineral Water,2026-09-20,2026-10-10 11:57:26,2029-07-31,AVAILABLE
P04723,Mechanical Keyboard,2025-02-18,2025-03-08 15:50:13,2027-03-31,RESERVED
P04724,Chocolate,2024-06-02,2024-06-14 07:16:21,2024-11-13,EXPIRED
P04725,Green Tea,2025-02-18,2025-03-11 13:57:35,2027-07-25,AVAILABLE
P04726,Dish Soap,2024-02-11,2024-03-04 23:55:17,2027-01-13,AVAILABLE
P04727,Chocolate,2026-02-24,2026-03-20 07:42:59,2028-03-18,RESERVED
P04728,Laundry Detergent,2025-05-28,2025-06-18 05:54:26,2028-04-04,AVAILABLE
P04729,Shampoo,2025-03-13,2025-04-09 09:33:20,2026-08-17,EXPIRED
P04730,Bluetooth Speaker,2023-03-02,2023-03-30 21:51:29,2025-11-24,EXPIRED
P04731,Orange Juice,2025-12-10,2025-12-26 00:59:32,2027-08-27,AVAILABLE
P04732,Laptop Stand,2026-08-25,2026-09-08 19:35:13,2028-02-21,AVAILABLE
P04733,Instant Coffee,2025-05-31,2025-06-20 22:21:55,2025-09-02,EXPIRED
P04734,Orange Juice,2023-02-18,2023-03-15 23:50:19,2025-01-01,EXPIRED
P04735,Mechanical Keyboard,2025-01-09,2025-02-02 01:38:11,2026-08-13,EXPIRED
P04736,Mineral Water,2025-08-07,2025-08-13 23:52:00,2025-12-19,EXPIRED
P04737,Toothpaste,2024-02-08,2024-02-17 05:58:48,2025-04-14,EXPIRED
P04738,Notebook,2023-04-04,2023-04-27 14:28:14,2026-01-31,EXPIRED
P04739,Bluetooth Speaker,2026-04-23,2026-05-04 08:40:50,2028-04-29,RESERVED
P04740,Wireless Mouse,2024-05-09,2024-05-27 00:04:26,2025-03-17,EXPIRED
P04741,Cereal,2026-02-19,2026-03-03 03:22:02,2026-12-17,RESERVED
P04742,Wireless Mouse,2024-09-06,2024-09-17 00:42:11,2025-04-16,EXPIRED
P04743,Chocolate,2024-03-05,2024-03-16 07:56:04,2025-01-14,EXPIRED
P04744,Toothpaste,2026-05-06,2026-05-15 21:43:43,2027-09-24,AVAILABLE
P04745,Hand Soap,2026-06-24,2026-07-22 10:12:05,2027-02-14,AVAILABLE
P04746,Bluetooth Speaker,2024-05-04,2024-05-26 11:36:01,2025-12-17,EXPIRED
P04747,Laptop Stand,2025-04-01,2025-04-13 05:56:29,2026-10-24,AVAILABLE
P04748,Laundry Detergent,2025-06-08,2025-07-05 21:24:57,2026-07-18,EXPIRED
P04749,Orange Juice,2023-08-16,2023-09-08 01:33:23,2026-06-26,EXPIRED
P04750,Instant Coffee,2025-12-18,2025-12-25 17:45:43,2028-01-03,AVAILABLE
P04751,Chocolate,2024-12-01,2024-12-04 08:40:48,2027-06-02,AVAILABLE
P04752,Ballpoint Pen,2026-07-05,2026-07-08 18:14:20,2027-02-12,AVAILABLE
P04753,Hand Soap,2024-09-15,2024-09-27 11:20:48,2026-01-08,EXPIRED
P04754,Toothpaste,2023-03-06,2023-04-05 13:08:30,2024-04-20,EXPIRED
P04755,Laundry Detergent,2023-08-09,2023-08-23 14:12:15,2026-03-01,EXPIRED
P04756,Green Tea,2025-02-28,2025-03-04 04:54:05,2027-01-09,AVAILABLE
P04757,Orange Juice,2025-05-16,2025-06-09 23:48:55,2026-05-22,EXPIRED
P04758,Shampoo,2024-06-11,2024-07-10 03:11:48,2026-11-26,AVAILABLE
P04759,Dish Soap,2024-06-11,2024-06-28 03:32:50,2027-01-02,AVAILABLE
P04760,Laptop Stand,2023-01-29,2023-02-17 19:59:03,2025-07-15,EXPIRED
P04761,Notebook,2024-04-24,2024-04-27 19:53:27,2025-09-28,EXPIRED
P04762,Wireless Mouse,2024-04-26,2024-05-26 19:38:21,2024-10-24,EXPIRED
P04763,Shampoo,2025-10-08,2025-10-10 09:21:02,2027-09-13,RESERVED
P04764,Ballpoint Pen,2026-04-23,2026-05-11 04:58:52,2027-02-03,RESERVED
P04765,Shampoo,2025-06-21,2025-06-29 21:51:06,2026-07-10,EXPIRED
P04766,Water Bottle,2024-07-28,2024-08-23 07:52:49,2024-11-13,EXPIRED
P04767,Chocolate,2025-10-25,2025-11-06 02:42:18,2026-10-01,AVAILABLE
P04768,Bluetooth Speaker,2025-01-26,2025-02-15 07:25:19,2027-03-17,AVAILABLE
P04769,Bluetooth Speaker,2026-02-06,2026-02-12 23:15:06,2027-07-25,AVAILABLE
P04770,Bluetooth Speaker,2025-08-23,2025-09-04 11:28:24,2028-05-04,AVAILABLE
P04771,Ballpoint Pen,2026-06-02,2026-06-05 03:45:21,2028-02-21,AVAILABLE
P04772,Wireless Mouse,2024-08-07,2024-08-28 08:12:57,2025-02-27,EXPIRED
P04773,Dish Soap,2024-02-20,2024-03-12 09:15:27,2026-04-22,EXPIRED
P04774,Instant Coffee,2023-06-23,2023-07-22 01:43:41,2024-06-08,EXPIRED
P04775,Notebook,2025-09-17,2025-10-03 03:43:41,2026-05-24,EXPIRED
P04776,Cereal,2023-02-02,2023-02-16 04:43:37,2023-10-24,EXPIRED
P04777,Toothpaste,2026-05-23,2026-05-28 12:57:50,2028-05-17,AVAILABLE
P04778,Toothpaste,2024-03-13,2024-04-10 05:32:07,2026-09-04,EXPIRED
P04779,Bluetooth Speaker,2026-06-12,2026-06-15 23:03:46,2029-05-08,AVAILABLE
P04780,Instant Coffee,2026-06-20,2026-06-25 05:06:37,2027-12-06,AVAILABLE
P04781,Notebook,2023-06-04,2023-06-30 10:28:13,2026-02-01,EXPIRED
P04782,Shampoo,2025-09-18,2025-09-22 00:22:08,2028-09-04,RESERVED
P04783,Toothpaste,2025-09-25,2025-09-26 14:41:18,2027-10-04,AVAILABLE
P04784,Ballpoint Pen,2023-06-15,2023-06-27 06:03:16,2025-01-26,EXPIRED
P04785,Cereal,2023-04-15,2023-04-16 05:00:08,2025-06-25,EXPIRED
P04786,Dish Soap,2024-05-14,2024-06-01 15:35:39,2024-08-22,EXPIRED
P04787,Water Bottle,2024-09-26,2024-10-17 11:56:03,2025-10-09,EXPIRED
P04788,Ballpoint Pen,2024-10-09,2024-10-26 12:28:48,2027-01-29,AVAILABLE
P04789,Instant Coffee,2026-08-21,2026-09-15 01:17:00,2027-11-15,AVAILABLE
P04790,Shampoo,2025-07-29,2025-08-20 11:19:40,2026-01-15,EXPIRED
P04791,Laundry Detergent,2023-10-27,2023-11-04 13:34:32,2024-06-10,EXPIRED
P04792,Mechanical Keyboard,2023-06-04,2023-07-03 07:53:35,2024-03-30,EXPIRED
P04793,Toothpaste,2023-12-20,2023-12-23 01:55:48,2025-10-22,EXPIRED
P04794,Power Bank,2024-05-14,2024-05-22 08:24:03,2025-01-04,EXPIRED
P04795,Laundry Detergent,2024-09-27,2024-10-03 04:00:06,2026-02-20,EXPIRED
P04796,Laundry Detergent,2026-09-08,2026-09-26 05:23:50,2028-02-03,AVAILABLE
P04797,Mechanical Keyboard,2026-01-31,2026-02-24 06:43:46,2026-08-06,EXPIRED
P04798,Mineral Water,2025-12-07,2025-12-11 23:49:40,2028-04-26,AVAILABLE
P04799,Shampoo,2023-01-19,2023-01-27 17:36:43,2023-08-13,EXPIRED
P04800,Hand Soap,2024-05-17,2024-06-10 12:38:00,2027-01-26,RESERVED
P04801,Dish Soap,2026-04-28,2026-05-21 09:41:31,2028-10-21,AVAILABLE
P04802,Laptop Stand,2023-04-05,2023-04-07 00:22:08,2023-10-17,EXPIRED
P04803,Green Tea,2023-07-24,2023-08-18 01:30:58,2023-09-10,EXPIRED
P04804,Toothpaste,2023-08-22,2023-09-05 07:17:35,2025-10-07,EXPIRED
P04805,Wireless Mouse,2026-09-01,2026-09-23 17:53:38,2028-07-18,AVAILABLE
P04806,Laptop Stand,2024-03-19,2024-04-03 00:33:23,2024-09-30,EXPIRED
P04807,Power Bank,2026-04-11,2026-05-06 02:39:16,2028-01-23,AVAILABLE
P04808,Green Tea,2025-01-14,2025-01-28 19:30:09,2027-05-03,AVAILABLE
P04809,Cereal,2025-03-08,2025-04-04 03:38:11,2027-10-22,AVAILABLE
P04810,Hand Soap,2023-06-10,2023-06-18 14:28:46,2024-03-04,EXPIRED
P04811,Dish Soap,2025-10-21,2025-11-04 04:54:27,2027-03-27,AVAILABLE
P04812,Orange Juice,2025-03-31,2025-04-04 04:47:25,2027-06-20,AVAILABLE
P04813,Laundry Detergent,2024-03-24,2024-03-25 11:23:31,2025-06-21,EXPIRED
P04814,Toothpaste,2023-07-21,2023-07-28 17:54:54,2026-04-24,EXPIRED
P04815,Chocolate,2023-04-06,2023-04-12 23:08:13,2024-12-17,EXPIRED
P04816,Mineral Water,2023-05-21,2023-05-31 09:50:25,2025-08-08,EXPIRED
P04817,Laptop Stand,2025-10-09,2025-10-23 06:46:13,2025-11-09,EXPIRED
P04818,Chocolate,2023-08-15,2023-08-18 14:26:49,2024-03-30,EXPIRED
P04819,Chocolate,2023-12-23,2024-01-13 21:06:23,2025-02-05,EXPIRED
P04820,Chocolate,2025-11-13,2025-11-21 03:38:25,2028-04-24,AVAILABLE
P04821,Shampoo,2024-06-20,2024-07-06 00:53:16,2026-09-23,AVAILABLE
P04822,Mineral Water,2026-01-08,2026-01-27 12:37:32,2028-10-23,AVAILABLE
P04823,Water Bottle,2025-02-11,2025-03-01 17:49:14,2025-03-19,EXPIRED
P04824,Wireless Mouse,2024-07-23,2024-08-10 07:31:43,2025-12-01,EXPIRED
P04825,Mineral Water,2024-04-09,2024-05-02 02:48:22,2025-05-14,EXPIRED
P04826,Bluetooth Speaker,2026-05-01,2026-05-05 21:41:10,2029-02-12,AVAILABLE
P04827,Mineral Water,2024-11-06,2024-11-26 07:17:04,2025-03-05,EXPIRED
P04828,Green Tea,2023-04-13,2023-04-26 23:59:43,2024-03-05,EXPIRED
P04829,Notebook,2023-07-12,2023-07-15 17:28:10,2024-04-29,EXPIRED
P04830,Dish Soap,2023-11-18,2023-11-27 15:07:33,2025-01-15,EXPIRED
P04831,Wireless Mouse,2023-06-29,2023-07-17 03:28:44,2025-10-26,EXPIRED
P04832,Mechanical Keyboard,2025-09-10,2025-09-21 21:28:33,2027-03-10,AVAILABLE
P04833,Hand Soap,2024-08-06,2024-08-25 19:28:39,2024-12-30,EXPIRED
P04834,Cereal,2023-11-27,2023-12-27 04:06:31,2024-09-06,EXPIRED
P04835,Power Bank,2024-07-25,2024-08-12 13:50:21,2026-12-27,AVAILABLE
P04836,Dish Soap,2023-07-14,2023-08-01 19:34:42,2024-03-08,EXPIRED
P04837,Wireless Mouse,2025-06-05,2025-06-08 15:13:40,2027-04-07,AVAILABLE
P04838,Instant Coffee,2023-07-13,2023-07-27 06:53:06,2024-07-21,EXPIRED
P04839,Ballpoint Pen,2025-08-02,2025-08-14 11:28:52,2026-08-31,EXPIRED
P04840,Shampoo,2023-07-31,2023-08-14 19:19:38,2025-12-17,EXPIRED
P04841,Water Bottle,2025-09-26,2025-10-26 17:32:04,2026-04-25,EXPIRED
P04842,Notebook,2024-03-08,2024-03-25 22:45:37,2024-07-25,EXPIRED
P04843,Mineral Water,2025-12-22,2025-12-28 22:03:07,2027-03-21,RESERVED
P04844,Wireless Mouse,2025-10-20,2025-10-23 13:31:22,2026-12-10,RESERVED
P04845,Laptop Stand,2023-08-24,2023-09-06 07:51:44,2024-10-25,EXPIRED
P04846,Shampoo,2023-09-04,2023-09-30 07:04:30,2025-08-08,EXPIRED
P04847,Green Tea,2026-03-30,2026-04-01 01:19:44,2026-08-22,EXPIRED
P04848,Instant Coffee,2025-09-02,2025-09-24 05:38:22,2027-05-30,AVAILABLE
P04849,Dish Soap,2024-11-12,2024-11-29 07:21:44,2027-04-23,AVAILABLE
P04850,Ballpoint Pen,2026-04-15,2026-05-03 03:09:30,2027-12-06,RESERVED
P04851,Water Bottle,2026-05-21,2026-06-11 04:09:58,2028-04-09,AVAILABLE
P04852,Power Bank,2025-06-15,2025-07-11 08:04:53,2026-07-27,EXPIRED
P04853,Cereal,2026-02-16,2026-03-17 02:40:47,2027-08-20,AVAILABLE
P04854,Shampoo,2024-01-03,2024-02-01 03:52:45,2025-02-09,EXPIRED
P04855,Water Bottle,2025-04-11,2025-05-07 01:07:44,2027-07-29,AVAILABLE
P04856,Notebook,2026-05-10,2026-05-19 11:16:06,2027-08-08,RESERVED
P04857,Laundry Detergent,2024-05-30,2024-06-10 07:06:20,2026-09-04,EXPIRED
P04858,Water Bottle,2023-04-18,2023-05-08 07:00:57,2026-01-05,EXPIRED
P04859,Ballpoint Pen,2025-03-30,2025-04-16 21:47:21,2025-08-01,EXPIRED
P04860,Notebook,2025-05-27,2025-06-19 21:19:23,2028-02-02,AVAILABLE
P04861,Green Tea,2023-03-07,2023-03-25 23:39:38,2024-03-31,EXPIRED
P04862,Power Bank,2025-08-01,2025-08-17 20:49:57,2026-09-20,EXPIRED
P04863,Cereal,2026-08-25,2026-09-19 02:26:25,2029-07-30,AVAILABLE
P04864,USB Cable,2024-02-27,2024-03-05 19:30:12,2026-08-23,EXPIRED
P04865,Toothpaste,2023-02-28,2023-03-16 22:08:07,2025-12-04,EXPIRED
P04866,Instant Coffee,2024-08-24,2024-08-25 22:58:11,2026-06-10,EXPIRED
P04867,Bluetooth Speaker,2026-08-25,2026-08-31 20:10:47,2028-03-30,AVAILABLE
P04868,Ballpoint Pen,2025-12-11,2026-01-09 23:14:51,2026-05-15,EXPIRED
P04869,Shampoo,2024-05-18,2024-05-24 23:15:27,2026-03-19,EXPIRED
P04870,Chocolate,2023-01-30,2023-02-03 17:06:41,2024-11-24,EXPIRED
P04871,Chocolate,2024-07-03,2024-07-09 09:48:35,2026-02-07,EXPIRED
P04872,Bluetooth Speaker,2023-03-05,2023-03-11 22:17:15,2025-04-26,EXPIRED
P04873,Wireless Mouse,2026-05-15,2026-05-25 14:26:22,2026-12-17,AVAILABLE
P04874,Dish Soap,2025-05-22,2025-06-13 02:21:26,2027-01-03,AVAILABLE
P04875,Ballpoint Pen,2026-03-25,2026-04-04 03:19:31,2028-04-12,AVAILABLE
P04876,Ballpoint Pen,2026-01-09,2026-01-29 22:04:57,2027-03-09,AVAILABLE
P04877,Mechanical Keyboard,2024-10-17,2024-10-27 20:08:19,2026-09-12,EXPIRED
P04878,USB Cable,2026-07-21,2026-08-10 01:32:58,2027-08-21,AVAILABLE
P04879,USB Cable,2023-05-25,2023-05-26 20:12:20,2025-08-17,EXPIRED
P04880,Cereal,2026-06-16,2026-06-25 05:47:36,2027-07-10,AVAILABLE
P04881,Laptop Stand,2024-05-10,2024-05-26 12:45:24,2026-11-12,AVAILABLE
P04882,Shampoo,2026-05-13,2026-05-19 05:36:22,2027-10-03,AVAILABLE
P04883,Laundry Detergent,2025-02-24,2025-02-27 18:16:05,2025-08-06,EXPIRED
P04884,Laundry Detergent,2024-01-28,2024-02-17 21:01:53,2025-06-13,EXPIRED
P04885,Chocolate,2023-09-17,2023-09-26 20:40:54,2024-08-16,EXPIRED
P04886,Chocolate,2023-01-05,2023-01-18 13:43:11,2025-12-19,EXPIRED
P04887,Water Bottle,2024-07-07,2024-07-21 06:12:51,2026-04-12,EXPIRED
P04888,Dish Soap,2026-01-08,2026-01-28 07:15:16,2027-04-10,AVAILABLE
P04889,Orange Juice,2023-07-29,2023-08-22 16:24:27,2025-01-30,EXPIRED
P04890,Mechanical Keyboard,2025-11-05,2025-11-19 11:51:18,2026-11-29,AVAILABLE
P04891,Instant Coffee,2026-02-25,2026-03-03 12:39:08,2028-01-31,AVAILABLE
P04892,Wireless Mouse,2025-07-10,2025-07-19 06:21:52,2025-09-22,EXPIRED
P04893,Notebook,2024-12-12,2024-12-18 17:40:57,2027-02-14,AVAILABLE
P04894,Green Tea,2025-09-09,2025-10-06 20:55:00,2027-03-02,AVAILABLE
P04895,Shampoo,2026-05-24,2026-06-21 13:18:20,2027-08-26,AVAILABLE
P04896,Ballpoint Pen,2023-07-16,2023-08-12 15:25:21,2023-11-14,EXPIRED
P04897,Green Tea,2025-07-26,2025-07-30 17:33:12,2025-09-03,EXPIRED
P04898,Mechanical Keyboard,2026-04-27,2026-05-23 18:21:17,2027-03-02,AVAILABLE
P04899,Dish Soap,2025-07-21,2025-07-28 08:18:47,2027-11-21,RESERVED
P04900,Mineral Water,2025-11-23,2025-12-07 13:28:37,2027-06-04,AVAILABLE
P04901,Wireless Mouse,2025-04-16,2025-05-09 03:29:44,2025-06-30,EXPIRED
P04902,Shampoo,2026-04-11,2026-04-13 02:54:16,2028-10-28,AVAILABLE
P04903,USB Cable,2023-02-23,2023-03-20 06:51:33,2024-09-08,EXPIRED
P04904,Toothpaste,2023-07-30,2023-08-10 12:30:53,2025-09-01,EXPIRED
P04905,Shampoo,2025-06-04,2025-06-28 10:00:41,2027-05-28,AVAILABLE
P04906,Laundry Detergent,2025-10-31,2025-11-14 00:43:06,2028-01-26,AVAILABLE
P04907,Chocolate,2024-06-18,2024-07-07 23:43:11,2025-09-09,EXPIRED
P04908,Chocolate,2024-02-29,2024-03-12 19:56:40,2026-09-06,EXPIRED
P04909,Notebook,2025-11-25,2025-12-06 00:56:59,2027-07-17,AVAILABLE
P04910,Wireless Mouse,2026-08-15,2026-08-26 13:26:54,2027-12-27,AVAILABLE
P04911,Cereal,2024-09-28,2024-09-30 04:52:45,2026-04-22,EXPIRED
P04912,Laptop Stand,2026-02-22,2026-03-08 02:30:53,2027-03-02,AVAILABLE
P04913,Toothpaste,2023-09-12,2023-09-22 01:54:08,2025-08-18,EXPIRED
P04914,Mechanical Keyboard,2024-05-07,2024-05-25 10:55:45,2027-03-07,AVAILABLE
P04915,Laptop Stand,2025-02-09,2025-03-09 09:32:50,2025-08-04,EXPIRED
P04916,Shampoo,2024-05-25,2024-06-11 20:18:36,2025-11-06,EXPIRED
P04917,Shampoo,2026-02-19,2026-03-19 01:42:24,2027-04-26,AVAILABLE
P04918,Dish Soap,2024-12-19,2024-12-27 00:46:53,2025-07-10,EXPIRED
P04919,Wireless Mouse,2023-06-12,2023-07-10 04:28:35,2025-08-22,EXPIRED
P04920,Ballpoint Pen,2024-11-13,2024-11-16 19:41:13,2024-12-16,EXPIRED
P04921,Chocolate,2026-08-09,2026-09-08 16:55:23,2027-07-06,RESERVED
P04922,Hand Soap,2025-07-30,2025-08-11 16:24:48,2028-04-27,AVAILABLE
P04923,Water Bottle,2025-03-04,2025-03-15 13:09:03,2026-05-05,EXPIRED
P04924,Shampoo,2024-03-17,2024-03-26 09:43:18,2025-06-22,EXPIRED
P04925,Ballpoint Pen,2024-06-12,2024-06-25 16:49:38,2026-08-24,EXPIRED
P04926,Instant Coffee,2024-04-21,2024-04-25 17:04:43,2025-03-25,EXPIRED
P04927,Water Bottle,2024-03-31,2024-04-12 14:43:26,2024-10-28,EXPIRED
P04928,Hand Soap,2023-04-08,2023-04-23 07:53:07,2025-11-07,EXPIRED
P04929,Chocolate,2024-07-27,2024-08-24 11:29:29,2027-01-19,AVAILABLE
P04930,Shampoo,2023-10-06,2023-10-19 07:25:28,2025-08-07,EXPIRED
P04931,Mechanical Keyboard,2025-11-09,2025-11-29 17:58:56,2028-09-04,AVAILABLE
P04932,Green Tea,2025-10-12,2025-11-06 11:39:17,2027-06-21,RESERVED
P04933,Instant Coffee,2024-08-07,2024-09-03 16:45:21,2025-06-16,EXPIRED
P04934,Notebook,2024-12-26,2025-01-23 06:28:47,2027-08-24,AVAILABLE
P04935,Wireless Mouse,2024-05-06,2024-05-22 12:29:26,2027-02-03,AVAILABLE
P04936,Wireless Mouse,2024-06-27,2024-07-25 04:01:55,2027-04-06,AVAILABLE
P04937,Toothpaste,2024-12-27,2024-12-30 09:38:28,2027-01-14,AVAILABLE
P04938,Chocolate,2023-06-30,2023-07-03 10:48:30,2024-09-27,EXPIRED
P04939,Water Bottle,2023-05-02,2023-05-22 18:03:50,2023-08-06,EXPIRED
P04940,Mechanical Keyboard,2026-03-15,2026-04-12 08:47:02,2028-07-29,AVAILABLE
P04941,Mineral Water,2025-01-01,2025-01-25 16:09:15,2026-09-17,EXPIRED
P04942,Green Tea,2024-12-04,2024-12-12 16:51:21,2027-05-18,AVAILABLE
P04943,Instant Coffee,2024-12-01,2024-12-07 06:55:43,2025-09-23,EXPIRED
P04944,Shampoo,2025-05-30,2025-06-01 20:43:58,2025-07-26,EXPIRED
P04945,Mechanical Keyboard,2024-06-16,2024-07-01 00:54:36,2024-12-24,EXPIRED
P04946,USB Cable,2023-05-03,2023-05-27 07:52:19,2025-06-11,EXPIRED
P04947,Shampoo,2023-06-09,2023-06-12 19:44:48,2026-05-01,EXPIRED
P04948,Notebook,2026-04-26,2026-05-20 12:53:20,2026-11-06,AVAILABLE
P04949,Laundry Detergent,2023-07-28,2023-08-19 10:32:13,2026-03-01,EXPIRED
P04950,Green Tea,2025-04-02,2025-04-16 02:19:46,2027-01-19,AVAILABLE
P04951,Toothpaste,2025-05-20,2025-06-19 02:32:41,2027-10-03,AVAILABLE
P04952,Hand Soap,2023-01-01,2023-01-10 23:29:46,2025-05-22,EXPIRED
P04953,Mineral Water,2026-08-26,2026-09-23 12:35:56,2027-07-23,RESERVED
P04954,Ballpoint Pen,2023-02-02,2023-02-26 11:45:08,2025-03-28,EXPIRED
P04955,Mineral Water,2024-12-03,2024-12-23 18:23:01,2025-05-20,EXPIRED
P04956,Green Tea,2023-12-03,2023-12-26 07:44:14,2024-01-09,EXPIRED
P04957,Laptop Stand,2026-03-22,2026-04-14 05:31:27,2027-11-27,AVAILABLE
P04958,Cereal,2024-07-23,2024-08-19 15:43:15,2027-01-03,AVAILABLE
P04959,Bluetooth Speaker,2023-05-18,2023-05-27 01:22:04,2024-09-01,EXPIRED
P04960,USB Cable,2025-12-25,2026-01-07 12:02:19,2028-10-12,AVAILABLE
P04961,Toothpaste,2024-05-13,2024-05-20 17:37:53,2024-12-13,EXPIRED
P04962,Green Tea,2025-07-18,2025-08-11 23:32:21,2026-07-26,EXPIRED
P04963,Green Tea,2025-07-21,2025-07-31 09:52:08,2025-08-25,EXPIRED
P04964,Water Bottle,2024-11-01,2024-11-21 08:18:06,2025-01-04,EXPIRED
P04965,Laptop Stand,2024-04-07,2024-05-03 16:30:41,2025-08-12,EXPIRED
P04966,Orange Juice,2023-06-18,2023-07-06 23:43:44,2025-10-27,EXPIRED
P04967,Shampoo,2024-09-27,2024-10-27 15:30:19,2025-05-10,EXPIRED
P04968,Water Bottle,2023-07-04,2023-07-11 11:04:32,2024-08-21,EXPIRED
P04969,Wireless Mouse,2023-10-17,2023-10-29 16:23:12,2025-05-16,EXPIRED
P04970,Shampoo,2024-10-13,2024-10-31 02:22:13,2026-11-28,RESERVED
P04971,Laptop Stand,2023-09-01,2023-09-17 17:38:20,2025-09-03,EXPIRED
P04972,Ballpoint Pen,2026-06-23,2026-06-25 18:33:19,2026-12-25,AVAILABLE
P04973,Laundry Detergent,2025-02-07,2025-02-18 11:51:33,2025-10-21,EXPIRED
P04974,Mineral Water,2025-08-01,2025-08-13 19:11:13,2026-10-25,AVAILABLE
P04975,Notebook,2024-03-27,2024-04-06 17:48:36,2024-10-30,EXPIRED
P04976,Laundry Detergent,2023-03-26,2023-04-19 01:12:34,2023-09-05,EXPIRED
P04977,Green Tea,2025-02-27,2025-03-06 08:08:45,2026-03-18,EXPIRED
P04978,Chocolate,2023-11-18,2023-11-22 22:38:56,2026-01-13,EXPIRED
P04979,Notebook,2025-08-06,2025-08-30 07:48:54,2025-12-20,EXPIRED
P04980,Notebook,2023-07-28,2023-08-03 02:32:20,2024-07-08,EXPIRED
P04981,Hand Soap,2024-01-31,2024-02-10 02:05:18,2026-06-01,EXPIRED
P04982,USB Cable,2024-02-07,2024-02-15 02:21:56,2026-03-07,EXPIRED
P04983,Orange Juice,2024-02-05,2024-03-04 01:04:20,2025-06-06,EXPIRED
P04984,Mechanical Keyboard,2024-01-24,2024-01-26 09:18:00,2026-09-01,EXPIRED
P04985,Toothpaste,2025-12-27,2025-12-30 21:45:06,2026-05-03,EXPIRED
P04986,Ballpoint Pen,2025-04-14,2025-04-26 19:35:19,2027-02-13,AVAILABLE
P04987,Toothpaste,2025-04-13,2025-05-07 22:27:15,2027-01-28,AVAILABLE
P04988,Chocolate,2023-09-03,2023-09-29 17:47:11,2024-04-21,EXPIRED
P04989,Bluetooth Speaker,2025-04-12,2025-05-02 19:17:21,2026-03-20,EXPIRED
P04990,Mechanical Keyboard,2025-05-03,2025-05-13 21:05:59,2025-12-29,EXPIRED
P04991,Wireless Mouse,2025-05-08,2025-05-12 22:47:24,2027-07-26,RESERVED
P04992,Ballpoint Pen,2023-07-11,2023-07-12 01:57:48,2024-05-07,EXPIRED
P04993,Laptop Stand,2024-05-27,2024-06-01 23:07:25,2025-04-11,EXPIRED
P04994,Shampoo,2025-10-28,2025-11-27 04:09:43,2026-05-17,EXPIRED
P04995,Hand Soap,2024-12-29,2025-01-28 20:25:10,2027-03-19,AVAILABLE
P04996,Notebook,2025-02-20,2025-02-25 00:33:12,2026-09-27,AVAILABLE
P04997,Notebook,2023-06-26,2023-07-20 00:00:22,2024-11-08,EXPIRED
P04998,Bluetooth Speaker,2026-09-17,2026-10-13 20:40:59,2028-10-06,AVAILABLE
P04999,Bluetooth Speaker,2023-09-29,2023-10-17 20:29:03,2024-12-14,EXPIRED
P05000,Laptop Stand,2023-10-26,2023-10-27 01:41:42,2026-06-30,EXPIRED
P05001,Green Tea,2026-02-18,2026-03-01 19:31:47,2026-12-08,AVAILABLE
P05002,Water Bottle,2026-02-13,2026-02-28 03:09:39,2028-02-29,AVAILABLE
P05003,Chocolate,2024-11-16,2024-11-22 22:51:02,2026-10-25,RESERVED
P05004,Dish Soap,2026-08-08,2026-08-09 22:59:09,2029-07-29,AVAILABLE
P05005,Wireless Mouse,2025-02-17,2025-02-19 09:35:01,2026-03-09,EXPIRED
P05006,Laptop Stand,2024-06-20,2024-06-21 13:50:22,2026-03-27,EXPIRED
P05007,Hand Soap,2024-06-23,2024-07-08 12:44:38,2026-06-21,EXPIRED
P05008,Mechanical Keyboard,2026-04-01,2026-04-02 08:55:05,2029-02-23,RESERVED
P05009,Notebook,2025-10-31,2025-11-11 13:25:44,2027-05-15,AVAILABLE
P05010,Mechanical Keyboard,2023-07-12,2023-08-10 12:21:40,2025-08-05,EXPIRED
P05011,Shampoo,2023-10-03,2023-10-11 16:35:31,2026-09-08,EXPIRED
P05012,Dish Soap,2025-06-25,2025-07-19 12:22:27,2026-11-23,AVAILABLE
P05013,Water Bottle,2025-03-08,2025-03-30 01:26:41,2025-12-25,EXPIRED
P05014,Bluetooth Speaker,2026-04-26,2026-04-27 02:06:51,2027-06-26,AVAILABLE
P05015,Mineral Water,2023-01-19,2023-02-18 08:30:53,2024-09-07,EXPIRED
P05016,Toothpaste,2023-06-13,2023-07-08 18:39:00,2024-09-23,EXPIRED
P05017,Dish Soap,2023-02-04,2023-02-11 10:07:48,2024-08-12,EXPIRED
P05018,Dish Soap,2026-04-16,2026-05-12 10:46:15,2027-04-26,RESERVED
P05019,Notebook,2024-08-16,2024-08-26 02:37:45,2025-05-22,EXPIRED
P05020,Green Tea,2025-07-30,2025-08-25 18:46:03,2027-09-08,AVAILABLE
P05021,Chocolate,2025-06-21,2025-06-26 17:15:37,2027-07-25,AVAILABLE
P05022,Shampoo,2025-08-29,2025-09-05 20:03:52,2027-08-07,RESERVED
P05023,Instant Coffee,2023-09-16,2023-10-08 23:25:31,2023-11-01,EXPIRED
P05024,Laundry Detergent,2024-06-07,2024-07-05 16:48:33,2026-10-12,RESERVED
P05025,Dish Soap,2025-04-27,2025-05-24 10:24:44,2026-03-28,EXPIRED
P05026,Notebook,2023-12-08,2023-12-20 21:42:34,2025-01-21,EXPIRED
P05027,Laptop Stand,2025-12-12,2026-01-10 05:45:34,2026-01-14,EXPIRED
P05028,Power Bank,2025-12-15,2025-12-22 04:15:23,2027-03-19,AVAILABLE
P05029,Shampoo,2025-11-10,2025-11-27 10:27:34,2027-08-12,RESERVED
P05030,Shampoo,2025-09-20,2025-10-20 13:40:31,2028-08-13,AVAILABLE
P05031,Ballpoint Pen,2025-03-28,2025-04-06 10:51:35,2026-07-19,EXPIRED
P05032,Hand Soap,2024-07-04,2024-07-28 08:36:20,2027-04-02,AVAILABLE
P05033,Bluetooth Speaker,2023-06-12,2023-06-20 11:40:12,2023-12-25,EXPIRED
P05034,Hand Soap,2024-10-22,2024-11-20 11:43:50,2026-09-27,AVAILABLE
P05035,Laptop Stand,2025-10-27,2025-11-19 19:31:17,2028-06-19,AVAILABLE
P05036,USB Cable,2023-05-12,2023-06-04 20:18:33,2025-08-09,EXPIRED
P05037,Laptop Stand,2025-05-27,2025-06-11 10:48:07,2026-02-22,EXPIRED
P05038,Ballpoint Pen,2026-06-21,2026-07-07 13:16:21,2027-10-22,AVAILABLE
P05039,Ballpoint Pen,2025-04-12,2025-04-24 10:04:49,2027-05-15,RESERVED
P05040,Shampoo,2024-09-28,2024-10-27 03:39:25,2027-04-18,AVAILABLE
P05041,Ballpoint Pen,2025-05-24,2025-06-01 23:00:58,2025-10-03,EXPIRED
P05042,Notebook,2024-02-28,2024-03-11 23:32:52,2025-04-09,EXPIRED
P05043,Mechanical Keyboard,2023-08-14,2023-08-27 06:53:02,2024-03-06,EXPIRED
P05044,Cereal,2026-03-24,2026-04-09 20:40:09,2027-04-11,AVAILABLE
P05045,Bluetooth Speaker,2023-09-16,2023-10-03 08:48:34,2024-12-29,EXPIRED
P05046,Chocolate,2026-09-19,2026-10-09 05:30:24,2029-02-05,AVAILABLE
P05047,Mechanical Keyboard,2026-03-08,2026-03-29 16:49:16,2028-09-15,RESERVED
P05048,Mechanical Keyboard,2023-06-19,2023-07-15 20:55:32,2023-09-25,EXPIRED
P05049,Green Tea,2023-01-17,2023-02-12 06:12:58,2024-10-22,EXPIRED
P05050,Laundry Detergent,2023-01-11,2023-01-14 10:55:14,2025-07-27,EXPIRED
P05051,Instant Coffee,2025-02-06,2025-03-04 16:25:25,2027-11-28,AVAILABLE
P05052,Orange Juice,2024-10-30,2024-11-08 08:26:56,2024-12-31,EXPIRED
P05053,Orange Juice,2024-05-16,2024-06-04 04:57:25,2024-09-06,EXPIRED
P05054,Ballpoint Pen,2025-06-14,2025-06-30 08:59:47,2027-10-17,RESERVED
P05055,Bluetooth Speaker,2025-10-12,2025-10-17 01:40:21,2027-01-07,AVAILABLE
P05056,Chocolate,2026-07-02,2026-07-21 02:06:38,2027-06-10,RESERVED
P05057,Dish Soap,2024-12-15,2024-12-29 14:47:40,2025-11-24,EXPIRED
P05058,Dish Soap,2025-01-16,2025-02-09 01:10:05,2027-02-16,AVAILABLE
P05059,Water Bottle,2026-02-14,2026-02-22 00:43:31,2028-09-30,AVAILABLE
P05060,Cereal,2026-01-29,2026-02-03 02:58:10,2028-04-29,AVAILABLE
P05061,Shampoo,2024-06-16,2024-06-23 19:23:25,2027-03-21,RESERVED
P05062,Dish Soap,2024-06-30,2024-07-10 23:25:00,2027-01-29,AVAILABLE
P05063,Ballpoint Pen,2023-02-15,2023-03-14 15:53:21,2023-09-01,EXPIRED
P05064,Notebook,2026-03-12,2026-03-16 19:32:04,2028-10-31,AVAILABLE
P05065,Orange Juice,2025-01-28,2025-01-31 04:36:43,2026-09-17,EXPIRED
P05066,Chocolate,2023-07-16,2023-08-11 09:38:49,2024-07-18,EXPIRED
P05067,Cereal,2024-02-26,2024-03-19 03:27:58,2025-10-12,EXPIRED
P05068,Ballpoint Pen,2026-01-13,2026-01-19 16:48:43,2027-06-27,AVAILABLE
P05069,Cereal,2026-09-19,2026-10-08 15:17:28,2029-04-17,AVAILABLE
P05070,Orange Juice,2025-02-15,2025-03-12 10:37:57,2025-05-31,EXPIRED
P05071,Hand Soap,2023-02-08,2023-02-20 10:19:46,2024-08-30,EXPIRED
P05072,Water Bottle,2026-07-31,2026-08-27 09:14:49,2029-01-30,AVAILABLE
P05073,Hand Soap,2026-09-08,2026-09-24 03:21:55,2029-01-25,AVAILABLE
P05074,Laptop Stand,2023-10-16,2023-11-09 00:53:37,2025-05-12,EXPIRED
P05075,Ballpoint Pen,2023-04-21,2023-05-07 12:44:15,2025-01-21,EXPIRED
P05076,Power Bank,2024-12-09,2024-12-16 11:37:29,2027-08-21,AVAILABLE
P05077,Mechanical Keyboard,2026-09-21,2026-09-23 03:07:21,2028-03-20,AVAILABLE
P05078,Toothpaste,2024-04-13,2024-05-08 09:39:16,2025-09-17,EXPIRED
P05079,USB Cable,2026-09-12,2026-09-21 22:34:30,2027-07-12,AVAILABLE
P05080,Orange Juice,2025-01-18,2025-02-02 16:21:25,2026-07-23,EXPIRED
P05081,Power Bank,2024-04-02,2024-04-13 08:41:46,2027-01-26,AVAILABLE
P05082,Power Bank,2025-03-16,2025-04-03 10:56:41,2027-05-21,AVAILABLE
P05083,Water Bottle,2026-06-22,2026-07-14 10:09:15,2027-05-14,AVAILABLE
P05084,Orange Juice,2025-02-02,2025-02-14 17:01:53,2027-02-06,AVAILABLE
P05085,Ballpoint Pen,2024-09-09,2024-10-06 15:23:59,2027-08-02,AVAILABLE
P05086,Shampoo,2025-04-04,2025-04-06 04:50:57,2026-10-23,RESERVED
P05087,Power Bank,2024-02-01,2024-02-15 05:15:13,2025-11-10,EXPIRED
P05088,Toothpaste,2023-01-04,2023-01-14 00:29:06,2024-07-02,EXPIRED
P05089,Mineral Water,2026-04-29,2026-05-14 20:45:06,2027-11-01,RESERVED
P05090,Hand Soap,2026-04-23,2026-05-09 23:51:51,2027-10-07,AVAILABLE
P05091,Power Bank,2026-02-12,2026-02-24 22:20:36,2028-02-08,AVAILABLE
P05092,Dish Soap,2024-03-19,2024-04-04 09:23:45,2026-07-21,EXPIRED
P05093,Mechanical Keyboard,2023-09-09,2023-09-24 00:12:38,2025-12-12,EXPIRED
P05094,Power Bank,2023-02-09,2023-02-12 14:22:39,2023-05-13,EXPIRED
P05095,Mechanical Keyboard,2023-08-03,2023-08-18 23:02:24,2026-04-01,EXPIRED
P05096,Notebook,2026-08-16,2026-08-25 18:02:31,2029-02-16,RESERVED
P05097,Ballpoint Pen,2023-12-31,2024-01-17 10:20:43,2024-08-17,EXPIRED
P05098,Mineral Water,2023-11-16,2023-11-20 23:51:23,2025-04-13,EXPIRED
P05099,Laundry Detergent,2026-04-13,2026-04-27 14:25:43,2027-10-06,AVAILABLE
P05100,Water Bottle,2025-05-27,2025-06-12 07:23:56,2027-06-25,RESERVED
P05101,Dish Soap,2026-05-02,2026-05-16 01:31:03,2028-12-17,AVAILABLE
P05102,Bluetooth Speaker,2025-12-29,2026-01-16 06:17:49,2026-07-21,EXPIRED
P05103,Water Bottle,2024-04-17,2024-05-13 11:52:06,2025-06-18,EXPIRED
P05104,Ballpoint Pen,2023-01-15,2023-01-18 08:12:03,2025-09-29,EXPIRED
P05105,Chocolate,2023-12-04,2023-12-20 20:19:39,2025-04-11,EXPIRED
P05106,Shampoo,2025-04-09,2025-05-07 21:59:14,2027-02-10,AVAILABLE
P05107,Notebook,2025-04-27,2025-05-12 02:44:17,2028-04-26,AVAILABLE
P05108,Water Bottle,2023-01-23,2023-02-14 01:58:29,2024-06-03,EXPIRED
P05109,Orange Juice,2026-07-11,2026-07-25 11:35:52,2027-06-20,AVAILABLE
P05110,Wireless Mouse,2025-11-17,2025-11-23 10:11:42,2028-04-15,AVAILABLE
P05111,Hand Soap,2026-04-25,2026-05-04 22:49:51,2026-10-11,AVAILABLE
P05112,Dish Soap,2025-12-07,2025-12-20 13:37:06,2026-07-06,EXPIRED
P05113,Bluetooth Speaker,2023-09-21,2023-09-28 05:04:16,2024-09-25,EXPIRED
P05114,Cereal,2023-11-22,2023-12-18 12:05:59,2024-07-30,EXPIRED
P05115,Notebook,2025-09-28,2025-10-24 20:34:36,2026-08-24,EXPIRED
P05116,Cereal,2026-06-21,2026-07-19 09:25:48,2028-05-03,AVAILABLE
P05117,Green Tea,2026-07-12,2026-08-02 08:24:58,2028-09-11,RESERVED
P05118,Water Bottle,2024-01-06,2024-01-18 21:52:20,2025-08-31,EXPIRED
P05119,Chocolate,2023-06-06,2023-06-10 16:06:51,2025-06-06,EXPIRED
P05120,USB Cable,2024-03-13,2024-03-26 14:12:32,2024-05-19,EXPIRED
P05121,Cereal,2023-10-23,2023-10-25 06:35:52,2024-06-14,EXPIRED
P05122,Notebook,2024-03-19,2024-04-03 23:27:32,2025-12-25,EXPIRED
P05123,Power Bank,2026-01-04,2026-01-29 08:55:31,2026-07-17,EXPIRED
P05124,Green Tea,2025-02-21,2025-03-15 04:10:01,2025-08-22,EXPIRED
P05125,Green Tea,2026-09-17,2026-10-04 07:12:15,2028-08-09,AVAILABLE
P05126,Mechanical Keyboard,2023-07-19,2023-07-23 05:28:10,2024-10-15,EXPIRED
P05127,Mineral Water,2023-01-24,2023-01-31 00:32:30,2025-05-11,EXPIRED
P05128,Chocolate,2025-08-17,2025-09-16 15:02:46,2025-10-07,EXPIRED
P05129,Shampoo,2026-09-16,2026-10-08 15:27:06,2028-02-13,AVAILABLE
P05130,Mineral Water,2023-10-23,2023-11-16 19:23:00,2026-08-07,EXPIRED
P05131,Shampoo,2026-09-01,2026-09-17 22:53:04,2029-01-30,AVAILABLE
P05132,Power Bank,2025-10-18,2025-10-23 01:18:34,2028-10-09,AVAILABLE
P05133,Laundry Detergent,2023-04-12,2023-05-04 09:06:32,2025-07-18,EXPIRED
P05134,Notebook,2024-03-31,2024-04-02 07:56:52,2025-03-27,EXPIRED
P05135,Mineral Water,2024-09-01,2024-09-22 10:50:25,2026-03-10,EXPIRED
P05136,Ballpoint Pen,2025-05-29,2025-06-13 09:06:37,2025-12-15,EXPIRED
P05137,Mineral Water,2023-03-17,2023-03-28 22:57:43,2024-07-31,EXPIRED
P05138,Ballpoint Pen,2023-02-11,2023-02-24 08:50:51,2023-05-19,EXPIRED
P05139,Notebook,2025-09-23,2025-10-14 00:14:19,2026-07-17,EXPIRED
P05140,Cereal,2026-09-17,2026-09-21 22:38:28,2027-02-02,AVAILABLE
P05141,Laundry Detergent,2023-05-22,2023-06-15 11:35:36,2024-01-11,EXPIRED
P05142,Water Bottle,2025-03-24,2025-04-11 04:37:25,2027-11-30,AVAILABLE
P05143,Toothpaste,2024-07-21,2024-07-27 03:21:59,2026-01-07,EXPIRED
P05144,USB Cable,2026-05-10,2026-05-18 20:57:25,2027-03-19,AVAILABLE
P05145,Laptop Stand,2025-04-02,2025-04-28 00:08:11,2025-12-19,EXPIRED
P05146,Shampoo,2026-03-16,2026-04-09 00:35:45,2029-02-22,AVAILABLE
P05147,Orange Juice,2024-07-19,2024-08-05 00:09:55,2025-12-05,EXPIRED
P05148,Water Bottle,2025-01-23,2025-02-10 07:48:32,2026-10-25,AVAILABLE
P05149,Ballpoint Pen,2026-08-01,2026-08-04 00:26:23,2029-03-06,AVAILABLE
P05150,Cereal,2023-06-22,2023-07-08 09:21:58,2024-12-22,EXPIRED
P05151,Mineral Water,2026-03-21,2026-03-28 22:45:22,2026-12-26,AVAILABLE
P05152,Laptop Stand,2023-06-16,2023-06-26 01:58:51,2024-01-13,EXPIRED
P05153,Bluetooth Speaker,2026-01-17,2026-01-25 06:05:36,2027-12-24,AVAILABLE
P05154,Dish Soap,2026-07-24,2026-08-12 22:30:36,2026-09-16,EXPIRED
P05155,Instant Coffee,2024-11-25,2024-12-21 19:29:06,2027-09-30,AVAILABLE
P05156,USB Cable,2025-09-22,2025-10-15 00:12:02,2027-09-29,AVAILABLE
P05157,Dish Soap,2025-07-14,2025-08-13 01:57:36,2027-04-26,AVAILABLE
P05158,Bluetooth Speaker,2024-06-03,2024-07-03 22:24:00,2026-05-09,EXPIRED
P05159,USB Cable,2025-03-14,2025-03-23 17:51:14,2027-01-29,AVAILABLE
P05160,Instant Coffee,2025-07-06,2025-07-19 17:16:07,2028-02-19,AVAILABLE
P05161,Toothpaste,2025-08-09,2025-09-06 21:27:54,2026-01-10,EXPIRED
P05162,Wireless Mouse,2025-03-05,2025-03-14 07:19:20,2027-10-22,RESERVED
P05163,Instant Coffee,2023-06-13,2023-07-04 15:48:15,2023-10-12,EXPIRED
P05164,Instant Coffee,2024-04-07,2024-04-13 08:37:50,2026-09-14,EXPIRED
P05165,Toothpaste,2024-11-13,2024-12-13 15:57:16,2026-11-09,AVAILABLE
P05166,Wireless Mouse,2024-09-10,2024-09-28 08:57:34,2025-01-06,EXPIRED
P05167,Notebook,2024-09-13,2024-10-06 14:46:51,2025-12-31,EXPIRED
P05168,Power Bank,2026-01-13,2026-01-16 11:24:01,2028-01-11,AVAILABLE
P05169,Laptop Stand,2025-09-17,2025-09-19 14:38:49,2027-10-24,AVAILABLE
P05170,Chocolate,2025-09-04,2025-09-18 03:06:06,2026-01-16,EXPIRED
P05171,Hand Soap,2026-03-25,2026-04-10 12:19:56,2028-10-30,AVAILABLE
P05172,Chocolate,2024-12-20,2025-01-03 10:29:09,2027-12-03,AVAILABLE
P05173,Toothpaste,2023-11-07,2023-11-13 12:43:36,2025-02-09,EXPIRED
P05174,Chocolate,2025-11-04,2025-11-15 08:43:01,2027-01-24,AVAILABLE
P05175,Wireless Mouse,2026-05-31,2026-06-17 08:43:24,2028-06-13,RESERVED
P05176,Shampoo,2023-01-24,2023-02-20 13:24:46,2024-03-01,EXPIRED
P05177,Shampoo,2023-05-19,2023-05-26 16:08:59,2025-10-04,EXPIRED
P05178,Laundry Detergent,2025-09-02,2025-09-04 19:49:55,2028-03-26,AVAILABLE
P05179,Toothpaste,2025-06-18,2025-07-08 11:29:02,2026-09-11,EXPIRED
P05180,Notebook,2026-03-03,2026-04-01 13:09:24,2027-07-02,AVAILABLE
P05181,Toothpaste,2026-04-21,2026-04-27 23:51:48,2028-11-15,AVAILABLE
P05182,USB Cable,2023-04-23,2023-05-08 07:22:07,2024-02-13,EXPIRED
P05183,Laundry Detergent,2026-05-07,2026-05-21 05:11:42,2026-08-11,EXPIRED
P05184,Shampoo,2026-01-10,2026-02-08 20:58:10,2027-09-20,AVAILABLE
P05185,Laptop Stand,2024-04-19,2024-04-26 21:49:15,2024-09-02,EXPIRED
P05186,Bluetooth Speaker,2024-03-17,2024-04-06 18:59:14,2025-09-14,EXPIRED
P05187,Green Tea,2025-02-15,2025-02-16 12:52:45,2025-05-12,EXPIRED
P05188,Mineral Water,2026-03-05,2026-03-14 22:14:43,2026-04-08,EXPIRED
P05189,Mineral Water,2026-06-07,2026-06-19 20:08:12,2028-06-04,AVAILABLE
P05190,Laundry Detergent,2025-03-13,2025-03-24 04:38:19,2025-10-14,EXPIRED
P05191,Bluetooth Speaker,2025-11-01,2025-11-12 07:30:45,2026-03-10,EXPIRED
P05192,Mechanical Keyboard,2025-02-22,2025-03-22 08:16:33,2027-02-10,AVAILABLE
P05193,Laundry Detergent,2025-09-07,2025-10-02 10:15:06,2026-06-02,EXPIRED
P05194,Notebook,2026-07-17,2026-08-11 16:50:00,2028-01-22,AVAILABLE
P05195,Orange Juice,2024-12-17,2024-12-27 04:33:51,2025-01-29,EXPIRED
P05196,Cereal,2024-05-22,2024-06-06 13:48:19,2025-03-18,EXPIRED
P05197,Orange Juice,2024-11-13,2024-12-09 00:30:35,2027-04-30,AVAILABLE
P05198,Dish Soap,2026-07-29,2026-08-13 17:25:01,2027-09-01,AVAILABLE
P05199,Instant Coffee,2026-04-23,2026-04-28 05:07:15,2026-10-23,AVAILABLE
P05200,Mechanical Keyboard,2023-07-10,2023-07-30 22:57:20,2025-11-07,EXPIRED
P05201,Shampoo,2024-03-03,2024-03-22 18:42:08,2026-11-24,AVAILABLE
P05202,Dish Soap,2025-09-18,2025-09-24 16:31:12,2026-03-23,EXPIRED
P05203,Green Tea,2023-11-19,2023-12-15 09:36:23,2026-04-04,EXPIRED
P05204,Laptop Stand,2026-03-26,2026-04-22 03:30:58,2028-07-06,AVAILABLE
P05205,Chocolate,2023-08-24,2023-09-07 00:15:12,2024-10-01,EXPIRED
P05206,Laundry Detergent,2026-02-14,2026-03-03 00:30:00,2026-04-24,EXPIRED
P05207,Cereal,2023-06-10,2023-07-03 01:11:33,2026-04-03,EXPIRED
P05208,Chocolate,2024-11-24,2024-12-16 02:09:01,2025-10-21,EXPIRED
P05209,Laptop Stand,2026-09-05,2026-09-30 00:05:46,2029-07-02,AVAILABLE
P05210,Chocolate,2025-01-20,2025-01-29 02:25:17,2027-12-06,AVAILABLE
P05211,Bluetooth Speaker,2026-09-10,2026-10-08 22:04:03,2028-04-13,AVAILABLE
P05212,Shampoo,2023-09-27,2023-10-25 14:20:41,2023-12-02,EXPIRED
P05213,Power Bank,2024-12-29,2025-01-04 12:43:43,2027-08-02,AVAILABLE
P05214,Green Tea,2023-12-16,2024-01-12 01:14:55,2026-04-09,EXPIRED
P05215,Mechanical Keyboard,2025-09-12,2025-09-30 10:18:47,2026-11-02,AVAILABLE
P05216,Wireless Mouse,2026-03-19,2026-03-31 16:31:09,2027-08-18,RESERVED
P05217,Laundry Detergent,2024-03-18,2024-03-31 17:45:41,2024-05-08,EXPIRED
P05218,Shampoo,2023-04-11,2023-05-07 02:55:16,2025-03-28,EXPIRED
P05219,Toothpaste,2026-05-02,2026-05-07 07:08:25,2029-02-19,AVAILABLE
P05220,Green Tea,2026-09-21,2026-10-09 10:32:45,2027-05-13,AVAILABLE
P05221,Toothpaste,2023-01-15,2023-01-19 11:02:46,2023-09-20,EXPIRED
P05222,Notebook,2025-06-04,2025-06-20 19:54:30,2026-03-31,EXPIRED
P05223,Wireless Mouse,2026-06-18,2026-06-23 11:04:36,2027-04-11,AVAILABLE
P05224,Power Bank,2026-02-25,2026-03-02 17:46:46,2028-03-18,AVAILABLE
P05225,Instant Coffee,2024-04-09,2024-05-02 04:36:28,2024-05-16,EXPIRED
P05226,Green Tea,2026-03-24,2026-04-14 06:48:30,2028-03-20,AVAILABLE
P05227,Laptop Stand,2026-04-30,2026-05-30 03:21:34,2028-06-29,AVAILABLE
P05228,Power Bank,2023-06-08,2023-06-22 06:51:38,2026-01-01,EXPIRED
P05229,USB Cable,2024-08-01,2024-08-21 05:01:57,2027-04-13,AVAILABLE
P05230,Toothpaste,2024-09-11,2024-10-04 03:50:19,2025-10-21,EXPIRED
P05231,Chocolate,2026-02-23,2026-03-21 14:52:15,2028-07-15,AVAILABLE
P05232,Mineral Water,2023-09-24,2023-10-06 19:05:33,2025-02-21,EXPIRED
P05233,USB Cable,2023-12-31,2024-01-10 20:36:50,2026-09-18,EXPIRED
P05234,Toothpaste,2024-04-27,2024-05-22 20:27:45,2026-12-27,AVAILABLE
P05235,Laptop Stand,2024-06-12,2024-06-22 06:40:19,2025-08-20,EXPIRED
P05236,Cereal,2024-09-15,2024-10-05 14:33:31,2025-09-17,EXPIRED
P05237,Ballpoint Pen,2025-02-09,2025-02-21 15:07:21,2027-06-20,RESERVED
P05238,Chocolate,2024-04-01,2024-04-30 16:55:43,2024-07-28,EXPIRED
P05239,Laptop Stand,2026-06-10,2026-07-10 18:03:48,2027-10-16,AVAILABLE
P05240,Laundry Detergent,2026-08-18,2026-08-19 20:18:08,2028-05-09,AVAILABLE
P05241,Notebook,2025-05-07,2025-05-09 20:01:46,2025-09-16,EXPIRED
P05242,Notebook,2024-08-10,2024-08-11 19:04:26,2026-09-04,EXPIRED
P05243,Hand Soap,2024-04-12,2024-04-28 13:08:18,2025-04-20,EXPIRED
P05244,Mineral Water,2025-02-21,2025-03-16 22:53:08,2025-12-05,EXPIRED
P05245,Orange Juice,2024-06-19,2024-07-09 04:59:02,2025-10-14,EXPIRED
P05246,Shampoo,2026-05-12,2026-05-20 01:38:48,2026-12-01,RESERVED
P05247,Green Tea,2026-07-13,2026-07-15 03:43:21,2027-06-11,AVAILABLE
P05248,Instant Coffee,2023-08-11,2023-09-03 03:48:29,2024-09-21,EXPIRED
P05249,Laptop Stand,2025-03-22,2025-04-01 02:16:31,2027-02-22,AVAILABLE
P05250,Notebook,2023-01-27,2023-02-25 00:40:04,2024-08-23,EXPIRED
P05251,Bluetooth Speaker,2026-06-04,2026-06-30 07:13:21,2028-01-13,AVAILABLE
P05252,Chocolate,2023-12-02,2023-12-08 18:34:40,2025-05-11,EXPIRED
P05253,Cereal,2026-06-16,2026-06-30 21:26:58,2029-03-27,AVAILABLE
P05254,USB Cable,2024-12-23,2024-12-31 19:01:50,2026-01-02,EXPIRED
P05255,Laptop Stand,2025-06-02,2025-06-27 05:47:19,2028-02-09,RESERVED
P05256,Instant Coffee,2025-04-04,2025-04-15 00:02:46,2026-06-23,EXPIRED
P05257,Bluetooth Speaker,2026-05-24,2026-06-12 00:36:02,2026-10-14,AVAILABLE
P05258,Chocolate,2025-07-17,2025-07-31 02:55:53,2027-05-16,AVAILABLE
P05259,Bluetooth Speaker,2025-07-13,2025-07-30 15:15:53,2027-06-08,AVAILABLE
P05260,Green Tea,2026-09-10,2026-09-12 22:58:18,2027-10-05,RESERVED
P05261,Instant Coffee,2023-09-13,2023-09-26 19:31:38,2024-08-02,EXPIRED
P05262,Mechanical Keyboard,2025-06-05,2025-06-20 11:51:55,2027-01-04,AVAILABLE
P05263,Instant Coffee,2026-06-27,2026-07-04 09:14:43,2028-10-23,AVAILABLE
P05264,Wireless Mouse,2024-07-21,2024-08-01 06:47:49,2025-08-30,EXPIRED
P05265,Orange Juice,2023-12-24,2024-01-10 15:35:44,2025-04-22,EXPIRED
P05266,Cereal,2025-07-24,2025-07-31 07:52:51,2028-07-04,AVAILABLE
P05267,Instant Coffee,2024-05-19,2024-05-20 15:14:17,2026-05-16,EXPIRED
P05268,Instant Coffee,2026-07-12,2026-08-10 21:13:03,2027-08-16,AVAILABLE
P05269,Shampoo,2024-09-27,2024-10-01 05:09:18,2027-06-28,AVAILABLE
P05270,Wireless Mouse,2026-07-21,2026-08-09 17:23:12,2029-03-16,AVAILABLE
P05271,Mechanical Keyboard,2024-05-10,2024-05-18 11:02:20,2024-11-04,EXPIRED
P05272,Mineral Water,2023-04-09,2023-04-14 07:52:08,2025-03-07,EXPIRED
P05273,Power Bank,2023-02-28,2023-03-16 22:05:23,2025-03-29,EXPIRED
P05274,Cereal,2025-12-30,2026-01-27 15:03:51,2027-07-29,RESERVED
P05275,Mechanical Keyboard,2024-07-13,2024-07-18 04:57:41,2026-04-16,EXPIRED
P05276,Cereal,2025-03-16,2025-03-26 02:05:37,2026-03-01,EXPIRED
P05277,Orange Juice,2025-02-01,2025-03-01 02:08:20,2026-06-22,EXPIRED
P05278,Dish Soap,2023-03-14,2023-03-30 16:04:37,2023-10-16,EXPIRED
P05279,Instant Coffee,2024-12-08,2025-01-06 00:22:45,2026-04-09,EXPIRED
P05280,Chocolate,2026-06-05,2026-06-14 02:39:45,2029-02-22,AVAILABLE
P05281,Cereal,2025-10-15,2025-11-12 10:22:31,2026-07-20,EXPIRED
P05282,Mineral Water,2025-06-04,2025-06-30 07:11:32,2026-03-30,EXPIRED
P05283,Green Tea,2025-04-18,2025-04-26 00:53:50,2027-10-16,AVAILABLE
P05284,Shampoo,2023-10-02,2023-10-30 02:42:42,2025-11-16,EXPIRED
P05285,Shampoo,2024-05-01,2024-05-12 04:00:55,2024-06-01,EXPIRED
P05286,Toothpaste,2025-06-11,2025-06-14 10:02:18,2026-05-22,EXPIRED
P05287,Mechanical Keyboard,2024-10-05,2024-10-25 17:42:24,2027-08-26,AVAILABLE
P05288,Shampoo,2026-05-04,2026-05-19 14:56:04,2028-02-19,AVAILABLE
P05289,Water Bottle,2025-05-15,2025-05-16 16:02:47,2025-08-30,EXPIRED
P05290,Power Bank,2023-04-01,2023-04-04 09:48:48,2025-09-02,EXPIRED
P05291,Power Bank,2023-04-13,2023-05-07 06:38:09,2026-01-31,EXPIRED
P05292,Dish Soap,2025-12-10,2025-12-27 17:06:34,2027-03-09,AVAILABLE
P05293,Green Tea,2025-03-11,2025-04-02 03:24:15,2025-11-29,EXPIRED
P05294,Shampoo,2025-11-06,2025-11-22 22:34:46,2027-11-27,AVAILABLE
P05295,Dish Soap,2024-12-24,2025-01-23 13:59:38,2025-04-26,EXPIRED
P05296,Orange Juice,2026-07-09,2026-07-11 21:37:24,2028-06-22,AVAILABLE
P05297,Laundry Detergent,2026-01-03,2026-01-28 05:24:30,2027-01-28,AVAILABLE
P05298,Mechanical Keyboard,2023-01-25,2023-02-10 04:45:31,2024-01-10,EXPIRED
P05299,Wireless Mouse,2026-07-31,2026-08-18 03:43:42,2028-04-15,AVAILABLE
P05300,Bluetooth Speaker,2026-07-18,2026-07-25 14:13:22,2028-12-24,AVAILABLE
P05301,Wireless Mouse,2025-08-12,2025-08-29 07:46:46,2025-11-08,EXPIRED
P05302,Laundry Detergent,2024-03-30,2024-04-01 12:38:28,2027-03-30,AVAILABLE
P05303,Notebook,2026-07-11,2026-07-30 11:06:41,2028-01-14,AVAILABLE
P05304,Chocolate,2026-05-29,2026-06-16 06:26:29,2026-12-07,AVAILABLE
P05305,Mineral Water,2025-09-11,2025-09-20 18:02:27,2027-11-26,AVAILABLE
P05306,Dish Soap,2025-05-05,2025-05-20 11:04:55,2027-04-26,AVAILABLE
P05307,Power Bank,2023-06-22,2023-07-06 09:22:27,2023-10-23,EXPIRED
P05308,Orange Juice,2026-05-29,2026-06-24 11:52:25,2027-08-26,AVAILABLE
P05309,Instant Coffee,2023-07-03,2023-07-20 01:58:40,2026-01-16,EXPIRED
P05310,Water Bottle,2026-04-20,2026-05-20 04:01:46,2026-07-25,EXPIRED
P05311,Bluetooth Speaker,2024-12-16,2025-01-02 11:27:21,2026-03-29,EXPIRED
P05312,Instant Coffee,2025-08-19,2025-09-11 15:30:50,2027-01-26,AVAILABLE
P05313,Water Bottle,2023-07-23,2023-08-05 15:44:35,2026-05-03,EXPIRED
P05314,Power Bank,2026-04-27,2026-05-23 05:53:26,2027-01-02,AVAILABLE
P05315,Chocolate,2026-01-26,2026-02-11 21:09:00,2026-09-24,AVAILABLE
P05316,Green Tea,2023-04-28,2023-05-03 11:52:18,2025-04-17,EXPIRED
P05317,Cereal,2023-02-18,2023-03-12 01:21:18,2023-05-23,EXPIRED
P05318,Dish Soap,2023-03-16,2023-04-07 18:37:58,2024-06-15,EXPIRED
P05319,Notebook,2025-10-12,2025-10-25 20:29:15,2028-10-11,AVAILABLE
P05320,Hand Soap,2023-10-04,2023-10-14 12:06:25,2025-01-15,EXPIRED
P05321,Wireless Mouse,2024-02-19,2024-03-16 09:15:33,2025-06-13,EXPIRED
P05322,Mechanical Keyboard,2023-02-26,2023-02-27 18:05:18,2024-06-27,EXPIRED
P05323,Cereal,2023-11-19,2023-12-09 09:39:59,2025-03-25,EXPIRED
P05324,Wireless Mouse,2025-10-04,2025-10-27 22:17:06,2028-04-17,AVAILABLE
P05325,Notebook,2026-08-11,2026-08-25 10:17:26,2028-11-11,AVAILABLE
P05326,Dish Soap,2026-06-22,2026-07-08 22:12:22,2027-02-11,AVAILABLE
P05327,Ballpoint Pen,2025-02-12,2025-02-18 04:21:09,2027-09-26,AVAILABLE
P05328,Mineral Water,2023-04-25,2023-04-26 05:08:15,2023-08-09,EXPIRED
P05329,Bluetooth Speaker,2024-04-04,2024-05-03 09:02:23,2026-06-25,EXPIRED
P05330,Toothpaste,2025-07-13,2025-08-10 03:11:23,2026-01-20,EXPIRED
P05331,Orange Juice,2025-11-28,2025-12-17 23:02:52,2027-06-18,AVAILABLE
P05332,Dish Soap,2026-07-12,2026-07-18 16:56:58,2026-09-04,EXPIRED
P05333,Cereal,2023-05-23,2023-06-06 12:27:02,2024-02-12,EXPIRED
P05334,Laptop Stand,2024-03-21,2024-04-09 04:31:33,2025-12-12,EXPIRED
P05335,Green Tea,2025-09-22,2025-10-13 19:02:37,2027-12-12,AVAILABLE
P05336,Shampoo,2023-06-19,2023-06-30 04:30:25,2025-05-10,EXPIRED
P05337,Laundry Detergent,2024-07-31,2024-08-10 09:09:00,2025-06-22,EXPIRED
P05338,Laptop Stand,2024-06-15,2024-07-08 17:09:16,2026-09-27,AVAILABLE
P05339,USB Cable,2024-05-15,2024-06-12 14:15:29,2024-11-18,EXPIRED
P05340,Chocolate,2025-01-21,2025-01-23 07:04:53,2025-10-03,EXPIRED
P05341,Laundry Detergent,2023-03-06,2023-03-29 04:24:43,2025-05-23,EXPIRED
P05342,Notebook,2023-09-07,2023-10-07 08:50:07,2025-02-27,EXPIRED
P05343,Notebook,2025-04-17,2025-04-18 12:05:01,2026-11-08,AVAILABLE
P05344,USB Cable,2025-10-23,2025-11-11 23:07:53,2026-06-18,EXPIRED
P05345,Notebook,2026-06-14,2026-06-19 23:20:54,2028-08-26,RESERVED
P05346,Ballpoint Pen,2023-10-20,2023-11-18 09:46:31,2026-03-06,EXPIRED
P05347,Laundry Detergent,2026-02-04,2026-02-26 06:18:04,2026-06-06,EXPIRED
P05348,Instant Coffee,2024-06-20,2024-06-23 08:05:12,2024-12-09,EXPIRED
P05349,Dish Soap,2023-08-01,2023-08-05 17:40:06,2025-05-31,EXPIRED
P05350,Wireless Mouse,2024-12-01,2024-12-31 02:44:45,2026-04-19,EXPIRED
P05351,Laptop Stand,2024-10-06,2024-10-27 03:28:55,2024-11-09,EXPIRED
P05352,Chocolate,2024-09-30,2024-10-15 01:32:23,2027-02-25,AVAILABLE
P05353,Notebook,2024-07-16,2024-08-11 01:51:57,2026-10-15,AVAILABLE
P05354,Power Bank,2024-08-29,2024-09-20 16:29:33,2025-12-07,EXPIRED
P05355,USB Cable,2023-02-14,2023-02-21 03:16:51,2025-03-09,EXPIRED
P05356,Mineral Water,2024-07-10,2024-07-21 15:08:48,2025-06-17,EXPIRED
P05357,Toothpaste,2024-11-02,2024-11-24 15:38:17,2025-03-23,EXPIRED
P05358,Toothpaste,2024-07-02,2024-07-03 07:13:54,2027-02-08,AVAILABLE
P05359,Green Tea,2026-06-20,2026-07-11 18:39:58,2029-01-26,AVAILABLE
P05360,Ballpoint Pen,2024-04-15,2024-04-23 19:06:45,2025-08-26,EXPIRED
P05361,Mineral Water,2026-06-13,2026-06-23 02:11:52,2028-10-18,AVAILABLE
P05362,USB Cable,2023-01-09,2023-02-05 12:01:14,2024-01-17,EXPIRED
P05363,Shampoo,2025-07-12,2025-07-24 07:04:44,2025-11-12,EXPIRED
P05364,Orange Juice,2025-09-28,2025-10-28 12:15:05,2026-01-10,EXPIRED
P05365,USB Cable,2023-02-24,2023-03-14 19:25:41,2025-02-03,EXPIRED
P05366,Chocolate,2025-04-13,2025-05-09 03:10:20,2026-08-18,EXPIRED
P05367,Mineral Water,2023-03-18,2023-03-31 09:01:03,2024-11-12,EXPIRED
P05368,Toothpaste,2024-08-18,2024-09-04 12:29:38,2026-05-25,EXPIRED
P05369,Laundry Detergent,2025-02-14,2025-03-11 20:40:37,2028-02-11,AVAILABLE
P05370,Green Tea,2025-11-07,2025-11-16 16:04:29,2025-12-31,EXPIRED
P05371,Instant Coffee,2025-04-10,2025-05-06 03:01:03,2027-11-29,AVAILABLE
P05372,Wireless Mouse,2023-05-28,2023-06-12 15:48:55,2024-09-23,EXPIRED
P05373,Hand Soap,2024-10-03,2024-10-22 09:38:12,2025-12-20,EXPIRED
P05374,Mechanical Keyboard,2025-06-28,2025-07-15 03:07:59,2025-12-26,EXPIRED
P05375,Toothpaste,2023-08-07,2023-08-26 22:48:27,2023-12-21,EXPIRED
P05376,Mechanical Keyboard,2024-07-23,2024-08-12 00:10:59,2025-02-28,EXPIRED
P05377,Green Tea,2024-08-09,2024-08-19 02:51:22,2026-07-24,EXPIRED
P05378,Notebook,2025-05-16,2025-05-31 08:14:14,2026-10-05,RESERVED
P05379,Dish Soap,2024-09-12,2024-10-04 18:46:26,2026-09-13,EXPIRED
P05380,Orange Juice,2023-11-28,2023-12-06 18:06:30,2024-02-20,EXPIRED
P05381,Water Bottle,2024-04-24,2024-05-06 07:58:00,2024-09-14,EXPIRED
P05382,Chocolate,2026-06-18,2026-07-11 18:37:11,2028-09-12,RESERVED
P05383,Mineral Water,2024-12-13,2024-12-20 23:24:45,2025-08-28,EXPIRED
P05384,Ballpoint Pen,2025-09-05,2025-09-26 14:15:06,2028-04-22,AVAILABLE
P05385,Notebook,2024-09-13,2024-10-08 13:44:58,2025-08-25,EXPIRED
P05386,Green Tea,2025-11-03,2025-11-19 22:46:09,2027-01-08,RESERVED
P05387,Laundry Detergent,2024-12-15,2025-01-12 16:24:54,2026-11-19,RESERVED
P05388,Instant Coffee,2026-06-27,2026-07-02 15:42:51,2028-09-28,AVAILABLE
P05389,Toothpaste,2026-09-21,2026-09-24 08:44:05,2028-02-27,AVAILABLE
P05390,Notebook,2024-02-16,2024-03-13 03:57:48,2026-11-28,AVAILABLE
P05391,Mineral Water,2025-06-20,2025-07-20 01:27:00,2027-08-07,AVAILABLE
P05392,Laundry Detergent,2026-08-05,2026-08-09 15:55:14,2028-06-19,AVAILABLE
P05393,Ballpoint Pen,2023-09-14,2023-09-18 22:07:24,2024-07-19,EXPIRED
P05394,Cereal,2023-02-20,2023-03-05 22:51:37,2024-04-09,EXPIRED
P05395,Orange Juice,2024-06-22,2024-07-05 09:25:13,2027-01-25,AVAILABLE
P05396,Power Bank,2024-08-29,2024-09-20 20:41:20,2026-10-06,AVAILABLE
P05397,Wireless Mouse,2024-04-17,2024-05-07 22:15:16,2025-02-11,EXPIRED
P05398,Hand Soap,2023-07-22,2023-08-15 17:25:25,2024-06-25,EXPIRED
P05399,Orange Juice,2024-10-21,2024-10-26 19:53:54,2025-03-12,EXPIRED
P05400,Cereal,2023-02-18,2023-03-10 05:24:03,2023-04-03,EXPIRED
P05401,Mechanical Keyboard,2023-06-14,2023-07-10 03:42:49,2023-11-04,EXPIRED
P05402,USB Cable,2024-10-31,2024-11-14 02:26:04,2027-06-29,AVAILABLE
P05403,Laundry Detergent,2024-06-12,2024-07-08 08:49:47,2027-05-31,AVAILABLE
P05404,Bluetooth Speaker,2023-06-29,2023-07-27 07:00:03,2026-06-11,EXPIRED
P05405,Bluetooth Speaker,2026-09-03,2026-09-28 06:33:54,2028-06-14,RESERVED
P05406,Mineral Water,2026-03-19,2026-04-08 01:48:43,2028-07-25,AVAILABLE
P05407,Bluetooth Speaker,2024-02-07,2024-02-29 06:04:03,2025-08-30,EXPIRED
P05408,Green Tea,2025-12-19,2025-12-23 15:43:56,2028-08-29,RESERVED
P05409,Instant Coffee,2026-07-10,2026-07-24 11:20:46,2028-12-14,AVAILABLE
P05410,Ballpoint Pen,2023-10-11,2023-10-16 02:49:33,2024-08-14,EXPIRED
P05411,Bluetooth Speaker,2023-02-12,2023-02-26 06:48:05,2025-06-05,EXPIRED
P05412,Chocolate,2023-09-06,2023-09-22 12:04:40,2025-01-05,EXPIRED
P05413,Wireless Mouse,2023-11-15,2023-11-22 13:16:48,2024-08-09,EXPIRED
P05414,Shampoo,2026-05-29,2026-06-06 13:32:12,2028-04-06,RESERVED
P05415,Ballpoint Pen,2026-04-25,2026-04-28 13:54:29,2028-10-30,AVAILABLE
P05416,Wireless Mouse,2024-05-14,2024-05-19 07:50:36,2024-10-29,EXPIRED
P05417,Notebook,2024-04-12,2024-05-04 05:21:08,2025-03-13,EXPIRED
P05418,Mineral Water,2025-07-19,2025-08-18 03:11:24,2026-12-23,AVAILABLE
P05419,Notebook,2024-06-16,2024-07-06 19:36:20,2025-06-19,EXPIRED
P05420,Laptop Stand,2024-10-03,2024-10-09 19:26:48,2026-04-12,EXPIRED
P05421,Green Tea,2024-09-09,2024-10-01 16:17:48,2026-03-01,EXPIRED
P05422,Shampoo,2026-01-15,2026-01-29 16:07:55,2026-10-09,AVAILABLE
P05423,Chocolate,2024-03-31,2024-04-08 01:27:16,2024-06-18,EXPIRED
P05424,Ballpoint Pen,2025-11-30,2025-12-01 10:35:31,2028-09-05,AVAILABLE
P05425,Cereal,2024-10-11,2024-11-03 11:38:43,2025-03-04,EXPIRED
P05426,Mineral Water,2023-12-08,2024-01-02 15:33:30,2024-04-22,EXPIRED
P05427,Laptop Stand,2024-12-30,2025-01-18 03:44:09,2025-03-02,EXPIRED
P05428,Green Tea,2025-03-10,2025-03-18 14:10:07,2027-08-01,AVAILABLE
P05429,Mineral Water,2025-03-20,2025-04-13 00:13:09,2026-05-13,EXPIRED
P05430,Cereal,2025-11-07,2025-11-17 02:34:50,2025-12-20,EXPIRED
P05431,Laptop Stand,2026-06-28,2026-07-09 11:42:39,2029-04-25,AVAILABLE
P05432,Instant Coffee,2025-07-21,2025-08-20 18:12:38,2027-08-25,AVAILABLE
P05433,Notebook,2024-10-08,2024-11-02 11:04:36,2025-09-02,EXPIRED
P05434,Green Tea,2025-07-13,2025-07-22 21:05:04,2025-12-21,EXPIRED
P05435,Hand Soap,2024-03-19,2024-04-01 14:00:13,2026-09-06,EXPIRED
P05436,Bluetooth Speaker,2024-12-28,2025-01-10 20:29:55,2027-06-28,AVAILABLE
P05437,Power Bank,2023-11-25,2023-12-07 17:18:46,2024-11-17,EXPIRED
P05438,Water Bottle,2024-03-01,2024-03-02 00:34:02,2026-04-10,EXPIRED
P05439,Mineral Water,2024-05-25,2024-05-27 23:32:44,2025-04-19,EXPIRED
P05440,Notebook,2023-12-07,2023-12-28 08:40:35,2024-10-17,EXPIRED
P05441,Dish Soap,2025-08-13,2025-08-21 05:51:07,2025-12-01,EXPIRED
P05442,Hand Soap,2025-12-04,2025-12-21 06:05:10,2028-06-24,AVAILABLE
P05443,Shampoo,2024-12-24,2025-01-18 09:34:22,2025-11-24,EXPIRED
P05444,Laptop Stand,2023-01-06,2023-01-22 04:00:04,2025-08-12,EXPIRED
P05445,Wireless Mouse,2026-02-01,2026-02-11 04:34:30,2027-08-03,RESERVED
P05446,USB Cable,2025-06-13,2025-07-05 22:10:31,2027-12-10,AVAILABLE
P05447,Mineral Water,2024-10-30,2024-11-02 05:39:46,2026-09-30,AVAILABLE
P05448,Cereal,2023-07-07,2023-07-29 22:01:01,2025-08-19,EXPIRED
P05449,USB Cable,2023-03-08,2023-03-25 03:39:19,2024-09-12,EXPIRED
P05450,Bluetooth Speaker,2023-09-21,2023-10-05 05:13:44,2024-01-26,EXPIRED
P05451,Wireless Mouse,2024-03-05,2024-03-19 00:28:08,2024-12-24,EXPIRED
P05452,Instant Coffee,2024-10-21,2024-10-23 04:47:41,2026-03-07,EXPIRED
P05453,Wireless Mouse,2024-01-25,2024-02-16 08:43:09,2025-09-08,EXPIRED
P05454,Water Bottle,2025-07-24,2025-08-04 06:36:07,2028-01-30,AVAILABLE
P05455,Bluetooth Speaker,2026-02-21,2026-02-22 19:07:55,2028-07-21,RESERVED
P05456,Mineral Water,2024-03-28,2024-04-01 13:53:57,2026-09-17,EXPIRED
P05457,Ballpoint Pen,2025-02-28,2025-03-27 17:30:46,2026-12-15,AVAILABLE
P05458,Instant Coffee,2024-02-27,2024-03-26 00:16:23,2025-10-19,EXPIRED
P05459,Green Tea,2023-05-12,2023-05-13 12:06:27,2025-08-19,EXPIRED
P05460,Green Tea,2026-04-03,2026-04-18 00:01:43,2027-12-12,AVAILABLE
P05461,Cereal,2026-02-05,2026-02-06 03:21:46,2026-09-17,EXPIRED
P05462,Hand Soap,2025-04-13,2025-04-23 04:37:26,2026-04-26,EXPIRED
P05463,Dish Soap,2023-01-08,2023-01-27 04:18:06,2023-10-08,EXPIRED
P05464,Orange Juice,2023-01-13,2023-01-24 00:41:39,2025-05-27,EXPIRED
P05465,Ballpoint Pen,2026-03-19,2026-04-11 13:06:46,2027-05-22,AVAILABLE
P05466,Cereal,2023-11-29,2023-12-22 10:23:10,2025-05-12,EXPIRED
P05467,Laptop Stand,2023-09-30,2023-10-22 17:59:03,2025-08-24,EXPIRED
P05468,Dish Soap,2026-01-27,2026-02-03 14:41:28,2027-11-10,AVAILABLE
P05469,Orange Juice,2024-07-09,2024-08-02 01:44:54,2026-04-26,EXPIRED
P05470,Hand Soap,2025-04-08,2025-04-14 10:47:55,2026-06-18,EXPIRED
P05471,Ballpoint Pen,2025-01-15,2025-01-17 03:05:07,2026-12-21,AVAILABLE
P05472,Cereal,2024-10-16,2024-11-02 21:27:53,2025-11-21,EXPIRED
P05473,Toothpaste,2025-07-01,2025-07-24 17:35:34,2026-07-28,EXPIRED
P05474,Mineral Water,2023-03-24,2023-04-01 02:28:17,2023-05-31,EXPIRED
P05475,Instant Coffee,2023-02-10,2023-02-19 11:51:57,2026-01-14,EXPIRED
P05476,Wireless Mouse,2026-04-29,2026-05-15 03:53:34,2028-10-29,AVAILABLE
P05477,Chocolate,2023-09-26,2023-10-02 19:57:14,2025-11-17,EXPIRED
P05478,Cereal,2024-08-27,2024-09-18 23:23:38,2025-10-01,EXPIRED
P05479,Mechanical Keyboard,2024-10-29,2024-11-22 11:36:26,2027-05-24,AVAILABLE
P05480,Toothpaste,2025-10-12,2025-11-01 19:54:05,2026-06-18,EXPIRED
P05481,Water Bottle,2025-07-08,2025-07-27 17:14:01,2027-04-24,AVAILABLE
P05482,Toothpaste,2025-04-23,2025-04-28 14:55:16,2027-03-19,RESERVED
P05483,Power Bank,2023-06-29,2023-07-12 00:35:36,2025-07-28,EXPIRED
P05484,Dish Soap,2026-03-14,2026-03-29 01:51:48,2026-11-22,AVAILABLE
P05485,Laptop Stand,2024-01-07,2024-01-11 06:12:24,2026-03-16,EXPIRED
P05486,Mechanical Keyboard,2023-01-16,2023-02-15 16:12:17,2025-09-11,EXPIRED
P05487,Shampoo,2023-05-25,2023-05-30 21:32:40,2026-05-16,EXPIRED
P05488,Notebook,2026-06-18,2026-07-12 07:00:43,2029-04-28,AVAILABLE
P05489,Mineral Water,2023-08-05,2023-08-29 03:47:15,2026-05-12,EXPIRED
P05490,Notebook,2026-05-02,2026-05-07 14:06:40,2028-04-03,RESERVED
P05491,Mineral Water,2023-04-10,2023-05-10 07:13:33,2026-01-28,EXPIRED
P05492,Laundry Detergent,2025-11-29,2025-12-21 11:56:53,2026-10-23,AVAILABLE
P05493,Orange Juice,2026-08-09,2026-08-27 19:32:25,2029-07-23,RESERVED
P05494,Power Bank,2026-01-23,2026-02-17 08:49:15,2028-10-06,AVAILABLE
P05495,Instant Coffee,2023-04-15,2023-05-08 18:00:41,2023-05-23,EXPIRED
P05496,Hand Soap,2024-04-30,2024-05-16 18:18:39,2026-01-28,EXPIRED
P05497,Green Tea,2024-10-02,2024-10-17 21:57:41,2026-04-02,EXPIRED
P05498,Chocolate,2024-07-21,2024-07-25 01:28:25,2025-08-03,EXPIRED
P05499,Shampoo,2023-10-05,2023-10-18 20:49:59,2025-10-07,EXPIRED
P05500,Chocolate,2026-09-01,2026-09-09 09:49:28,2028-09-26,AVAILABLE
P05501,Power Bank,2025-03-11,2025-03-12 23:16:15,2027-03-09,AVAILABLE
P05502,Dish Soap,2024-03-04,2024-04-03 19:33:21,2024-07-22,EXPIRED
P05503,Toothpaste,2026-05-26,2026-06-18 18:27:23,2029-04-26,AVAILABLE
P05504,Toothpaste,2025-11-05,2025-11-30 07:59:43,2028-09-17,AVAILABLE
P05505,Shampoo,2026-02-04,2026-02-07 12:30:33,2027-11-29,AVAILABLE
P05506,Chocolate,2023-03-21,2023-04-06 22:13:03,2025-10-12,EXPIRED
P05507,Power Bank,2025-08-12,2025-08-27 12:06:56,2026-10-11,AVAILABLE
P05508,Wireless Mouse,2026-08-07,2026-08-28 00:31:32,2027-11-26,AVAILABLE
P05509,Notebook,2023-11-17,2023-11-22 06:12:45,2026-10-08,AVAILABLE
P05510,Chocolate,2023-01-28,2023-02-05 06:26:37,2025-01-23,EXPIRED
P05511,Bluetooth Speaker,2026-02-09,2026-02-20 21:49:02,2027-03-29,AVAILABLE
P05512,USB Cable,2023-10-11,2023-11-10 21:51:25,2025-08-16,EXPIRED
P05513,Water Bottle,2023-11-21,2023-12-06 07:20:44,2025-10-28,EXPIRED
P05514,Power Bank,2024-08-06,2024-08-26 14:09:16,2024-12-23,EXPIRED
P05515,Water Bottle,2023-10-14,2023-10-19 07:17:30,2026-08-06,EXPIRED
P05516,USB Cable,2024-08-21,2024-09-04 19:21:56,2024-11-27,EXPIRED
P05517,Notebook,2024-05-12,2024-06-04 11:20:23,2026-05-17,EXPIRED
P05518,Toothpaste,2023-03-27,2023-04-26 04:02:02,2025-08-14,EXPIRED
P05519,Power Bank,2025-08-21,2025-08-30 02:12:26,2027-06-15,AVAILABLE
P05520,Orange Juice,2026-02-28,2026-03-09 15:51:25,2026-11-12,AVAILABLE
P05521,Power Bank,2026-02-02,2026-02-21 07:59:42,2026-09-10,EXPIRED
P05522,Bluetooth Speaker,2025-09-05,2025-09-27 23:48:50,2025-11-03,EXPIRED
P05523,Shampoo,2024-10-27,2024-10-28 14:47:25,2025-06-25,EXPIRED
P05524,Bluetooth Speaker,2023-12-12,2024-01-09 04:58:34,2025-05-10,EXPIRED
P05525,Wireless Mouse,2025-01-16,2025-01-29 09:18:26,2027-02-07,AVAILABLE
P05526,Wireless Mouse,2024-06-09,2024-06-21 11:20:51,2026-06-05,EXPIRED
P05527,Notebook,2024-11-12,2024-11-14 04:26:13,2026-10-24,AVAILABLE
P05528,Wireless Mouse,2025-10-20,2025-11-05 15:49:34,2027-08-19,AVAILABLE
P05529,Instant Coffee,2026-08-16,2026-08-21 15:26:54,2027-10-12,AVAILABLE
P05530,Ballpoint Pen,2023-05-07,2023-05-16 21:52:26,2023-08-17,EXPIRED
P05531,Wireless Mouse,2025-11-30,2025-12-06 22:47:52,2027-05-14,AVAILABLE
P05532,Notebook,2025-02-11,2025-03-07 21:52:53,2025-12-29,EXPIRED
P05533,Shampoo,2026-02-26,2026-02-27 05:43:11,2027-01-28,AVAILABLE
P05534,Notebook,2025-06-28,2025-07-10 10:43:01,2027-10-26,AVAILABLE
P05535,Toothpaste,2026-05-25,2026-05-27 13:41:58,2029-01-25,AVAILABLE
P05536,USB Cable,2024-11-28,2024-12-20 03:11:02,2025-04-21,EXPIRED
P05537,Water Bottle,2026-04-11,2026-05-09 06:16:19,2026-07-17,EXPIRED
P05538,Toothpaste,2025-06-12,2025-07-02 15:57:10,2026-03-03,EXPIRED
P05539,Mineral Water,2024-01-09,2024-02-02 02:35:41,2025-03-10,EXPIRED
P05540,Instant Coffee,2024-04-18,2024-05-07 23:40:54,2024-10-13,EXPIRED
P05541,Ballpoint Pen,2023-11-19,2023-12-08 12:50:41,2024-10-14,EXPIRED
P05542,Power Bank,2023-01-06,2023-02-03 10:14:01,2025-10-15,EXPIRED
P05543,USB Cable,2023-11-23,2023-11-29 13:02:55,2024-04-14,EXPIRED
P05544,Laundry Detergent,2023-09-15,2023-10-14 04:32:14,2026-05-20,EXPIRED
P05545,Toothpaste,2024-07-26,2024-08-01 14:49:03,2026-06-02,EXPIRED
P05546,Chocolate,2026-06-24,2026-07-12 10:31:47,2029-01-20,AVAILABLE
P05547,Laundry Detergent,2023-10-25,2023-10-27 12:12:09,2024-10-14,EXPIRED
P05548,Dish Soap,2023-02-22,2023-02-25 05:26:36,2023-07-10,EXPIRED
P05549,Chocolate,2024-06-13,2024-06-27 22:26:23,2027-05-09,AVAILABLE
P05550,Cereal,2023-10-09,2023-11-02 08:31:26,2023-12-04,EXPIRED
P05551,Notebook,2025-05-03,2025-05-30 22:52:01,2027-10-23,AVAILABLE
P05552,Toothpaste,2023-11-15,2023-12-08 20:16:58,2025-11-15,EXPIRED
P05553,Laptop Stand,2025-01-10,2025-01-25 06:28:35,2027-09-20,RESERVED
P05554,Green Tea,2025-08-19,2025-09-04 17:57:34,2027-03-06,AVAILABLE
P05555,Toothpaste,2023-01-08,2023-02-03 22:44:38,2024-08-18,EXPIRED
P05556,Shampoo,2024-10-13,2024-10-29 14:29:49,2025-02-28,EXPIRED
P05557,Shampoo,2023-06-26,2023-07-01 19:32:32,2026-02-09,EXPIRED
P05558,Bluetooth Speaker,2026-01-22,2026-02-01 04:25:33,2026-06-26,EXPIRED
P05559,Ballpoint Pen,2023-10-07,2023-10-24 04:57:25,2024-03-30,EXPIRED
P05560,Mineral Water,2024-06-10,2024-06-14 14:01:00,2026-06-09,EXPIRED
P05561,Water Bottle,2025-10-06,2025-10-09 20:33:27,2026-01-12,EXPIRED
P05562,Cereal,2025-03-03,2025-03-27 22:25:34,2028-02-21,AVAILABLE
P05563,Water Bottle,2023-06-02,2023-06-25 20:25:24,2025-03-18,EXPIRED
P05564,Hand Soap,2026-03-28,2026-04-24 11:40:04,2027-02-16,AVAILABLE
P05565,Notebook,2025-12-08,2025-12-15 03:56:11,2027-06-28,AVAILABLE
P05566,Laundry Detergent,2025-01-09,2025-01-17 11:43:43,2026-08-15,EXPIRED
P05567,USB Cable,2025-03-27,2025-04-22 00:05:36,2025-10-18,EXPIRED
P05568,Ballpoint Pen,2026-02-13,2026-03-07 08:35:01,2028-09-01,AVAILABLE
P05569,Power Bank,2025-08-23,2025-08-24 22:32:49,2027-12-20,AVAILABLE
P05570,Power Bank,2025-01-21,2025-01-27 01:30:29,2025-09-19,EXPIRED
P05571,Mechanical Keyboard,2025-08-23,2025-09-19 09:03:18,2026-12-29,AVAILABLE
P05572,Shampoo,2026-01-27,2026-02-15 11:46:28,2028-04-12,AVAILABLE
P05573,Bluetooth Speaker,2026-08-20,2026-09-19 09:26:05,2027-01-06,AVAILABLE
P05574,USB Cable,2023-07-07,2023-07-09 18:59:00,2023-11-18,EXPIRED
P05575,Hand Soap,2023-04-15,2023-05-12 03:31:35,2025-05-25,EXPIRED
P05576,Wireless Mouse,2023-12-28,2023-12-29 11:03:09,2026-01-08,EXPIRED
P05577,Chocolate,2026-03-03,2026-03-19 05:43:48,2027-07-16,RESERVED
P05578,Ballpoint Pen,2023-12-26,2023-12-28 02:00:43,2025-01-11,EXPIRED
P05579,Ballpoint Pen,2025-08-21,2025-09-02 19:50:38,2028-05-16,AVAILABLE
P05580,Toothpaste,2026-09-01,2026-09-23 10:40:14,2029-02-11,AVAILABLE
P05581,Ballpoint Pen,2025-07-13,2025-08-06 09:16:53,2026-07-20,EXPIRED
P05582,Orange Juice,2023-11-06,2023-11-19 21:43:43,2025-05-17,EXPIRED
P05583,Laptop Stand,2023-04-26,2023-05-06 02:25:18,2024-01-12,EXPIRED
P05584,Orange Juice,2024-03-08,2024-03-23 09:02:50,2026-04-27,EXPIRED
P05585,USB Cable,2024-01-20,2024-01-28 14:59:49,2025-06-03,EXPIRED
P05586,Toothpaste,2025-05-17,2025-06-12 12:47:36,2027-12-19,AVAILABLE
P05587,Laundry Detergent,2023-08-24,2023-09-17 21:57:24,2023-10-02,EXPIRED
P05588,Dish Soap,2024-10-17,2024-10-28 15:49:05,2027-06-11,AVAILABLE
P05589,Ballpoint Pen,2026-09-08,2026-09-10 11:33:19,2028-12-16,AVAILABLE
P05590,Dish Soap,2023-06-11,2023-06-20 08:37:39,2023-09-20,EXPIRED
P05591,Dish Soap,2023-04-30,2023-05-07 10:32:25,2024-05-14,EXPIRED
P05592,Chocolate,2023-04-03,2023-04-25 11:28:16,2024-10-27,EXPIRED
P05593,Cereal,2023-02-24,2023-03-15 19:36:35,2025-09-05,EXPIRED
P05594,Water Bottle,2024-01-10,2024-01-19 11:48:15,2025-11-19,EXPIRED
P05595,Bluetooth Speaker,2025-06-22,2025-07-16 18:06:06,2026-03-17,EXPIRED
P05596,USB Cable,2023-04-27,2023-05-27 22:33:23,2023-10-19,EXPIRED
P05597,Laundry Detergent,2024-05-27,2024-06-10 21:27:57,2027-05-09,AVAILABLE
P05598,Laundry Detergent,2024-10-20,2024-11-09 07:52:10,2025-04-24,EXPIRED
P05599,Instant Coffee,2025-01-01,2025-01-28 18:26:07,2027-11-21,RESERVED
P05600,Water Bottle,2023-04-18,2023-05-15 21:29:46,2024-06-27,EXPIRED
P05601,Green Tea,2025-12-25,2025-12-26 01:56:09,2026-11-22,RESERVED
P05602,Shampoo,2024-06-26,2024-07-01 11:39:31,2025-04-26,EXPIRED
P05603,Wireless Mouse,2024-11-16,2024-12-14 10:18:34,2025-11-16,EXPIRED
P05604,Notebook,2025-11-24,2025-12-22 15:58:50,2026-07-20,EXPIRED
P05605,Ballpoint Pen,2023-10-16,2023-10-19 09:30:43,2025-04-21,EXPIRED
P05606,Ballpoint Pen,2026-01-10,2026-01-19 14:19:24,2026-02-19,EXPIRED
P05607,Chocolate,2023-12-24,2024-01-12 07:59:29,2024-08-22,EXPIRED
P05608,Hand Soap,2026-01-26,2026-02-25 08:43:30,2027-03-01,AVAILABLE
P05609,Green Tea,2025-05-30,2025-06-02 14:11:31,2027-05-18,AVAILABLE
P05610,Mechanical Keyboard,2024-07-09,2024-07-21 04:39:53,2025-08-13,EXPIRED
P05611,Shampoo,2025-07-02,2025-07-30 13:39:58,2028-05-28,AVAILABLE
P05612,Ballpoint Pen,2025-07-20,2025-08-08 17:33:29,2028-04-08,AVAILABLE
P05613,Chocolate,2024-07-24,2024-08-04 16:16:56,2027-03-06,AVAILABLE
P05614,USB Cable,2024-04-27,2024-05-06 00:07:58,2025-03-01,EXPIRED
P05615,Notebook,2024-03-12,2024-03-26 00:44:21,2026-09-18,EXPIRED
P05616,Laptop Stand,2025-07-18,2025-07-29 21:04:44,2026-10-18,AVAILABLE
P05617,Mineral Water,2024-05-25,2024-06-11 19:01:07,2025-05-03,EXPIRED
P05618,Green Tea,2025-12-17,2025-12-27 09:30:38,2027-05-27,AVAILABLE
P05619,Orange Juice,2025-04-13,2025-04-17 02:23:26,2027-08-14,AVAILABLE
P05620,Bluetooth Speaker,2024-05-06,2024-06-03 01:51:29,2024-08-01,EXPIRED
P05621,Shampoo,2024-11-17,2024-12-07 08:33:01,2026-09-25,AVAILABLE
P05622,Power Bank,2025-02-14,2025-02-16 04:45:08,2027-09-22,RESERVED
P05623,Chocolate,2024-05-09,2024-05-17 01:13:53,2026-11-26,RESERVED
P05624,Laptop Stand,2026-08-25,2026-09-17 15:04:34,2029-01-18,RESERVED
P05625,Laptop Stand,2024-08-05,2024-08-15 14:55:55,2026-08-26,EXPIRED
P05626,Shampoo,2024-01-21,2024-02-18 02:51:51,2024-09-22,EXPIRED
P05627,Bluetooth Speaker,2026-07-05,2026-07-08 06:34:44,2026-09-02,EXPIRED
P05628,Hand Soap,2026-01-20,2026-02-17 05:35:57,2028-11-14,AVAILABLE
P05629,Mechanical Keyboard,2025-03-20,2025-04-03 02:20:44,2026-12-21,AVAILABLE
P05630,Ballpoint Pen,2025-11-11,2025-11-22 16:25:24,2027-03-30,AVAILABLE
P05631,Shampoo,2024-10-29,2024-11-21 09:05:33,2025-01-25,EXPIRED
P05632,Laptop Stand,2026-07-11,2026-08-08 17:43:33,2027-08-05,AVAILABLE
P05633,Bluetooth Speaker,2023-06-05,2023-06-11 21:33:45,2025-08-23,EXPIRED
P05634,Shampoo,2026-04-11,2026-04-13 10:53:39,2027-11-20,AVAILABLE
P05635,Notebook,2026-05-25,2026-06-11 09:11:34,2029-04-16,AVAILABLE
P05636,Laundry Detergent,2024-08-09,2024-08-24 01:21:09,2024-12-08,EXPIRED
P05637,Instant Coffee,2023-06-12,2023-07-04 07:53:43,2024-06-19,EXPIRED
P05638,Ballpoint Pen,2026-01-11,2026-01-29 14:05:50,2027-01-19,AVAILABLE
P05639,Laptop Stand,2023-02-04,2023-02-11 13:24:33,2025-08-15,EXPIRED
P05640,Chocolate,2023-09-17,2023-10-13 14:59:55,2026-06-27,EXPIRED
P05641,Laundry Detergent,2025-03-08,2025-03-13 13:34:44,2027-02-28,AVAILABLE
P05642,Hand Soap,2023-10-22,2023-11-08 14:47:24,2024-01-19,EXPIRED
P05643,Instant Coffee,2023-11-03,2023-11-04 16:58:30,2026-06-09,EXPIRED
P05644,Laundry Detergent,2024-04-08,2024-05-05 08:28:05,2024-05-22,EXPIRED
P05645,Shampoo,2024-01-08,2024-01-30 17:14:52,2025-05-06,EXPIRED
P05646,Green Tea,2026-07-30,2026-08-20 11:52:55,2028-09-21,AVAILABLE
P05647,Instant Coffee,2024-12-01,2024-12-30 13:11:12,2025-09-21,EXPIRED
P05648,Toothpaste,2025-10-20,2025-11-10 22:49:02,2026-03-13,EXPIRED
P05649,Green Tea,2024-11-08,2024-11-15 10:33:22,2027-07-28,AVAILABLE
P05650,Mechanical Keyboard,2023-09-15,2023-10-10 14:14:47,2024-06-30,EXPIRED
P05651,Laptop Stand,2026-02-01,2026-02-13 14:59:58,2026-04-18,EXPIRED
P05652,Chocolate,2023-12-01,2023-12-27 08:02:48,2024-11-07,EXPIRED
P05653,Cereal,2024-12-01,2024-12-12 09:58:26,2026-04-01,EXPIRED
P05654,Notebook,2025-07-10,2025-08-08 14:41:02,2027-04-01,AVAILABLE
P05655,Power Bank,2025-05-01,2025-05-17 17:34:54,2025-10-19,EXPIRED
P05656,Orange Juice,2026-04-10,2026-04-24 20:50:55,2027-12-15,AVAILABLE
P05657,Toothpaste,2024-04-21,2024-05-08 12:53:50,2026-04-24,EXPIRED
P05658,Mineral Water,2026-05-31,2026-06-01 09:17:32,2027-12-23,RESERVED
P05659,Shampoo,2025-10-19,2025-11-12 07:13:11,2026-11-18,AVAILABLE
P05660,USB Cable,2023-11-30,2023-12-10 17:38:21,2025-12-20,EXPIRED
P05661,Laundry Detergent,2025-08-10,2025-09-09 22:28:01,2025-09-30,EXPIRED
P05662,Shampoo,2023-11-28,2023-12-06 21:39:16,2025-09-28,EXPIRED
P05663,Notebook,2026-04-29,2026-05-21 08:10:26,2027-12-12,AVAILABLE
P05664,Hand Soap,2025-04-24,2025-04-25 20:35:38,2027-03-16,AVAILABLE
P05665,Mechanical Keyboard,2023-06-24,2023-06-29 22:03:14,2024-12-06,EXPIRED
P05666,Notebook,2025-11-13,2025-11-14 22:07:15,2028-10-11,AVAILABLE
P05667,USB Cable,2025-02-08,2025-02-13 17:14:15,2027-03-08,AVAILABLE
P05668,Laundry Detergent,2026-07-03,2026-07-05 10:57:56,2027-01-04,AVAILABLE
P05669,Laundry Detergent,2023-02-04,2023-02-08 11:52:13,2024-05-02,EXPIRED
P05670,Toothpaste,2024-07-27,2024-08-23 06:20:25,2027-03-22,AVAILABLE
P05671,Bluetooth Speaker,2026-07-26,2026-08-16 14:31:10,2029-07-07,AVAILABLE
P05672,USB Cable,2024-10-14,2024-11-13 12:23:38,2027-04-15,RESERVED
P05673,Ballpoint Pen,2025-01-23,2025-02-07 22:58:37,2026-10-20,AVAILABLE
P05674,Hand Soap,2024-11-28,2024-12-17 10:39:36,2027-01-26,AVAILABLE
P05675,Wireless Mouse,2024-12-02,2024-12-13 20:15:44,2027-03-04,AVAILABLE
P05676,Notebook,2026-07-17,2026-07-20 14:07:19,2029-07-03,AVAILABLE
P05677,Chocolate,2023-06-02,2023-06-20 07:39:22,2024-05-25,EXPIRED
P05678,Cereal,2023-09-26,2023-10-20 21:57:23,2024-08-14,EXPIRED
P05679,Mechanical Keyboard,2025-07-17,2025-08-15 21:49:33,2028-06-06,AVAILABLE
P05680,USB Cable,2025-03-18,2025-04-08 10:06:55,2025-09-01,EXPIRED
P05681,Ballpoint Pen,2026-07-12,2026-08-04 05:05:19,2028-09-15,AVAILABLE
P05682,Chocolate,2024-08-28,2024-09-08 04:03:51,2025-11-19,EXPIRED
P05683,Mechanical Keyboard,2023-10-05,2023-10-21 20:24:48,2025-04-23,EXPIRED
P05684,Toothpaste,2024-02-19,2024-02-20 16:46:49,2025-01-03,EXPIRED
P05685,Chocolate,2023-04-27,2023-05-04 23:23:43,2024-10-03,EXPIRED
P05686,Laptop Stand,2023-07-07,2023-08-02 05:47:18,2025-03-13,EXPIRED
P05687,Wireless Mouse,2023-12-21,2024-01-09 06:49:27,2025-05-12,EXPIRED
P05688,Chocolate,2026-08-11,2026-09-07 00:36:16,2027-03-13,AVAILABLE
P05689,USB Cable,2026-02-03,2026-03-04 01:23:45,2027-02-05,AVAILABLE
P05690,Hand Soap,2026-03-16,2026-03-27 18:36:03,2026-06-09,EXPIRED
P05691,Chocolate,2025-09-06,2025-09-26 08:05:08,2027-02-02,AVAILABLE
P05692,Cereal,2024-09-11,2024-09-25 00:05:35,2025-04-07,EXPIRED
P05693,Power Bank,2024-02-22,2024-03-19 09:47:46,2025-07-13,EXPIRED
P05694,Green Tea,2025-10-25,2025-11-17 11:30:04,2027-01-11,AVAILABLE
P05695,Ballpoint Pen,2026-06-30,2026-07-14 22:11:57,2029-03-01,AVAILABLE
P05696,Laundry Detergent,2025-05-01,2025-05-04 05:31:15,2027-01-15,AVAILABLE
P05697,Power Bank,2023-08-27,2023-09-01 00:49:10,2024-03-20,EXPIRED
P05698,Water Bottle,2025-10-26,2025-10-29 07:02:05,2027-07-11,AVAILABLE
P05699,Chocolate,2026-02-21,2026-02-23 05:39:33,2026-07-04,EXPIRED
P05700,Laundry Detergent,2026-01-21,2026-02-11 16:45:04,2028-04-07,RESERVED
P05701,Shampoo,2024-09-10,2024-10-06 11:10:12,2025-06-06,EXPIRED
P05702,Notebook,2023-08-09,2023-08-31 18:55:37,2023-11-20,EXPIRED
P05703,Dish Soap,2023-11-12,2023-11-15 21:13:12,2025-09-29,EXPIRED
P05704,Mineral Water,2026-02-24,2026-03-20 22:13:06,2028-09-16,AVAILABLE
P05705,Instant Coffee,2025-06-01,2025-06-30 20:25:31,2025-10-19,EXPIRED
P05706,Chocolate,2023-05-22,2023-06-21 15:05:00,2024-09-08,EXPIRED
P05707,Laundry Detergent,2026-02-27,2026-03-02 19:07:56,2029-01-28,AVAILABLE
P05708,Chocolate,2023-03-15,2023-03-26 00:07:15,2024-06-08,EXPIRED
P05709,Laptop Stand,2023-02-16,2023-03-13 07:17:51,2024-09-07,EXPIRED
P05710,Notebook,2025-01-23,2025-02-06 00:31:04,2026-07-31,EXPIRED
P05711,Dish Soap,2025-08-30,2025-09-24 12:22:03,2028-07-10,AVAILABLE
P05712,Orange Juice,2023-11-11,2023-11-23 22:55:41,2026-07-08,EXPIRED
P05713,Bluetooth Speaker,2024-04-08,2024-04-11 12:48:47,2025-07-09,EXPIRED
P05714,Power Bank,2025-03-18,2025-03-19 06:42:31,2028-02-12,RESERVED
P05715,USB Cable,2023-07-10,2023-07-31 21:47:49,2023-11-29,EXPIRED
P05716,Cereal,2025-06-19,2025-07-17 00:12:48,2027-09-03,AVAILABLE
P05717,Mechanical Keyboard,2025-05-19,2025-06-01 14:01:00,2027-05-26,AVAILABLE
P05718,Ballpoint Pen,2024-07-29,2024-08-11 19:55:53,2026-11-18,AVAILABLE
P05719,Ballpoint Pen,2024-05-17,2024-06-14 22:08:49,2025-11-05,EXPIRED
P05720,Water Bottle,2025-08-02,2025-08-04 00:31:06,2027-06-14,AVAILABLE
P05721,Wireless Mouse,2023-02-24,2023-03-15 15:55:58,2023-08-07,EXPIRED
P05722,Green Tea,2026-09-05,2026-09-07 17:26:12,2028-02-28,AVAILABLE
P05723,Water Bottle,2024-09-02,2024-09-09 00:51:48,2027-01-11,AVAILABLE
P05724,Laundry Detergent,2025-10-02,2025-10-12 09:56:44,2026-11-30,AVAILABLE
P05725,Laptop Stand,2024-05-13,2024-05-28 10:38:46,2024-06-22,EXPIRED
P05726,Notebook,2025-10-06,2025-10-12 04:33:54,2027-09-01,AVAILABLE
P05727,Bluetooth Speaker,2025-02-04,2025-02-22 10:47:17,2027-03-05,AVAILABLE
P05728,Power Bank,2024-03-09,2024-03-29 03:57:36,2026-08-17,EXPIRED
P05729,Wireless Mouse,2024-03-15,2024-04-14 09:33:55,2025-03-18,EXPIRED
P05730,Instant Coffee,2025-05-27,2025-06-12 17:35:58,2026-08-22,EXPIRED
P05731,Laundry Detergent,2025-09-28,2025-10-05 12:56:36,2026-11-26,AVAILABLE
P05732,Instant Coffee,2025-12-25,2025-12-26 01:16:44,2027-05-21,AVAILABLE
P05733,Green Tea,2025-06-18,2025-06-30 16:19:26,2027-11-27,AVAILABLE
P05734,Dish Soap,2025-06-01,2025-06-25 15:45:17,2026-01-18,EXPIRED
P05735,Mineral Water,2024-04-17,2024-05-03 02:08:02,2026-08-14,EXPIRED
P05736,Instant Coffee,2023-08-05,2023-08-20 10:22:56,2024-08-14,EXPIRED
P05737,Notebook,2025-06-24,2025-07-10 12:02:07,2027-01-07,AVAILABLE
P05738,Dish Soap,2024-09-10,2024-09-11 16:06:07,2026-04-14,EXPIRED
P05739,Green Tea,2023-06-12,2023-06-24 14:11:34,2024-02-27,EXPIRED
P05740,Chocolate,2024-03-14,2024-04-06 12:57:04,2024-09-08,EXPIRED
P05741,Shampoo,2026-01-08,2026-01-21 03:06:19,2028-04-08,AVAILABLE
P05742,Water Bottle,2025-02-07,2025-02-10 02:33:38,2026-02-12,EXPIRED
P05743,Mineral Water,2023-02-15,2023-03-13 10:21:21,2024-09-19,EXPIRED
P05744,Mineral Water,2024-12-19,2025-01-18 08:11:47,2027-04-13,AVAILABLE
P05745,Instant Coffee,2025-02-16,2025-03-05 08:59:54,2026-07-05,EXPIRED
P05746,Hand Soap,2025-07-14,2025-07-17 08:51:01,2026-09-23,AVAILABLE
P05747,Green Tea,2026-07-18,2026-08-09 10:17:21,2028-08-11,RESERVED
P05748,Shampoo,2025-05-18,2025-05-19 00:14:00,2025-12-10,EXPIRED
P05749,USB Cable,2026-05-15,2026-05-29 20:08:09,2029-03-26,AVAILABLE
P05750,Instant Coffee,2025-12-06,2025-12-19 18:30:58,2027-07-05,RESERVED
P05751,Bluetooth Speaker,2023-07-22,2023-08-12 23:49:28,2024-10-19,EXPIRED
P05752,Mineral Water,2025-12-22,2025-12-30 17:23:42,2026-05-14,EXPIRED
P05753,Notebook,2024-10-27,2024-11-23 21:40:28,2025-01-08,EXPIRED
P05754,Notebook,2024-02-01,2024-02-10 00:49:45,2024-08-23,EXPIRED
P05755,Shampoo,2025-01-08,2025-01-10 17:07:04,2026-03-01,EXPIRED
P05756,Shampoo,2024-06-15,2024-07-13 00:15:17,2025-12-12,EXPIRED
P05757,Laundry Detergent,2024-07-11,2024-07-18 23:30:52,2027-03-17,AVAILABLE
P05758,Wireless Mouse,2025-05-10,2025-05-16 15:59:36,2027-04-17,RESERVED
P05759,Notebook,2024-11-17,2024-12-16 22:07:19,2025-12-23,EXPIRED
P05760,Ballpoint Pen,2024-12-28,2025-01-06 09:39:47,2027-03-30,AVAILABLE
P05761,Notebook,2024-11-05,2024-11-15 04:53:05,2027-08-06,RESERVED
P05762,Orange Juice,2025-06-10,2025-06-15 15:21:10,2028-04-30,AVAILABLE
P05763,Wireless Mouse,2023-08-18,2023-09-01 23:56:56,2024-01-31,EXPIRED
P05764,Toothpaste,2024-02-24,2024-03-04 09:29:37,2025-10-28,EXPIRED
P05765,Cereal,2026-04-13,2026-04-19 07:20:43,2027-01-08,AVAILABLE
P05766,Water Bottle,2026-02-02,2026-02-10 05:27:17,2029-01-20,AVAILABLE
P05767,Hand Soap,2023-07-06,2023-07-28 21:54:02,2023-11-21,EXPIRED
P05768,USB Cable,2025-06-30,2025-07-01 14:35:06,2026-04-12,EXPIRED
P05769,Ballpoint Pen,2024-08-04,2024-08-25 20:21:28,2026-12-11,AVAILABLE
P05770,Instant Coffee,2023-03-25,2023-04-22 08:55:49,2024-12-31,EXPIRED
P05771,Laundry Detergent,2024-07-31,2024-08-03 22:58:54,2026-04-12,EXPIRED
P05772,Laptop Stand,2026-07-05,2026-07-28 20:54:56,2027-12-19,AVAILABLE
P05773,Orange Juice,2023-11-03,2023-11-29 17:12:40,2025-02-11,EXPIRED
P05774,Hand Soap,2023-12-13,2024-01-04 17:51:30,2026-01-16,EXPIRED
P05775,Mineral Water,2026-09-10,2026-09-26 18:35:07,2027-12-10,AVAILABLE
P05776,Bluetooth Speaker,2025-04-29,2025-05-28 10:24:17,2027-12-19,RESERVED
P05777,Hand Soap,2023-07-16,2023-08-12 02:21:33,2024-05-07,EXPIRED
P05778,USB Cable,2025-12-10,2026-01-07 14:02:43,2027-07-31,AVAILABLE
P05779,Wireless Mouse,2025-09-25,2025-10-19 18:07:07,2028-02-25,AVAILABLE
P05780,USB Cable,2024-09-07,2024-10-07 12:16:16,2026-11-27,RESERVED
P05781,USB Cable,2023-07-31,2023-08-19 16:15:03,2026-03-23,EXPIRED
P05782,Orange Juice,2024-09-13,2024-09-19 23:49:19,2027-07-12,AVAILABLE
P05783,Dish Soap,2026-01-24,2026-02-21 20:48:21,2027-03-08,AVAILABLE
P05784,Hand Soap,2025-09-15,2025-09-25 17:43:53,2028-07-25,AVAILABLE
P05785,Wireless Mouse,2023-04-26,2023-05-12 17:35:56,2024-01-28,EXPIRED
P05786,Bluetooth Speaker,2024-11-28,2024-12-06 05:21:59,2025-07-10,EXPIRED
P05787,Laptop Stand,2023-06-27,2023-07-22 20:46:49,2023-09-28,EXPIRED
P05788,Laundry Detergent,2023-12-01,2023-12-26 05:25:30,2024-05-02,EXPIRED
P05789,Ballpoint Pen,2025-04-17,2025-05-09 12:26:46,2025-06-25,EXPIRED
P05790,Bluetooth Speaker,2026-01-13,2026-01-27 11:58:46,2027-04-04,AVAILABLE
P05791,Water Bottle,2026-03-15,2026-04-05 11:29:04,2028-07-31,AVAILABLE
P05792,Mineral Water,2025-12-20,2025-12-25 03:49:45,2026-01-21,EXPIRED
P05793,Wireless Mouse,2024-01-22,2024-02-13 23:30:00,2024-04-04,EXPIRED
P05794,Toothpaste,2023-04-06,2023-05-02 07:31:33,2023-09-07,EXPIRED
P05795,Dish Soap,2026-07-17,2026-08-03 23:26:58,2029-01-22,AVAILABLE
P05796,Instant Coffee,2023-12-03,2023-12-05 15:51:53,2024-03-13,EXPIRED
P05797,Notebook,2025-11-20,2025-11-28 08:32:17,2026-11-01,RESERVED
P05798,Shampoo,2025-10-04,2025-10-28 09:34:28,2028-02-19,RESERVED
P05799,Laptop Stand,2026-06-14,2026-06-28 11:03:54,2029-03-12,AVAILABLE
P05800,Green Tea,2024-11-27,2024-12-10 10:28:08,2027-05-20,AVAILABLE
P05801,Mineral Water,2025-01-08,2025-01-30 08:05:49,2027-12-18,AVAILABLE
P05802,Dish Soap,2023-07-30,2023-08-14 18:17:31,2026-05-01,EXPIRED
P05803,Notebook,2024-12-17,2024-12-18 01:12:19,2026-11-30,AVAILABLE
P05804,Bluetooth Speaker,2023-05-05,2023-05-11 13:11:25,2024-09-08,EXPIRED
P05805,Mechanical Keyboard,2024-03-19,2024-03-24 23:24:42,2025-09-23,EXPIRED
P05806,Orange Juice,2023-12-18,2024-01-17 11:28:14,2025-05-25,EXPIRED
P05807,Wireless Mouse,2026-06-06,2026-07-06 22:48:02,2029-02-05,AVAILABLE
P05808,Mechanical Keyboard,2025-02-19,2025-02-27 10:05:27,2028-02-08,AVAILABLE
P05809,Bluetooth Speaker,2026-08-18,2026-08-23 08:29:25,2029-05-24,AVAILABLE
P05810,Power Bank,2023-09-14,2023-09-25 22:35:12,2026-06-27,EXPIRED
P05811,Notebook,2026-04-30,2026-05-01 01:46:51,2028-06-01,AVAILABLE
P05812,Mineral Water,2025-04-15,2025-05-05 06:12:08,2028-02-17,AVAILABLE
P05813,Instant Coffee,2024-03-20,2024-03-29 04:09:34,2026-04-15,EXPIRED
P05814,Mineral Water,2023-11-23,2023-12-18 16:14:29,2024-10-04,EXPIRED
P05815,Instant Coffee,2025-10-15,2025-11-06 05:11:21,2027-01-13,AVAILABLE
P05816,Mechanical Keyboard,2024-04-22,2024-05-18 07:45:30,2024-09-07,EXPIRED
P05817,Wireless Mouse,2026-01-17,2026-02-09 18:19:09,2027-04-17,AVAILABLE
P05818,Mechanical Keyboard,2024-02-23,2024-03-18 14:00:17,2025-05-02,EXPIRED
P05819,Water Bottle,2024-04-22,2024-05-21 06:43:07,2027-04-10,AVAILABLE
P05820,Laundry Detergent,2024-07-29,2024-08-10 12:40:49,2025-02-12,EXPIRED
P05821,Bluetooth Speaker,2025-01-07,2025-01-28 15:57:35,2025-03-03,EXPIRED
P05822,Green Tea,2025-08-09,2025-08-17 14:06:37,2027-10-09,RESERVED
P05823,Power Bank,2025-09-04,2025-09-18 18:42:24,2025-11-06,EXPIRED
P05824,Mineral Water,2024-08-28,2024-09-09 22:22:19,2026-06-08,EXPIRED
P05825,Bluetooth Speaker,2023-07-16,2023-07-28 15:42:44,2024-11-12,EXPIRED
P05826,Toothpaste,2026-06-25,2026-07-17 05:27:18,2026-09-24,AVAILABLE
P05827,Water Bottle,2023-10-25,2023-11-15 14:12:41,2026-04-19,EXPIRED
P05828,Dish Soap,2025-12-20,2026-01-01 19:13:16,2026-10-17,AVAILABLE
P05829,Laundry Detergent,2024-03-13,2024-04-03 18:02:14,2026-11-03,AVAILABLE
P05830,Ballpoint Pen,2025-08-17,2025-09-16 21:43:33,2026-12-05,RESERVED
P05831,Water Bottle,2023-06-14,2023-07-07 11:01:15,2024-06-15,EXPIRED
P05832,Power Bank,2026-05-01,2026-05-18 11:48:37,2028-10-08,AVAILABLE
P05833,Orange Juice,2023-06-15,2023-07-07 21:46:01,2024-04-01,EXPIRED
P05834,Cereal,2023-01-24,2023-02-06 13:27:56,2025-06-01,EXPIRED
P05835,Mechanical Keyboard,2025-04-05,2025-04-26 14:14:19,2028-02-11,AVAILABLE
P05836,Hand Soap,2023-07-11,2023-08-08 09:53:36,2026-01-03,EXPIRED
P05837,Instant Coffee,2023-10-19,2023-11-06 18:22:46,2024-05-18,EXPIRED
P05838,Wireless Mouse,2024-04-18,2024-05-05 10:11:19,2025-03-14,EXPIRED
P05839,Hand Soap,2025-02-19,2025-02-25 04:06:20,2027-03-12,AVAILABLE
P05840,Mineral Water,2024-05-10,2024-06-09 21:28:18,2025-08-04,EXPIRED
P05841,Notebook,2025-04-29,2025-05-07 19:38:16,2027-04-18,AVAILABLE
P05842,Chocolate,2023-01-15,2023-01-22 17:36:22,2024-12-01,EXPIRED
P05843,Chocolate,2025-04-29,2025-05-11 13:49:42,2027-06-21,AVAILABLE
P05844,USB Cable,2025-08-20,2025-08-22 16:31:13,2025-11-22,EXPIRED
P05845,Mechanical Keyboard,2023-11-03,2023-11-27 02:01:42,2024-09-27,EXPIRED
P05846,Toothpaste,2024-02-22,2024-03-06 21:24:14,2025-03-01,EXPIRED
P05847,Orange Juice,2025-03-10,2025-04-01 14:13:46,2026-04-24,EXPIRED
P05848,Laptop Stand,2024-02-23,2024-03-04 16:28:17,2025-06-04,EXPIRED
P05849,Ballpoint Pen,2023-05-14,2023-05-28 21:25:00,2023-12-26,EXPIRED
P05850,Notebook,2023-09-11,2023-09-13 19:00:19,2026-09-08,EXPIRED
P05851,Shampoo,2025-03-22,2025-04-15 23:01:47,2027-10-13,AVAILABLE
P05852,Bluetooth Speaker,2025-04-26,2025-05-06 09:59:48,2027-11-28,AVAILABLE
P05853,Notebook,2026-07-10,2026-08-02 06:42:30,2029-06-26,AVAILABLE
P05854,Ballpoint Pen,2025-01-13,2025-02-03 08:05:30,2027-07-14,AVAILABLE
P05855,Ballpoint Pen,2023-02-17,2023-03-09 06:31:06,2025-07-15,EXPIRED
P05856,Chocolate,2026-09-07,2026-09-29 11:40:35,2027-05-15,AVAILABLE
P05857,Chocolate,2024-12-17,2025-01-11 15:52:15,2026-07-26,EXPIRED
P05858,Shampoo,2025-06-10,2025-06-29 09:16:58,2028-04-16,AVAILABLE
P05859,Instant Coffee,2026-01-10,2026-01-25 17:56:03,2027-12-07,AVAILABLE
P05860,Dish Soap,2026-03-18,2026-03-19 21:21:24,2028-09-27,AVAILABLE
P05861,USB Cable,2026-02-06,2026-02-13 14:34:51,2027-11-18,RESERVED
P05862,Toothpaste,2025-06-25,2025-06-28 18:33:59,2028-05-19,AVAILABLE
P05863,Toothpaste,2024-07-14,2024-07-22 08:22:02,2026-11-16,AVAILABLE
P05864,Cereal,2026-06-21,2026-06-28 16:02:25,2027-06-09,RESERVED
P05865,Cereal,2023-04-29,2023-05-04 07:02:32,2025-08-04,EXPIRED
P05866,Green Tea,2025-03-16,2025-04-11 19:40:10,2026-10-10,AVAILABLE
P05867,Chocolate,2024-04-20,2024-05-02 08:33:25,2026-03-26,EXPIRED
P05868,Laptop Stand,2023-08-18,2023-08-24 03:43:22,2025-11-21,EXPIRED
P05869,Mechanical Keyboard,2024-04-26,2024-05-13 14:04:00,2024-08-26,EXPIRED
P05870,Water Bottle,2024-11-07,2024-12-05 09:26:39,2026-07-25,EXPIRED
P05871,Mineral Water,2025-05-24,2025-05-25 09:37:51,2025-10-21,EXPIRED
P05872,Water Bottle,2025-09-03,2025-09-16 08:28:17,2028-05-01,AVAILABLE
P05873,Notebook,2023-09-08,2023-09-30 23:56:05,2026-02-26,EXPIRED
P05874,USB Cable,2024-01-17,2024-01-23 03:51:21,2024-05-16,EXPIRED
P05875,Instant Coffee,2026-03-22,2026-04-18 21:25:44,2028-01-22,AVAILABLE
P05876,Laundry Detergent,2025-04-17,2025-05-10 16:45:59,2025-10-07,EXPIRED
P05877,Notebook,2026-08-01,2026-08-03 01:50:53,2028-05-11,AVAILABLE
P05878,Cereal,2025-12-03,2025-12-23 07:13:13,2028-02-04,AVAILABLE
P05879,Laundry Detergent,2025-05-01,2025-05-24 22:42:25,2025-06-02,EXPIRED
P05880,Power Bank,2024-04-02,2024-04-19 10:20:47,2024-05-02,EXPIRED
P05881,Wireless Mouse,2023-12-09,2023-12-28 10:50:54,2026-09-20,EXPIRED
P05882,Water Bottle,2025-11-28,2025-11-29 03:56:56,2026-03-01,EXPIRED
P05883,USB Cable,2024-01-13,2024-02-10 09:51:22,2026-09-22,AVAILABLE
P05884,Laundry Detergent,2023-07-09,2023-08-08 11:35:03,2025-10-04,EXPIRED
P05885,USB Cable,2026-05-09,2026-05-19 19:36:49,2027-01-31,AVAILABLE
P05886,Mineral Water,2026-07-04,2026-07-30 23:23:02,2028-08-01,AVAILABLE
P05887,Power Bank,2026-03-24,2026-03-28 21:52:47,2027-07-22,AVAILABLE
P05888,Shampoo,2025-12-26,2026-01-10 02:32:27,2028-10-29,AVAILABLE
P05889,Hand Soap,2023-01-16,2023-02-03 00:41:19,2023-12-14,EXPIRED
P05890,Ballpoint Pen,2024-02-22,2024-03-16 05:48:53,2026-04-10,EXPIRED
P05891,Wireless Mouse,2025-10-01,2025-10-31 22:06:38,2028-03-14,AVAILABLE
P05892,Bluetooth Speaker,2026-04-25,2026-05-03 06:52:08,2026-10-24,AVAILABLE
P05893,Green Tea,2026-03-26,2026-04-07 05:08:02,2027-10-20,AVAILABLE
P05894,Mechanical Keyboard,2024-03-12,2024-03-28 21:04:59,2026-12-01,AVAILABLE
P05895,Orange Juice,2025-12-05,2025-12-23 11:24:09,2028-07-11,AVAILABLE
P05896,Laundry Detergent,2023-01-15,2023-01-28 12:06:04,2024-02-20,EXPIRED
P05897,Shampoo,2023-09-26,2023-10-20 01:41:14,2024-02-24,EXPIRED
P05898,Mineral Water,2026-04-27,2026-05-24 11:04:27,2028-03-08,AVAILABLE
P05899,USB Cable,2023-12-11,2023-12-15 03:35:27,2024-04-17,EXPIRED
P05900,USB Cable,2026-01-15,2026-01-18 03:42:46,2026-11-10,RESERVED
P05901,Instant Coffee,2026-06-12,2026-07-10 19:59:14,2027-08-16,AVAILABLE
P05902,Laptop Stand,2024-10-26,2024-11-07 18:55:47,2027-10-01,AVAILABLE
P05903,Notebook,2023-10-05,2023-10-07 13:50:09,2025-01-29,EXPIRED
P05904,Power Bank,2024-08-05,2024-09-01 21:21:38,2027-02-02,AVAILABLE
P05905,Dish Soap,2026-05-24,2026-06-21 03:54:01,2028-08-23,RESERVED
P05906,Power Bank,2026-03-14,2026-04-08 12:55:35,2026-07-21,EXPIRED
P05907,Chocolate,2025-01-05,2025-01-06 11:10:05,2025-06-17,EXPIRED
P05908,Bluetooth Speaker,2023-04-11,2023-05-08 06:50:27,2023-05-23,EXPIRED
P05909,Dish Soap,2023-09-08,2023-09-21 08:49:06,2023-11-04,EXPIRED
P05910,Green Tea,2024-06-06,2024-06-30 13:53:02,2024-12-07,EXPIRED
P05911,Ballpoint Pen,2025-10-20,2025-11-19 03:16:02,2027-03-17,AVAILABLE
P05912,Shampoo,2026-02-28,2026-03-11 08:17:36,2028-03-20,AVAILABLE
P05913,Mineral Water,2023-01-24,2023-02-12 21:51:54,2025-01-03,EXPIRED
P05914,Dish Soap,2023-03-13,2023-03-27 04:44:29,2024-09-30,EXPIRED
P05915,Cereal,2025-03-26,2025-04-09 19:35:14,2027-04-08,AVAILABLE
P05916,Mechanical Keyboard,2025-09-24,2025-10-03 04:38:17,2026-04-02,EXPIRED
P05917,Chocolate,2023-10-21,2023-11-12 19:42:01,2025-07-06,EXPIRED
P05918,Ballpoint Pen,2025-01-05,2025-01-20 20:28:58,2027-07-06,AVAILABLE
P05919,Cereal,2024-01-26,2024-02-17 20:34:18,2026-09-12,EXPIRED
P05920,Mineral Water,2025-03-10,2025-03-30 02:56:38,2027-03-17,AVAILABLE
P05921,Mechanical Keyboard,2023-07-16,2023-07-29 09:31:08,2025-11-12,EXPIRED
P05922,Power Bank,2025-08-19,2025-08-29 21:45:24,2028-08-15,AVAILABLE
P05923,Notebook,2023-01-30,2023-02-04 21:24:08,2025-08-30,EXPIRED
P05924,Mineral Water,2023-06-23,2023-06-27 12:24:08,2025-10-17,EXPIRED
P05925,Shampoo,2023-01-17,2023-02-11 06:19:38,2023-11-04,EXPIRED
P05926,Green Tea,2025-03-30,2025-04-28 17:38:58,2027-08-22,AVAILABLE
P05927,Mechanical Keyboard,2023-09-13,2023-09-26 11:24:10,2026-07-28,EXPIRED
P05928,Hand Soap,2024-08-27,2024-08-29 05:04:57,2026-10-11,AVAILABLE
P05929,Bluetooth Speaker,2024-02-27,2024-03-01 22:09:20,2025-01-25,EXPIRED
P05930,Green Tea,2024-01-03,2024-01-10 10:09:21,2026-04-11,EXPIRED
P05931,Mechanical Keyboard,2023-01-02,2023-01-19 10:47:53,2024-10-25,EXPIRED
P05932,Ballpoint Pen,2025-03-10,2025-04-08 02:28:11,2025-11-16,EXPIRED
P05933,Orange Juice,2023-04-26,2023-05-07 04:00:40,2025-06-01,EXPIRED
P05934,Instant Coffee,2024-11-07,2024-11-14 02:12:46,2025-08-07,EXPIRED
P05935,Dish Soap,2024-07-11,2024-07-23 13:01:21,2025-11-23,EXPIRED
P05936,Chocolate,2026-09-21,2026-09-26 07:09:08,2027-07-01,AVAILABLE
P05937,Ballpoint Pen,2023-06-24,2023-07-23 04:58:56,2025-01-28,EXPIRED
P05938,Green Tea,2024-04-08,2024-05-02 03:50:52,2025-11-26,EXPIRED
P05939,USB Cable,2024-07-29,2024-08-26 00:51:57,2027-05-19,AVAILABLE
P05940,Instant Coffee,2024-06-27,2024-07-20 06:43:53,2027-03-07,AVAILABLE
P05941,Notebook,2026-01-19,2026-01-24 22:55:19,2026-05-21,EXPIRED
P05942,Bluetooth Speaker,2023-07-17,2023-08-16 03:27:59,2024-06-12,EXPIRED
P05943,Instant Coffee,2023-07-09,2023-07-16 15:39:36,2026-07-01,EXPIRED
P05944,USB Cable,2025-10-25,2025-10-29 20:00:02,2028-01-17,AVAILABLE
P05945,Chocolate,2023-11-30,2023-12-14 11:29:33,2026-06-08,EXPIRED
P05946,Water Bottle,2024-11-11,2024-11-23 16:30:28,2026-07-12,EXPIRED
P05947,Orange Juice,2023-09-19,2023-10-03 06:49:44,2025-06-25,EXPIRED
P05948,Dish Soap,2025-12-06,2025-12-24 04:12:47,2028-10-12,RESERVED
P05949,Bluetooth Speaker,2024-10-06,2024-10-16 09:47:11,2025-07-25,EXPIRED
P05950,Cereal,2024-02-19,2024-03-01 03:04:57,2026-10-30,AVAILABLE
P05951,Laundry Detergent,2024-01-18,2024-02-05 00:21:02,2025-07-12,EXPIRED
P05952,Green Tea,2024-11-19,2024-12-01 07:35:47,2026-01-05,EXPIRED
P05953,Dish Soap,2025-08-24,2025-08-30 00:16:28,2027-12-14,AVAILABLE
P05954,Shampoo,2025-02-16,2025-03-18 12:45:02,2025-12-06,EXPIRED
P05955,Laundry Detergent,2026-01-23,2026-02-08 09:20:45,2028-12-13,AVAILABLE
P05956,USB Cable,2023-09-22,2023-09-24 20:30:20,2024-12-20,EXPIRED
P05957,USB Cable,2024-03-16,2024-04-08 12:35:23,2025-05-08,EXPIRED
P05958,Power Bank,2025-01-30,2025-02-24 22:08:25,2025-11-18,EXPIRED
P05959,Power Bank,2026-09-06,2026-09-27 01:30:53,2028-06-02,RESERVED
P05960,USB Cable,2024-06-10,2024-07-06 08:14:00,2025-03-16,EXPIRED
P05961,Wireless Mouse,2025-03-04,2025-03-07 08:59:18,2027-04-01,AVAILABLE
P05962,Notebook,2026-05-08,2026-05-21 09:22:45,2029-01-06,AVAILABLE
P05963,Green Tea,2024-02-24,2024-03-02 02:38:50,2026-11-30,AVAILABLE
P05964,Power Bank,2025-01-12,2025-01-20 07:52:15,2026-08-31,EXPIRED
P05965,Notebook,2025-07-12,2025-07-18 19:27:53,2028-03-25,AVAILABLE
P05966,USB Cable,2023-02-21,2023-03-18 01:47:13,2024-12-01,EXPIRED
P05967,Instant Coffee,2024-08-26,2024-09-05 19:38:31,2026-10-11,RESERVED
P05968,Laundry Detergent,2024-12-29,2025-01-25 17:45:26,2025-06-17,EXPIRED
P05969,Dish Soap,2025-12-08,2025-12-25 02:53:59,2028-09-08,AVAILABLE
P05970,Mineral Water,2023-04-20,2023-05-13 04:07:23,2024-03-29,EXPIRED
P05971,Hand Soap,2026-05-28,2026-06-06 06:29:27,2027-09-19,AVAILABLE
P05972,Bluetooth Speaker,2025-10-02,2025-10-31 09:37:55,2026-02-01,EXPIRED
P05973,Water Bottle,2024-03-15,2024-03-19 05:10:11,2025-07-27,EXPIRED
P05974,Ballpoint Pen,2024-10-20,2024-10-29 17:02:59,2027-05-07,AVAILABLE
P05975,Chocolate,2025-07-11,2025-07-18 21:07:19,2026-10-31,AVAILABLE
P05976,Laundry Detergent,2025-08-06,2025-08-16 14:30:46,2028-06-17,AVAILABLE
P05977,Wireless Mouse,2025-07-29,2025-07-30 07:25:24,2027-12-17,AVAILABLE
P05978,Mineral Water,2023-01-26,2023-01-27 21:28:24,2023-12-07,EXPIRED
P05979,Laptop Stand,2026-01-30,2026-02-27 04:07:55,2027-03-06,RESERVED
P05980,Laundry Detergent,2023-09-18,2023-09-22 18:53:59,2024-12-26,EXPIRED
P05981,Dish Soap,2025-04-30,2025-05-28 17:10:30,2026-11-16,AVAILABLE
P05982,Bluetooth Speaker,2025-05-23,2025-06-01 22:50:13,2026-08-17,EXPIRED
P05983,Water Bottle,2023-01-23,2023-02-22 09:46:49,2025-02-28,EXPIRED
P05984,Notebook,2025-06-01,2025-06-20 05:42:48,2025-09-14,EXPIRED
P05985,Mineral Water,2025-04-01,2025-04-23 12:02:56,2026-11-11,AVAILABLE
P05986,Orange Juice,2024-04-19,2024-04-23 05:12:16,2025-11-11,EXPIRED
P05987,Water Bottle,2024-11-27,2024-12-14 23:17:37,2025-07-02,EXPIRED
P05988,Power Bank,2025-12-02,2025-12-24 09:55:51,2028-06-05,AVAILABLE
P05989,Power Bank,2023-11-12,2023-11-21 05:07:01,2026-02-15,EXPIRED
P05990,Instant Coffee,2025-08-15,2025-09-02 21:05:30,2025-10-22,EXPIRED
P05991,Chocolate,2026-02-19,2026-03-14 23:14:50,2028-04-29,AVAILABLE
P05992,Dish Soap,2023-07-14,2023-07-17 22:26:46,2025-07-05,EXPIRED
P05993,Notebook,2024-12-17,2025-01-16 11:47:52,2027-02-17,AVAILABLE
P05994,Green Tea,2023-12-08,2023-12-11 19:15:31,2025-02-14,EXPIRED
P05995,Power Bank,2024-03-03,2024-03-28 13:12:58,2026-06-17,EXPIRED
P05996,Cereal,2026-03-26,2026-04-11 05:31:25,2028-11-24,AVAILABLE
P05997,Dish Soap,2025-10-05,2025-10-21 15:23:36,2027-01-07,AVAILABLE
P05998,Laundry Detergent,2025-05-20,2025-05-23 06:53:49,2027-03-13,AVAILABLE
P05999,Hand Soap,2024-06-10,2024-06-30 02:37:22,2025-10-03,EXPIRED
P06000,Laundry Detergent,2023-02-18,2023-03-08 20:34:51,2024-11-18,EXPIRED
P06001,Laptop Stand,2025-06-04,2025-06-30 15:54:08,2026-08-01,EXPIRED
P06002,Water Bottle,2026-05-29,2026-06-18 00:43:51,2029-03-27,AVAILABLE
P06003,Power Bank,2025-01-14,2025-02-11 00:02:06,2025-07-16,EXPIRED
P06004,USB Cable,2024-04-03,2024-04-23 03:21:19,2024-05-03,EXPIRED
P06005,Chocolate,2024-08-02,2024-08-08 23:12:26,2026-01-28,EXPIRED
P06006,Hand Soap,2026-06-20,2026-06-26 02:16:37,2026-08-15,EXPIRED
P06007,USB Cable,2023-01-06,2023-02-03 23:33:25,2023-08-23,EXPIRED
P06008,Mineral Water,2024-05-27,2024-06-23 14:45:38,2024-08-02,EXPIRED
P06009,Chocolate,2026-07-11,2026-08-06 21:38:36,2027-02-09,AVAILABLE
P06010,Hand Soap,2024-04-04,2024-04-21 21:59:01,2026-06-24,EXPIRED
P06011,Toothpaste,2026-06-09,2026-06-28 12:29:42,2027-10-25,AVAILABLE
P06012,Toothpaste,2024-01-07,2024-01-09 18:43:25,2024-10-05,EXPIRED
P06013,Mechanical Keyboard,2024-01-07,2024-02-01 06:29:11,2026-07-10,EXPIRED
P06014,Chocolate,2024-04-03,2024-04-25 05:03:23,2027-03-11,AVAILABLE
P06015,Notebook,2026-03-04,2026-03-19 05:57:17,2028-04-15,AVAILABLE
P06016,Hand Soap,2023-08-01,2023-08-23 20:23:23,2026-02-25,EXPIRED
P06017,Ballpoint Pen,2024-02-05,2024-02-11 15:29:00,2024-11-03,EXPIRED
P06018,Power Bank,2024-11-18,2024-11-28 21:39:06,2027-07-31,RESERVED
P06019,Hand Soap,2024-02-26,2024-03-18 05:46:53,2026-07-22,EXPIRED
P06020,Wireless Mouse,2026-04-15,2026-04-29 16:21:26,2029-03-21,AVAILABLE
P06021,Laundry Detergent,2026-08-05,2026-08-27 17:26:48,2027-01-10,AVAILABLE
P06022,Dish Soap,2024-12-03,2024-12-25 19:30:12,2026-12-13,AVAILABLE
P06023,Mineral Water,2025-09-07,2025-10-05 18:18:53,2026-12-16,RESERVED
P06024,Water Bottle,2025-04-21,2025-04-30 08:56:31,2025-09-02,EXPIRED
P06025,Laptop Stand,2025-02-22,2025-03-01 04:31:25,2027-12-28,RESERVED
P06026,Shampoo,2024-12-19,2025-01-08 12:51:55,2026-07-12,EXPIRED
P06027,Cereal,2025-11-27,2025-12-12 20:47:24,2028-02-23,AVAILABLE
P06028,Green Tea,2026-04-09,2026-04-30 08:28:47,2026-10-16,AVAILABLE
P06029,Orange Juice,2026-07-10,2026-08-05 23:15:17,2029-02-01,AVAILABLE
P06030,Cereal,2026-08-19,2026-08-21 22:40:08,2028-02-18,AVAILABLE
P06031,Orange Juice,2024-05-09,2024-05-24 15:10:38,2024-06-19,EXPIRED
P06032,Laundry Detergent,2024-07-12,2024-08-03 23:33:39,2026-11-04,AVAILABLE
P06033,Instant Coffee,2026-08-07,2026-08-27 08:21:56,2026-10-31,AVAILABLE
P06034,Toothpaste,2024-12-16,2024-12-25 17:55:02,2027-09-29,AVAILABLE
P06035,Wireless Mouse,2025-02-06,2025-02-14 17:13:12,2027-04-08,AVAILABLE
P06036,Notebook,2024-01-22,2024-01-28 23:38:07,2025-07-12,EXPIRED
P06037,Shampoo,2026-05-15,2026-05-28 09:47:33,2026-09-09,EXPIRED
P06038,Green Tea,2023-03-01,2023-03-17 07:29:13,2023-07-22,EXPIRED
P06039,Green Tea,2023-06-28,2023-07-10 00:46:56,2025-09-26,EXPIRED
P06040,Water Bottle,2023-12-28,2024-01-23 22:16:53,2024-03-27,EXPIRED
P06041,Cereal,2023-07-31,2023-08-02 23:56:09,2025-12-11,EXPIRED
P06042,Orange Juice,2025-11-23,2025-12-01 17:28:40,2028-05-25,AVAILABLE
P06043,Water Bottle,2024-08-19,2024-09-18 12:29:17,2027-02-09,AVAILABLE
P06044,Mineral Water,2025-06-03,2025-06-27 01:15:13,2026-04-08,EXPIRED
P06045,Hand Soap,2024-02-07,2024-03-05 18:39:30,2025-08-31,EXPIRED
P06046,Power Bank,2024-11-18,2024-12-08 04:50:03,2026-07-21,EXPIRED
P06047,USB Cable,2023-04-20,2023-05-19 02:01:11,2026-02-14,EXPIRED
P06048,Shampoo,2023-04-02,2023-04-18 17:07:43,2025-03-03,EXPIRED
P06049,Power Bank,2025-03-13,2025-03-23 16:16:37,2027-11-13,AVAILABLE
P06050,Notebook,2026-07-22,2026-08-07 06:33:12,2027-12-17,AVAILABLE
P06051,Shampoo,2023-06-28,2023-07-07 08:13:56,2025-05-16,EXPIRED
P06052,Toothpaste,2026-09-04,2026-09-16 08:45:30,2027-12-08,AVAILABLE
P06053,Wireless Mouse,2024-12-05,2024-12-27 20:43:11,2027-04-23,AVAILABLE
P06054,Laptop Stand,2025-08-15,2025-08-16 23:25:55,2028-05-04,AVAILABLE
P06055,Shampoo,2025-08-21,2025-08-23 15:05:40,2026-05-23,EXPIRED
P06056,Laptop Stand,2026-05-13,2026-05-19 07:56:46,2028-09-06,AVAILABLE
P06057,Water Bottle,2026-03-13,2026-03-17 04:12:31,2028-11-12,AVAILABLE
P06058,Orange Juice,2026-05-10,2026-05-31 18:33:19,2027-01-04,RESERVED
P06059,Water Bottle,2024-05-23,2024-06-08 13:59:32,2026-12-22,AVAILABLE
P06060,Cereal,2025-10-31,2025-11-25 00:31:37,2026-04-14,EXPIRED
P06061,Mechanical Keyboard,2026-07-10,2026-08-05 12:54:41,2028-08-22,AVAILABLE
P06062,Wireless Mouse,2025-05-25,2025-06-03 01:31:02,2028-01-11,AVAILABLE
P06063,Water Bottle,2026-01-06,2026-01-28 20:19:28,2027-08-09,AVAILABLE
P06064,Water Bottle,2023-01-22,2023-01-30 08:33:53,2025-02-09,EXPIRED
P06065,Toothpaste,2024-03-12,2024-03-26 10:42:18,2024-04-25,EXPIRED
P06066,Chocolate,2024-06-21,2024-07-11 04:30:11,2027-06-08,AVAILABLE
P06067,Ballpoint Pen,2023-01-21,2023-01-28 03:55:28,2025-12-22,EXPIRED
P06068,Instant Coffee,2026-09-20,2026-10-16 12:51:16,2028-03-06,RESERVED
P06069,USB Cable,2025-05-26,2025-06-11 23:33:20,2028-04-19,AVAILABLE
P06070,Green Tea,2024-07-01,2024-07-30 01:35:35,2026-05-08,EXPIRED
P06071,Notebook,2024-03-17,2024-03-18 06:11:40,2024-06-23,EXPIRED
P06072,Toothpaste,2026-07-06,2026-08-04 11:27:00,2028-07-05,AVAILABLE
P06073,Shampoo,2026-06-22,2026-07-12 01:07:47,2028-07-31,AVAILABLE
P06074,Water Bottle,2026-08-22,2026-08-24 04:38:38,2028-12-22,AVAILABLE
P06075,Water Bottle,2024-03-24,2024-03-25 19:52:57,2025-03-27,EXPIRED
P06076,Instant Coffee,2025-01-03,2025-01-31 12:22:16,2025-02-08,EXPIRED
P06077,Instant Coffee,2023-03-02,2023-03-17 19:41:37,2023-11-27,EXPIRED
P06078,Orange Juice,2024-07-17,2024-08-12 01:51:11,2027-03-22,AVAILABLE
P06079,Laptop Stand,2023-02-22,2023-02-26 04:55:40,2025-03-24,EXPIRED
P06080,Water Bottle,2023-07-11,2023-07-29 10:00:01,2025-03-30,EXPIRED
P06081,Bluetooth Speaker,2024-02-15,2024-02-18 21:34:08,2024-06-03,EXPIRED
P06082,Mineral Water,2025-11-25,2025-11-30 01:19:33,2026-09-05,EXPIRED
P06083,Mechanical Keyboard,2026-03-06,2026-03-14 01:58:22,2027-12-04,AVAILABLE
P06084,Chocolate,2025-07-07,2025-07-14 16:22:28,2028-04-26,AVAILABLE
P06085,Toothpaste,2024-02-23,2024-03-13 16:47:09,2025-09-29,EXPIRED
P06086,Cereal,2026-07-30,2026-08-21 10:15:33,2027-03-31,AVAILABLE
P06087,USB Cable,2026-01-02,2026-01-08 15:09:55,2027-02-20,AVAILABLE
P06088,Bluetooth Speaker,2025-06-13,2025-07-13 08:54:08,2027-07-10,AVAILABLE
P06089,Dish Soap,2024-12-04,2024-12-10 11:23:41,2027-08-17,RESERVED
P06090,Shampoo,2025-12-17,2026-01-12 16:42:46,2026-06-27,EXPIRED
P06091,Cereal,2024-11-24,2024-12-13 01:15:03,2027-11-10,AVAILABLE
P06092,Notebook,2025-05-16,2025-06-09 23:54:53,2027-04-18,AVAILABLE
P06093,Green Tea,2025-10-24,2025-11-08 12:06:43,2027-10-17,AVAILABLE
P06094,Chocolate,2025-11-15,2025-12-03 09:37:47,2026-08-07,EXPIRED
P06095,Cereal,2023-03-04,2023-03-21 18:08:41,2024-09-06,EXPIRED
P06096,Chocolate,2025-04-13,2025-05-06 09:02:15,2027-03-24,AVAILABLE
P06097,Toothpaste,2025-04-25,2025-05-15 11:22:50,2027-05-16,AVAILABLE
P06098,Water Bottle,2025-01-24,2025-02-21 10:32:32,2025-08-01,EXPIRED
P06099,Mechanical Keyboard,2025-11-05,2025-11-30 22:08:42,2026-10-13,AVAILABLE
P06100,Toothpaste,2024-11-06,2024-11-16 14:49:53,2027-06-19,RESERVED
P06101,Hand Soap,2025-10-06,2025-10-15 11:36:55,2026-11-08,AVAILABLE
P06102,Chocolate,2023-08-29,2023-09-03 06:32:28,2024-07-27,EXPIRED
P06103,Chocolate,2026-04-16,2026-05-12 07:30:38,2029-01-02,AVAILABLE
P06104,Mechanical Keyboard,2023-02-04,2023-02-20 01:45:18,2025-01-11,EXPIRED
P06105,Orange Juice,2026-05-13,2026-05-23 17:53:19,2028-10-11,AVAILABLE
P06106,Green Tea,2023-08-05,2023-08-19 13:08:12,2025-08-02,EXPIRED
P06107,Shampoo,2026-09-11,2026-10-09 15:07:09,2028-08-16,AVAILABLE
P06108,Notebook,2024-03-28,2024-04-08 00:59:10,2026-11-05,AVAILABLE
P06109,Toothpaste,2024-06-23,2024-07-13 23:50:01,2026-08-31,EXPIRED
P06110,Chocolate,2023-09-11,2023-10-07 04:58:49,2024-08-19,EXPIRED
P06111,Hand Soap,2023-10-30,2023-11-21 15:25:23,2025-01-06,EXPIRED
P06112,USB Cable,2024-08-02,2024-08-29 11:07:44,2025-10-19,EXPIRED
P06113,Green Tea,2023-07-31,2023-08-16 20:52:03,2023-12-22,EXPIRED
P06114,Cereal,2024-08-02,2024-08-14 10:35:15,2026-04-17,EXPIRED
P06115,Orange Juice,2024-12-29,2025-01-18 10:56:53,2027-02-11,AVAILABLE
P06116,Laptop Stand,2023-09-09,2023-09-23 17:42:13,2024-11-28,EXPIRED
P06117,Orange Juice,2026-09-09,2026-09-25 22:55:48,2029-02-04,AVAILABLE
P06118,Dish Soap,2023-04-21,2023-05-09 19:22:48,2023-06-05,EXPIRED
P06119,Chocolate,2026-04-03,2026-04-06 00:32:26,2026-08-15,EXPIRED
P06120,Chocolate,2024-02-16,2024-02-19 15:05:23,2026-01-21,EXPIRED
P06121,Hand Soap,2026-02-19,2026-03-02 05:05:40,2028-10-11,AVAILABLE
P06122,Instant Coffee,2024-04-01,2024-04-14 17:24:56,2024-08-03,EXPIRED
P06123,Ballpoint Pen,2024-05-11,2024-06-08 02:42:43,2026-10-18,AVAILABLE
P06124,Dish Soap,2026-03-25,2026-04-23 16:32:34,2028-04-10,RESERVED
P06125,Wireless Mouse,2023-06-30,2023-07-02 11:23:50,2024-09-05,EXPIRED
P06126,Ballpoint Pen,2023-06-10,2023-06-13 03:23:53,2024-09-01,EXPIRED
P06127,Laptop Stand,2023-03-31,2023-04-06 12:18:03,2023-07-06,EXPIRED
P06128,Ballpoint Pen,2024-01-24,2024-02-15 21:46:15,2025-05-12,EXPIRED
P06129,Notebook,2025-06-06,2025-06-14 15:37:02,2026-07-19,EXPIRED
P06130,Wireless Mouse,2024-04-28,2024-05-16 17:40:28,2027-04-25,AVAILABLE
P06131,USB Cable,2026-02-20,2026-03-10 19:13:33,2027-11-20,AVAILABLE
P06132,Toothpaste,2025-11-30,2025-12-04 13:49:28,2028-06-02,AVAILABLE
P06133,Instant Coffee,2024-07-13,2024-08-11 04:47:00,2025-12-01,EXPIRED
P06134,Chocolate,2025-11-15,2025-12-08 02:11:18,2026-12-31,RESERVED
P06135,Mineral Water,2025-06-09,2025-06-19 15:17:09,2027-11-01,AVAILABLE
P06136,Green Tea,2023-03-03,2023-03-12 14:41:35,2024-05-03,EXPIRED
P06137,Laptop Stand,2025-10-10,2025-10-30 13:26:15,2028-05-02,AVAILABLE
P06138,Cereal,2025-11-27,2025-11-30 21:44:35,2028-08-24,AVAILABLE
P06139,Chocolate,2024-07-12,2024-08-01 18:10:19,2026-10-14,AVAILABLE
P06140,Toothpaste,2026-09-21,2026-09-24 09:59:16,2028-12-15,AVAILABLE
P06141,Water Bottle,2026-03-11,2026-03-31 22:21:15,2026-10-15,AVAILABLE
P06142,Cereal,2025-06-14,2025-06-27 09:41:09,2026-08-19,EXPIRED
P06143,Ballpoint Pen,2024-07-25,2024-07-26 04:40:24,2024-09-15,EXPIRED
P06144,Laundry Detergent,2026-03-03,2026-03-29 12:17:49,2028-06-05,AVAILABLE
P06145,Shampoo,2025-11-29,2025-12-02 03:42:34,2027-01-05,AVAILABLE
P06146,Notebook,2023-10-26,2023-11-03 21:49:41,2024-08-30,EXPIRED
P06147,Green Tea,2025-02-24,2025-03-14 15:08:11,2025-07-11,EXPIRED
P06148,Instant Coffee,2025-08-15,2025-08-22 07:31:45,2027-03-20,AVAILABLE
P06149,Mineral Water,2023-05-12,2023-05-19 16:26:31,2025-02-16,EXPIRED
P06150,Dish Soap,2024-10-31,2024-11-16 16:15:03,2026-05-27,EXPIRED
P06151,Cereal,2024-11-02,2024-11-21 12:43:51,2026-09-29,RESERVED
P06152,Toothpaste,2026-09-18,2026-10-01 20:52:42,2028-11-17,AVAILABLE
P06153,Dish Soap,2025-02-28,2025-03-18 21:00:03,2027-03-22,AVAILABLE
P06154,USB Cable,2023-09-27,2023-10-27 12:40:47,2026-07-03,EXPIRED
P06155,Shampoo,2024-06-18,2024-07-09 08:38:16,2025-09-30,EXPIRED
P06156,Shampoo,2024-04-04,2024-04-10 14:02:23,2026-08-23,EXPIRED
P06157,Power Bank,2024-06-06,2024-06-20 11:12:56,2025-12-02,EXPIRED
P06158,Green Tea,2023-12-30,2024-01-01 01:18:09,2024-07-26,EXPIRED
P06159,Dish Soap,2025-06-02,2025-06-17 08:29:45,2026-01-22,EXPIRED
P06160,Orange Juice,2023-10-09,2023-10-11 07:20:05,2024-05-15,EXPIRED
P06161,Notebook,2025-12-16,2025-12-28 21:42:01,2027-12-12,AVAILABLE
P06162,Orange Juice,2026-07-08,2026-07-12 07:14:20,2028-05-22,AVAILABLE
P06163,Laundry Detergent,2023-06-29,2023-07-20 08:12:58,2024-08-12,EXPIRED
P06164,Laptop Stand,2026-02-26,2026-03-15 15:57:27,2028-07-16,RESERVED
P06165,Water Bottle,2024-01-17,2024-02-14 15:42:37,2024-05-23,EXPIRED
P06166,Green Tea,2023-09-21,2023-09-28 06:35:06,2023-10-24,EXPIRED
P06167,Mineral Water,2023-03-25,2023-04-24 23:51:32,2023-09-29,EXPIRED
P06168,Hand Soap,2023-03-30,2023-04-01 11:09:08,2023-10-12,EXPIRED
P06169,Dish Soap,2024-07-01,2024-07-13 14:57:53,2026-03-28,EXPIRED
P06170,Notebook,2025-04-12,2025-04-24 19:38:01,2027-03-26,AVAILABLE
P06171,Hand Soap,2023-02-08,2023-03-03 05:22:39,2025-08-05,EXPIRED
P06172,Power Bank,2023-08-20,2023-09-15 09:13:20,2026-07-16,EXPIRED
P06173,Water Bottle,2023-04-02,2023-04-12 00:40:30,2026-01-07,EXPIRED
P06174,Orange Juice,2023-09-10,2023-09-18 01:27:04,2023-11-01,EXPIRED
P06175,Ballpoint Pen,2023-11-10,2023-12-09 04:06:25,2026-06-30,EXPIRED
P06176,Chocolate,2024-11-25,2024-12-21 06:52:29,2025-08-07,EXPIRED
P06177,Chocolate,2025-07-04,2025-07-12 04:02:18,2026-12-19,AVAILABLE
P06178,Ballpoint Pen,2023-09-16,2023-10-01 09:15:51,2024-04-11,EXPIRED
P06179,Laptop Stand,2025-04-27,2025-05-11 13:22:25,2025-08-23,EXPIRED
P06180,Laptop Stand,2024-03-29,2024-04-05 12:05:57,2026-08-23,EXPIRED
P06181,Orange Juice,2024-11-26,2024-12-13 00:26:48,2025-10-20,EXPIRED
P06182,Green Tea,2025-07-18,2025-07-29 10:21:09,2027-12-27,AVAILABLE
P06183,Bluetooth Speaker,2023-04-21,2023-05-13 07:25:40,2026-01-13,EXPIRED
P06184,Mechanical Keyboard,2023-10-22,2023-11-06 23:20:07,2023-12-06,EXPIRED
P06185,Wireless Mouse,2024-12-30,2025-01-28 23:54:53,2027-07-12,AVAILABLE
P06186,Hand Soap,2023-03-27,2023-04-10 18:00:20,2025-11-27,EXPIRED
P06187,USB Cable,2023-05-26,2023-06-01 02:44:33,2023-12-29,EXPIRED
P06188,Mineral Water,2025-07-18,2025-08-15 22:38:12,2026-08-21,EXPIRED
P06189,Instant Coffee,2025-01-17,2025-02-12 06:36:51,2026-06-01,EXPIRED
P06190,Instant Coffee,2023-02-04,2023-02-25 11:17:33,2024-10-03,EXPIRED
P06191,Notebook,2024-10-16,2024-10-19 13:21:30,2025-03-09,EXPIRED
P06192,Toothpaste,2026-04-06,2026-04-16 06:09:55,2026-12-13,RESERVED
P06193,Dish Soap,2024-04-10,2024-04-12 04:17:11,2026-07-29,EXPIRED
P06194,Green Tea,2025-04-24,2025-05-18 16:50:21,2027-04-01,RESERVED
P06195,Power Bank,2026-03-20,2026-03-21 04:46:02,2028-01-02,AVAILABLE
P06196,USB Cable,2024-10-23,2024-11-15 09:34:32,2025-01-28,EXPIRED
P06197,Cereal,2023-07-21,2023-07-23 19:14:12,2025-03-24,EXPIRED
P06198,Mineral Water,2025-01-17,2025-02-10 07:14:26,2026-04-07,EXPIRED
P06199,Instant Coffee,2023-01-14,2023-01-25 15:45:49,2025-03-08,EXPIRED
P06200,Chocolate,2024-02-01,2024-02-16 22:55:03,2024-03-07,EXPIRED
P06201,Notebook,2026-01-11,2026-02-09 09:07:25,2027-08-03,AVAILABLE
P06202,Toothpaste,2025-07-08,2025-07-10 20:41:09,2026-02-19,EXPIRED
P06203,Toothpaste,2023-01-22,2023-02-18 23:17:28,2023-06-26,EXPIRED
P06204,Power Bank,2024-01-12,2024-01-23 22:44:55,2025-01-23,EXPIRED
P06205,Laundry Detergent,2024-04-03,2024-05-01 06:58:58,2026-12-22,AVAILABLE
P06206,Toothpaste,2026-08-07,2026-09-03 17:23:24,2027-04-16,AVAILABLE
P06207,Mineral Water,2026-05-24,2026-06-08 11:02:22,2027-01-02,AVAILABLE
P06208,Instant Coffee,2026-02-26,2026-03-06 00:48:44,2026-08-16,EXPIRED
P06209,Mechanical Keyboard,2024-12-11,2025-01-04 11:57:52,2025-06-30,EXPIRED
P06210,Mineral Water,2026-05-27,2026-06-21 17:12:15,2026-11-23,AVAILABLE
P06211,Notebook,2024-03-09,2024-04-07 12:18:41,2027-01-26,AVAILABLE
P06212,Dish Soap,2026-05-18,2026-06-10 08:46:19,2026-09-13,EXPIRED
P06213,Mineral Water,2024-12-18,2025-01-10 22:51:40,2026-09-15,EXPIRED
P06214,Orange Juice,2023-11-02,2023-11-26 10:36:12,2025-12-25,EXPIRED
P06215,Toothpaste,2023-02-13,2023-03-07 15:54:24,2025-04-08,EXPIRED
P06216,Wireless Mouse,2026-03-26,2026-04-04 12:11:55,2026-05-20,EXPIRED
P06217,Hand Soap,2026-01-06,2026-02-04 20:20:27,2026-12-03,RESERVED
P06218,Laptop Stand,2025-07-10,2025-07-14 18:42:52,2026-07-02,EXPIRED
P06219,Shampoo,2023-02-23,2023-03-20 04:59:53,2025-05-17,EXPIRED
P06220,USB Cable,2023-09-06,2023-09-24 13:32:55,2023-11-15,EXPIRED
P06221,Power Bank,2023-02-24,2023-03-16 07:27:53,2023-04-01,EXPIRED
P06222,Notebook,2026-08-22,2026-08-25 18:17:54,2026-09-28,AVAILABLE
P06223,USB Cable,2026-08-31,2026-09-15 01:03:55,2027-11-06,AVAILABLE
P06224,Hand Soap,2025-04-11,2025-05-03 05:33:01,2027-04-16,RESERVED
P06225,Dish Soap,2025-08-03,2025-08-18 15:54:31,2025-12-12,EXPIRED
P06226,USB Cable,2024-07-22,2024-08-13 18:29:08,2026-10-19,AVAILABLE
P06227,Bluetooth Speaker,2023-07-25,2023-07-29 18:21:27,2025-11-22,EXPIRED
P06228,Chocolate,2025-06-07,2025-06-08 15:28:12,2027-04-19,AVAILABLE
P06229,Orange Juice,2025-03-10,2025-04-02 18:43:07,2026-03-17,EXPIRED
P06230,Bluetooth Speaker,2023-03-17,2023-03-29 03:13:23,2025-07-15,EXPIRED
P06231,Instant Coffee,2026-03-11,2026-04-10 23:42:29,2027-11-09,RESERVED
P06232,Dish Soap,2026-06-02,2026-06-08 11:02:03,2029-04-12,AVAILABLE
P06233,Power Bank,2025-05-19,2025-06-03 23:17:56,2027-10-18,RESERVED
P06234,Hand Soap,2024-01-23,2024-02-04 17:07:35,2024-11-15,EXPIRED
P06235,Power Bank,2025-09-30,2025-10-24 15:16:32,2028-05-07,AVAILABLE
P06236,Hand Soap,2025-07-12,2025-08-01 07:23:55,2027-06-24,RESERVED
P06237,Laundry Detergent,2024-09-20,2024-09-27 17:15:23,2026-12-20,AVAILABLE
P06238,Notebook,2026-04-23,2026-05-09 03:11:22,2027-03-15,AVAILABLE
P06239,USB Cable,2026-06-06,2026-06-13 01:44:24,2027-12-08,AVAILABLE
P06240,Notebook,2023-09-10,2023-09-15 12:51:31,2024-05-26,EXPIRED
P06241,Notebook,2023-07-02,2023-07-21 13:37:36,2024-08-22,EXPIRED
P06242,Water Bottle,2025-01-26,2025-02-03 21:02:13,2025-07-31,EXPIRED
P06243,Instant Coffee,2026-02-10,2026-02-26 17:13:02,2027-12-29,RESERVED
P06244,Mineral Water,2025-12-22,2025-12-27 16:51:47,2028-09-24,AVAILABLE
P06245,Instant Coffee,2024-04-27,2024-05-08 10:11:27,2025-05-13,EXPIRED
P06246,Mechanical Keyboard,2023-10-06,2023-10-26 21:17:49,2026-08-06,EXPIRED
P06247,Green Tea,2025-09-10,2025-09-27 03:07:11,2026-08-28,EXPIRED
P06248,Mineral Water,2026-04-25,2026-05-23 21:37:12,2028-01-09,RESERVED
P06249,Orange Juice,2023-09-08,2023-09-23 07:36:10,2024-06-25,EXPIRED
P06250,Bluetooth Speaker,2026-03-31,2026-04-08 02:28:41,2028-11-27,AVAILABLE
P06251,Shampoo,2024-11-18,2024-12-17 00:50:15,2026-07-08,EXPIRED
P06252,Toothpaste,2025-02-03,2025-03-02 20:41:03,2026-12-12,AVAILABLE
P06253,Hand Soap,2026-09-14,2026-09-30 23:30:49,2027-03-24,AVAILABLE
P06254,Chocolate,2024-02-22,2024-02-25 04:42:19,2025-05-30,EXPIRED
P06255,Chocolate,2026-08-05,2026-08-16 06:22:15,2029-06-29,RESERVED
P06256,USB Cable,2023-05-21,2023-06-13 10:31:22,2023-08-23,EXPIRED
P06257,Notebook,2023-10-16,2023-11-14 14:10:03,2025-05-24,EXPIRED
P06258,Dish Soap,2023-03-12,2023-04-05 06:24:37,2025-05-14,EXPIRED
P06259,Toothpaste,2026-08-11,2026-08-23 13:11:56,2028-02-17,AVAILABLE
P06260,Water Bottle,2026-03-26,2026-03-30 13:34:24,2028-11-23,AVAILABLE
P06261,Dish Soap,2026-01-04,2026-01-15 10:01:25,2027-08-14,AVAILABLE
P06262,Notebook,2026-08-10,2026-09-09 08:17:51,2027-04-14,AVAILABLE
P06263,USB Cable,2023-02-02,2023-02-12 04:54:31,2025-10-29,EXPIRED
P06264,Green Tea,2026-06-28,2026-07-05 11:17:53,2027-05-31,AVAILABLE
P06265,Wireless Mouse,2023-08-07,2023-09-04 16:51:04,2026-07-06,EXPIRED
P06266,Laundry Detergent,2026-08-04,2026-08-24 13:39:57,2027-04-23,AVAILABLE
P06267,Bluetooth Speaker,2026-07-09,2026-07-28 07:23:28,2028-05-26,AVAILABLE
P06268,Dish Soap,2024-09-20,2024-10-16 16:56:40,2025-03-27,EXPIRED
P06269,Power Bank,2023-07-02,2023-07-13 22:31:02,2024-08-21,EXPIRED
P06270,Chocolate,2025-07-27,2025-08-08 12:03:41,2026-03-03,EXPIRED
P06271,Shampoo,2024-08-09,2024-09-05 21:10:24,2025-09-26,EXPIRED
P06272,Chocolate,2024-11-15,2024-12-15 10:18:26,2025-11-13,EXPIRED
P06273,Wireless Mouse,2023-12-31,2024-01-04 07:21:45,2025-06-26,EXPIRED
P06274,Mineral Water,2026-06-29,2026-07-22 22:10:09,2027-12-22,AVAILABLE
P06275,Chocolate,2023-01-09,2023-01-25 02:48:28,2024-06-26,EXPIRED
P06276,Chocolate,2024-04-14,2024-04-23 12:24:58,2024-09-18,EXPIRED
P06277,Ballpoint Pen,2024-11-28,2024-12-25 08:30:43,2025-04-08,EXPIRED
P06278,Mechanical Keyboard,2025-05-04,2025-05-06 07:59:36,2025-11-07,EXPIRED
P06279,Mechanical Keyboard,2025-06-23,2025-07-12 11:06:25,2026-08-15,EXPIRED
P06280,Cereal,2023-10-01,2023-10-04 08:40:48,2024-04-22,EXPIRED
P06281,Laptop Stand,2023-01-01,2023-01-31 05:10:18,2023-09-06,EXPIRED
P06282,Hand Soap,2024-11-23,2024-12-06 02:24:32,2025-03-18,EXPIRED
P06283,Ballpoint Pen,2024-11-22,2024-12-06 08:42:53,2025-06-15,EXPIRED
P06284,Dish Soap,2024-11-18,2024-11-27 03:12:13,2026-01-25,EXPIRED
P06285,Shampoo,2025-03-13,2025-03-25 23:51:00,2026-01-24,EXPIRED
P06286,Dish Soap,2024-11-28,2024-12-18 02:21:57,2027-05-29,RESERVED
P06287,Cereal,2026-02-04,2026-02-08 14:41:39,2026-09-24,RESERVED
P06288,Orange Juice,2025-08-27,2025-09-14 05:36:03,2027-08-01,AVAILABLE
P06289,Chocolate,2026-04-28,2026-05-04 05:05:52,2027-01-20,RESERVED
P06290,Power Bank,2026-08-25,2026-09-04 05:36:37,2028-03-30,AVAILABLE
P06291,Power Bank,2024-08-17,2024-08-21 09:00:48,2025-03-07,EXPIRED
P06292,Water Bottle,2025-11-17,2025-11-29 22:45:25,2027-01-09,AVAILABLE
P06293,Power Bank,2024-08-05,2024-09-02 05:26:20,2025-07-16,EXPIRED
P06294,Wireless Mouse,2023-09-05,2023-10-02 05:52:45,2023-12-06,EXPIRED
P06295,Power Bank,2025-07-11,2025-07-21 01:09:03,2028-06-11,RESERVED
P06296,Chocolate,2024-09-21,2024-10-05 19:32:32,2026-12-30,AVAILABLE
P06297,Orange Juice,2026-07-02,2026-07-12 17:04:44,2027-05-28,AVAILABLE
P06298,Laptop Stand,2026-05-13,2026-05-17 07:42:24,2029-01-03,RESERVED
P06299,Cereal,2026-05-27,2026-05-31 13:19:17,2027-03-06,AVAILABLE
P06300,Water Bottle,2023-11-03,2023-11-27 03:35:41,2024-01-24,EXPIRED
P06301,Power Bank,2023-07-21,2023-07-28 01:33:20,2024-05-27,EXPIRED
P06302,Water Bottle,2023-07-29,2023-08-10 12:53:56,2024-08-11,EXPIRED
P06303,Instant Coffee,2024-08-16,2024-08-22 17:16:59,2024-10-10,EXPIRED
P06304,Bluetooth Speaker,2023-10-30,2023-11-28 23:56:47,2025-04-27,EXPIRED
P06305,Mineral Water,2023-12-23,2024-01-05 15:53:05,2025-06-02,EXPIRED
P06306,Laptop Stand,2023-01-21,2023-01-26 10:15:59,2024-07-22,EXPIRED
P06307,Laptop Stand,2024-05-10,2024-05-28 13:28:51,2024-08-28,EXPIRED
P06308,Toothpaste,2025-08-28,2025-09-10 00:19:49,2026-06-29,EXPIRED
P06309,Ballpoint Pen,2024-02-10,2024-03-02 20:59:42,2026-12-16,RESERVED
P06310,Shampoo,2025-03-20,2025-04-19 15:19:03,2028-02-05,AVAILABLE
P06311,Bluetooth Speaker,2023-06-03,2023-06-05 14:41:21,2024-07-02,EXPIRED
P06312,Chocolate,2023-04-17,2023-04-18 07:53:13,2023-07-29,EXPIRED
P06313,Orange Juice,2023-05-30,2023-05-31 22:43:52,2026-04-03,EXPIRED
P06314,Bluetooth Speaker,2024-08-03,2024-08-29 14:51:08,2026-08-08,EXPIRED
P06315,Green Tea,2024-01-10,2024-01-24 11:18:56,2024-06-20,EXPIRED
P06316,Shampoo,2025-12-25,2026-01-13 21:13:37,2027-01-23,AVAILABLE
P06317,Shampoo,2024-04-24,2024-05-13 17:20:44,2025-06-07,EXPIRED
P06318,Instant Coffee,2026-02-11,2026-03-05 03:51:35,2027-02-22,AVAILABLE
P06319,Notebook,2024-01-26,2024-02-25 12:41:12,2025-01-30,EXPIRED
P06320,Toothpaste,2026-01-29,2026-02-19 13:33:01,2028-11-03,RESERVED
P06321,Mechanical Keyboard,2024-07-15,2024-07-21 20:56:14,2026-08-05,EXPIRED
P06322,Toothpaste,2026-08-25,2026-09-02 02:33:39,2028-10-15,AVAILABLE
P06323,Instant Coffee,2023-05-25,2023-06-21 02:46:27,2024-07-11,EXPIRED
P06324,USB Cable,2026-08-25,2026-09-01 10:15:19,2029-05-08,RESERVED
P06325,Mechanical Keyboard,2024-12-09,2024-12-10 15:54:41,2025-01-14,EXPIRED
P06326,Hand Soap,2025-09-08,2025-09-20 00:46:35,2027-06-09,AVAILABLE
P06327,Chocolate,2026-09-10,2026-09-29 19:39:50,2029-01-05,AVAILABLE
P06328,Orange Juice,2025-07-23,2025-08-05 16:26:45,2027-12-19,AVAILABLE
P06329,USB Cable,2024-05-01,2024-05-19 00:51:20,2026-06-04,EXPIRED
P06330,USB Cable,2026-06-05,2026-06-30 08:35:17,2028-07-09,AVAILABLE
P06331,Laptop Stand,2023-11-30,2023-12-29 11:37:21,2025-11-18,EXPIRED
P06332,Power Bank,2024-02-06,2024-03-04 06:45:02,2026-01-06,EXPIRED
P06333,Ballpoint Pen,2023-05-18,2023-05-30 09:06:37,2025-10-10,EXPIRED
P06334,Water Bottle,2026-09-12,2026-10-05 11:07:58,2027-05-03,AVAILABLE
P06335,Ballpoint Pen,2025-04-21,2025-05-07 09:21:06,2026-09-04,EXPIRED
P06336,Shampoo,2024-04-14,2024-04-27 11:46:38,2024-06-03,EXPIRED
P06337,Cereal,2023-03-04,2023-03-13 02:31:15,2026-01-14,EXPIRED
P06338,Bluetooth Speaker,2023-10-16,2023-10-24 08:08:26,2026-08-08,EXPIRED
P06339,Dish Soap,2025-08-12,2025-09-09 01:45:12,2026-08-30,EXPIRED
P06340,Water Bottle,2026-07-21,2026-08-17 17:07:08,2029-07-11,AVAILABLE
P06341,Toothpaste,2023-05-10,2023-06-08 16:52:39,2024-09-22,EXPIRED
P06342,Orange Juice,2024-09-21,2024-10-13 14:47:43,2026-08-07,EXPIRED
P06343,Bluetooth Speaker,2023-09-03,2023-09-06 05:28:47,2025-07-13,EXPIRED
P06344,Notebook,2025-05-16,2025-05-24 15:57:52,2026-09-03,EXPIRED
P06345,USB Cable,2023-06-29,2023-07-09 19:53:13,2024-11-28,EXPIRED
P06346,Power Bank,2023-02-03,2023-02-21 16:25:10,2024-07-10,EXPIRED
P06347,Mechanical Keyboard,2025-06-03,2025-06-27 10:50:37,2026-12-16,RESERVED
P06348,Wireless Mouse,2023-02-24,2023-03-04 17:06:32,2023-05-03,EXPIRED
P06349,Instant Coffee,2025-05-05,2025-05-15 17:23:45,2025-12-10,EXPIRED
P06350,Mechanical Keyboard,2023-04-02,2023-04-07 02:32:09,2025-01-14,EXPIRED
P06351,USB Cable,2024-06-01,2024-06-02 17:05:28,2024-10-02,EXPIRED
P06352,Bluetooth Speaker,2025-11-26,2025-12-05 13:04:27,2028-08-15,AVAILABLE
P06353,Toothpaste,2026-08-06,2026-09-01 20:12:11,2027-01-14,AVAILABLE
P06354,Notebook,2026-05-27,2026-06-15 15:55:58,2026-07-18,EXPIRED
P06355,Water Bottle,2023-09-20,2023-09-21 08:12:41,2025-07-18,EXPIRED
P06356,Hand Soap,2024-06-07,2024-06-14 23:13:19,2026-03-24,EXPIRED
P06357,Bluetooth Speaker,2023-08-02,2023-08-04 13:23:04,2023-12-02,EXPIRED
P06358,Wireless Mouse,2024-08-25,2024-09-21 12:00:04,2024-10-18,EXPIRED
P06359,Chocolate,2023-08-15,2023-08-22 03:15:21,2025-10-03,EXPIRED
P06360,Cereal,2025-07-21,2025-08-09 09:08:03,2028-04-13,AVAILABLE
P06361,Bluetooth Speaker,2024-04-20,2024-05-10 11:27:48,2026-12-26,AVAILABLE
P06362,USB Cable,2025-09-28,2025-10-11 02:45:33,2028-08-10,RESERVED
P06363,Laundry Detergent,2025-07-18,2025-08-03 13:30:47,2028-01-30,AVAILABLE
P06364,USB Cable,2024-03-21,2024-04-07 15:29:42,2024-09-23,EXPIRED
P06365,Bluetooth Speaker,2024-03-12,2024-04-01 17:05:34,2025-07-12,EXPIRED
P06366,Ballpoint Pen,2025-07-23,2025-08-13 20:51:10,2025-11-15,EXPIRED
P06367,Green Tea,2025-11-03,2025-11-19 07:02:17,2027-12-12,AVAILABLE
P06368,Notebook,2024-06-01,2024-06-12 10:47:32,2026-10-18,AVAILABLE
P06369,USB Cable,2026-08-14,2026-09-07 14:53:46,2027-12-14,AVAILABLE
P06370,Power Bank,2026-01-07,2026-01-25 21:01:31,2028-05-10,AVAILABLE
P06371,Mechanical Keyboard,2024-05-22,2024-06-12 20:50:06,2026-06-03,EXPIRED
P06372,Hand Soap,2024-10-15,2024-11-01 10:39:12,2025-06-19,EXPIRED
P06373,Laundry Detergent,2026-07-29,2026-08-09 07:42:25,2027-06-11,AVAILABLE
P06374,Orange Juice,2024-07-25,2024-08-21 09:38:12,2025-12-19,EXPIRED
P06375,Notebook,2024-01-10,2024-01-25 02:43:36,2025-11-17,EXPIRED
P06376,Green Tea,2023-03-05,2023-03-19 07:33:20,2025-08-12,EXPIRED
P06377,Toothpaste,2023-01-18,2023-01-23 01:47:29,2023-07-19,EXPIRED
P06378,Orange Juice,2024-02-08,2024-02-23 17:42:17,2025-03-24,EXPIRED
P06379,Mechanical Keyboard,2024-12-10,2024-12-22 21:41:22,2026-11-29,AVAILABLE
P06380,Cereal,2024-06-30,2024-07-10 01:28:48,2027-06-22,RESERVED
P06381,Notebook,2025-04-26,2025-05-11 14:44:32,2026-04-28,EXPIRED
P06382,Bluetooth Speaker,2023-08-05,2023-08-30 01:47:02,2026-03-24,EXPIRED
P06383,Bluetooth Speaker,2023-01-19,2023-02-18 08:01:49,2024-11-14,EXPIRED
P06384,Hand Soap,2023-05-20,2023-05-24 05:18:25,2024-01-21,EXPIRED
P06385,Toothpaste,2025-01-21,2025-02-12 15:34:44,2025-03-23,EXPIRED
P06386,Green Tea,2023-07-14,2023-08-12 00:44:19,2026-01-04,EXPIRED
P06387,Shampoo,2025-09-17,2025-09-20 16:26:16,2027-04-29,AVAILABLE
P06388,Shampoo,2023-09-16,2023-10-11 09:19:52,2026-07-31,EXPIRED
P06389,Mechanical Keyboard,2024-06-13,2024-07-02 17:26:30,2024-12-28,EXPIRED
P06390,Power Bank,2023-02-02,2023-02-06 16:29:29,2023-04-01,EXPIRED
P06391,Instant Coffee,2024-05-11,2024-05-17 10:29:49,2024-09-14,EXPIRED
P06392,Chocolate,2026-09-12,2026-09-22 07:50:48,2026-12-10,AVAILABLE
P06393,Instant Coffee,2023-10-03,2023-10-13 12:42:27,2026-07-17,EXPIRED
P06394,Green Tea,2026-05-15,2026-06-10 21:03:48,2027-08-25,RESERVED
P06395,Mechanical Keyboard,2024-06-18,2024-07-14 07:32:06,2027-02-23,AVAILABLE
P06396,Ballpoint Pen,2026-05-03,2026-06-01 23:32:59,2027-03-21,AVAILABLE
P06397,Mineral Water,2026-03-20,2026-03-26 09:29:01,2027-11-18,AVAILABLE
P06398,Power Bank,2023-08-04,2023-09-03 21:12:03,2024-03-11,EXPIRED
P06399,Dish Soap,2025-05-22,2025-06-16 09:15:08,2026-11-09,AVAILABLE
P06400,Green Tea,2025-01-01,2025-01-24 12:52:23,2025-08-17,EXPIRED
P06401,Dish Soap,2023-09-13,2023-09-19 14:23:38,2024-03-26,EXPIRED
P06402,Hand Soap,2023-04-27,2023-04-28 07:17:15,2025-12-24,EXPIRED
P06403,Green Tea,2024-02-10,2024-03-05 04:22:56,2026-04-30,EXPIRED
P06404,Hand Soap,2024-08-29,2024-08-30 22:21:13,2026-11-15,AVAILABLE
P06405,Cereal,2023-07-07,2023-08-05 20:42:09,2024-09-29,EXPIRED
P06406,Power Bank,2023-05-30,2023-06-26 10:16:06,2023-11-12,EXPIRED
P06407,Power Bank,2026-04-27,2026-05-24 00:40:08,2026-07-22,EXPIRED
P06408,Mineral Water,2023-01-24,2023-02-09 03:15:47,2025-05-26,EXPIRED
P06409,Notebook,2024-02-22,2024-02-24 01:23:55,2024-12-11,EXPIRED
P06410,Laptop Stand,2023-06-04,2023-06-26 09:16:10,2025-11-18,EXPIRED
P06411,Toothpaste,2026-09-01,2026-09-09 23:48:23,2027-11-14,AVAILABLE
P06412,Green Tea,2023-10-06,2023-10-17 13:07:07,2026-02-20,EXPIRED
P06413,Power Bank,2024-10-02,2024-10-24 19:36:45,2026-07-31,EXPIRED
P06414,Green Tea,2023-10-18,2023-11-01 22:05:34,2025-06-02,EXPIRED
P06415,Cereal,2024-10-06,2024-10-13 14:48:49,2026-08-15,EXPIRED
P06416,Laundry Detergent,2023-11-12,2023-11-25 16:08:46,2026-01-05,EXPIRED
P06417,Mechanical Keyboard,2025-12-29,2026-01-02 08:54:39,2027-10-26,AVAILABLE
P06418,Laptop Stand,2024-01-28,2024-02-02 06:22:35,2026-03-26,EXPIRED
P06419,Notebook,2024-04-16,2024-05-13 11:32:03,2025-07-12,EXPIRED
P06420,Cereal,2026-08-13,2026-08-19 16:33:01,2028-07-31,AVAILABLE
P06421,Hand Soap,2024-10-09,2024-10-11 15:45:42,2027-09-15,AVAILABLE
P06422,Notebook,2026-07-15,2026-08-11 14:51:13,2028-08-21,AVAILABLE
P06423,Chocolate,2023-09-27,2023-10-09 05:17:45,2026-06-22,EXPIRED
P06424,Hand Soap,2025-09-27,2025-10-13 08:18:49,2027-05-10,AVAILABLE
P06425,Mineral Water,2024-06-25,2024-07-21 18:15:02,2026-04-12,EXPIRED
P06426,Shampoo,2024-08-01,2024-08-27 01:03:27,2024-09-17,EXPIRED
P06427,Mineral Water,2026-03-09,2026-03-27 16:59:08,2028-06-15,AVAILABLE
P06428,Laundry Detergent,2025-06-08,2025-06-13 23:42:29,2027-07-23,AVAILABLE
P06429,Water Bottle,2025-10-14,2025-10-29 18:14:50,2027-11-03,RESERVED
P06430,Chocolate,2026-08-30,2026-09-25 12:01:37,2027-04-23,AVAILABLE
P06431,Power Bank,2023-02-15,2023-03-16 08:01:29,2024-02-01,EXPIRED
P06432,Orange Juice,2024-06-02,2024-06-28 11:46:12,2026-12-10,AVAILABLE
P06433,USB Cable,2025-06-08,2025-06-10 18:53:39,2026-10-06,AVAILABLE
P06434,Green Tea,2025-08-17,2025-08-18 14:36:09,2027-12-08,AVAILABLE
P06435,Orange Juice,2023-08-02,2023-08-25 15:18:12,2024-05-12,EXPIRED
P06436,Mineral Water,2023-04-27,2023-05-04 04:23:03,2024-09-11,EXPIRED
P06437,Notebook,2024-08-31,2024-09-08 21:40:38,2027-08-07,AVAILABLE
P06438,Green Tea,2024-07-01,2024-07-06 14:35:36,2026-08-02,EXPIRED
P06439,Bluetooth Speaker,2024-05-12,2024-05-26 02:50:54,2027-03-30,AVAILABLE
P06440,Green Tea,2026-03-13,2026-03-27 23:16:21,2027-12-30,AVAILABLE
P06441,Orange Juice,2026-06-30,2026-07-12 14:46:32,2027-03-24,AVAILABLE
P06442,Toothpaste,2024-01-31,2024-02-24 03:31:45,2025-10-11,EXPIRED
P06443,Bluetooth Speaker,2025-06-18,2025-07-12 03:33:14,2026-04-15,EXPIRED
P06444,Bluetooth Speaker,2024-07-27,2024-08-25 00:10:13,2025-10-27,EXPIRED
P06445,Mineral Water,2023-09-22,2023-10-08 12:06:29,2026-02-04,EXPIRED
P06446,Green Tea,2023-03-04,2023-03-29 21:17:02,2024-10-23,EXPIRED
P06447,Mineral Water,2024-11-19,2024-12-11 11:06:05,2025-11-18,EXPIRED
P06448,Laundry Detergent,2025-02-12,2025-02-20 16:05:07,2025-04-15,EXPIRED
P06449,Orange Juice,2023-01-14,2023-01-19 22:55:51,2023-11-08,EXPIRED
P06450,Laundry Detergent,2026-05-20,2026-05-26 01:30:49,2028-02-06,RESERVED
P06451,Cereal,2026-04-18,2026-04-30 05:50:59,2027-02-18,AVAILABLE
P06452,Shampoo,2025-10-01,2025-10-17 08:11:13,2027-01-04,AVAILABLE
P06453,Green Tea,2024-03-20,2024-04-19 07:52:40,2026-11-10,AVAILABLE
P06454,Bluetooth Speaker,2025-06-21,2025-07-08 06:38:26,2026-08-08,EXPIRED
P06455,USB Cable,2024-12-06,2024-12-10 01:00:08,2027-02-20,AVAILABLE
P06456,Hand Soap,2025-06-22,2025-07-17 05:04:16,2026-08-22,EXPIRED
P06457,Green Tea,2025-12-04,2025-12-17 18:42:50,2028-02-25,AVAILABLE
P06458,Water Bottle,2025-10-14,2025-10-17 11:57:22,2028-07-15,AVAILABLE
P06459,Power Bank,2023-02-23,2023-03-07 05:00:35,2024-04-26,EXPIRED
P06460,USB Cable,2026-02-12,2026-02-27 07:01:42,2028-03-23,AVAILABLE
P06461,Hand Soap,2026-06-29,2026-07-06 07:29:28,2027-11-07,AVAILABLE
P06462,Bluetooth Speaker,2026-06-07,2026-06-23 06:56:17,2026-12-29,RESERVED
P06463,Chocolate,2025-11-25,2025-12-06 01:57:49,2026-11-17,RESERVED
P06464,Toothpaste,2025-02-03,2025-02-23 20:53:57,2025-04-28,EXPIRED
P06465,Dish Soap,2023-11-02,2023-11-16 17:45:01,2023-12-02,EXPIRED
P06466,Ballpoint Pen,2023-05-01,2023-05-17 04:11:01,2026-02-02,EXPIRED
P06467,USB Cable,2023-11-17,2023-12-12 03:33:37,2025-07-10,EXPIRED
P06468,Orange Juice,2024-01-04,2024-01-12 19:41:44,2025-11-26,EXPIRED
P06469,Notebook,2025-04-26,2025-05-21 01:08:15,2026-07-29,EXPIRED
P06470,USB Cable,2024-11-02,2024-11-28 19:58:49,2027-10-24,RESERVED
P06471,Toothpaste,2024-12-19,2024-12-23 14:23:28,2025-03-19,EXPIRED
P06472,Water Bottle,2023-12-09,2023-12-16 00:52:59,2024-05-03,EXPIRED
P06473,Shampoo,2023-01-07,2023-02-05 19:18:04,2025-09-15,EXPIRED
P06474,Cereal,2023-01-25,2023-01-31 23:17:07,2024-05-21,EXPIRED
P06475,Wireless Mouse,2023-04-07,2023-04-22 16:40:34,2025-09-19,EXPIRED
P06476,Hand Soap,2026-08-23,2026-09-04 16:44:50,2029-06-10,AVAILABLE
P06477,Cereal,2026-01-13,2026-01-24 00:37:21,2026-08-29,EXPIRED
P06478,Chocolate,2024-11-17,2024-11-19 09:39:53,2027-06-01,AVAILABLE
P06479,Instant Coffee,2025-03-11,2025-03-25 19:18:43,2027-06-24,AVAILABLE
P06480,Toothpaste,2023-12-31,2024-01-17 13:21:06,2024-10-11,EXPIRED
P06481,Chocolate,2023-10-03,2023-10-05 09:50:58,2025-02-06,EXPIRED
P06482,Laundry Detergent,2024-07-07,2024-08-01 21:20:58,2024-11-08,EXPIRED
P06483,Green Tea,2025-04-01,2025-04-06 03:31:56,2027-06-30,AVAILABLE
P06484,Water Bottle,2024-08-28,2024-09-17 06:54:36,2026-05-06,EXPIRED
P06485,Power Bank,2025-05-21,2025-06-16 22:48:56,2027-08-02,AVAILABLE
P06486,Green Tea,2023-03-10,2023-03-25 17:57:43,2025-08-15,EXPIRED
P06487,Notebook,2025-11-12,2025-12-06 22:57:53,2027-12-19,AVAILABLE
P06488,Cereal,2025-07-03,2025-07-12 19:04:48,2026-01-25,EXPIRED
P06489,Mechanical Keyboard,2025-03-20,2025-04-10 13:29:41,2026-02-22,EXPIRED
P06490,Shampoo,2024-08-16,2024-08-19 16:28:39,2026-01-11,EXPIRED
P06491,Notebook,2025-07-10,2025-07-28 19:57:20,2026-10-26,AVAILABLE
P06492,Hand Soap,2023-04-18,2023-04-21 05:17:36,2024-07-26,EXPIRED
P06493,Power Bank,2025-06-02,2025-06-26 08:22:43,2026-04-29,EXPIRED
P06494,Green Tea,2024-05-20,2024-06-19 14:34:00,2025-12-24,EXPIRED
P06495,Toothpaste,2023-01-06,2023-01-16 01:30:40,2024-03-22,EXPIRED
P06496,Mineral Water,2024-12-06,2024-12-09 16:53:28,2027-02-08,AVAILABLE
P06497,Notebook,2024-01-01,2024-01-15 22:57:37,2024-11-11,EXPIRED
P06498,Mechanical Keyboard,2024-03-27,2024-04-18 23:10:30,2025-06-26,EXPIRED
P06499,Cereal,2025-10-13,2025-10-17 04:23:24,2028-07-29,AVAILABLE
P06500,USB Cable,2023-11-13,2023-12-11 07:00:01,2025-11-11,EXPIRED
P06501,Toothpaste,2026-09-13,2026-09-30 18:22:50,2027-06-05,AVAILABLE
P06502,Instant Coffee,2023-10-18,2023-11-10 09:11:21,2026-01-20,EXPIRED
P06503,Mineral Water,2023-02-10,2023-02-11 18:34:50,2023-03-13,EXPIRED
P06504,Cereal,2025-10-02,2025-10-28 17:13:26,2026-02-03,EXPIRED
P06505,Water Bottle,2023-03-05,2023-03-12 08:04:52,2024-08-19,EXPIRED
P06506,Mineral Water,2024-11-23,2024-12-14 06:08:37,2027-11-13,AVAILABLE
P06507,Shampoo,2026-01-02,2026-01-11 19:56:43,2028-07-28,RESERVED
P06508,Toothpaste,2023-02-26,2023-03-22 15:51:02,2025-08-16,EXPIRED
P06509,Mechanical Keyboard,2023-02-20,2023-03-08 08:24:06,2024-10-11,EXPIRED
P06510,Instant Coffee,2024-05-21,2024-06-18 14:02:03,2026-01-09,EXPIRED
P06511,Notebook,2023-06-12,2023-07-06 21:31:19,2025-02-12,EXPIRED
P06512,Water Bottle,2025-03-04,2025-03-22 14:05:42,2027-05-24,AVAILABLE
P06513,Dish Soap,2025-07-27,2025-08-10 05:55:05,2027-08-28,AVAILABLE
P06514,Hand Soap,2024-09-08,2024-10-05 00:47:20,2026-03-14,EXPIRED
P06515,Orange Juice,2025-10-24,2025-11-07 13:07:33,2026-09-24,AVAILABLE
P06516,Laundry Detergent,2025-10-19,2025-10-29 02:17:10,2028-08-15,AVAILABLE
P06517,Orange Juice,2024-04-23,2024-05-14 02:16:06,2027-03-19,AVAILABLE
P06518,Hand Soap,2023-12-21,2024-01-04 06:45:16,2025-01-06,EXPIRED
P06519,USB Cable,2026-07-20,2026-07-26 04:13:45,2027-11-10,AVAILABLE
P06520,Notebook,2025-12-09,2026-01-07 05:07:20,2026-02-25,EXPIRED
P06521,Wireless Mouse,2025-08-02,2025-08-25 03:13:55,2026-06-11,EXPIRED
P06522,Wireless Mouse,2024-08-15,2024-09-07 08:32:16,2026-09-03,EXPIRED
P06523,Shampoo,2025-07-17,2025-08-16 15:04:23,2027-02-11,AVAILABLE
P06524,Toothpaste,2026-08-24,2026-09-16 12:24:00,2028-05-22,AVAILABLE
P06525,Shampoo,2026-01-27,2026-02-15 07:36:05,2026-09-16,EXPIRED
P06526,Mineral Water,2024-09-27,2024-10-09 14:41:25,2027-07-30,RESERVED
P06527,Toothpaste,2025-03-29,2025-04-28 11:52:30,2027-10-01,AVAILABLE
P06528,Mineral Water,2024-05-30,2024-06-15 12:02:35,2026-06-21,EXPIRED
P06529,Bluetooth Speaker,2023-01-18,2023-02-04 21:47:59,2025-01-17,EXPIRED
P06530,Bluetooth Speaker,2026-04-15,2026-04-29 09:21:56,2028-03-01,AVAILABLE
P06531,USB Cable,2025-10-02,2025-10-14 01:18:36,2028-09-29,AVAILABLE
P06532,Dish Soap,2023-10-03,2023-10-22 17:32:31,2024-08-22,EXPIRED
P06533,Toothpaste,2025-01-08,2025-01-18 23:17:09,2026-01-14,EXPIRED
P06534,Wireless Mouse,2025-06-01,2025-06-04 21:44:35,2027-07-11,RESERVED
P06535,Mechanical Keyboard,2025-04-28,2025-05-27 19:10:38,2028-01-10,RESERVED
P06536,Instant Coffee,2026-08-14,2026-08-31 13:50:43,2028-03-30,AVAILABLE
P06537,Mechanical Keyboard,2025-02-17,2025-03-15 15:08:19,2027-07-16,AVAILABLE
P06538,Water Bottle,2026-04-11,2026-04-13 07:10:51,2026-11-06,AVAILABLE
P06539,Instant Coffee,2023-04-24,2023-05-01 02:34:44,2024-06-15,EXPIRED
P06540,Notebook,2024-05-04,2024-05-12 00:57:05,2025-01-11,EXPIRED
P06541,Power Bank,2025-11-07,2025-11-16 21:01:25,2027-12-01,AVAILABLE
P06542,Dish Soap,2025-12-25,2026-01-05 10:33:31,2027-11-09,AVAILABLE
P06543,Bluetooth Speaker,2024-08-15,2024-08-27 04:36:25,2025-04-15,EXPIRED
P06544,Cereal,2023-06-03,2023-06-12 06:26:38,2026-01-24,EXPIRED
P06545,Green Tea,2024-12-10,2024-12-25 22:33:13,2026-10-20,AVAILABLE
P06546,Toothpaste,2026-03-17,2026-04-15 17:12:41,2029-02-06,AVAILABLE
P06547,USB Cable,2026-09-06,2026-09-14 10:22:25,2029-02-20,AVAILABLE
P06548,Shampoo,2024-05-21,2024-06-12 06:51:53,2026-06-17,EXPIRED
P06549,Laundry Detergent,2025-06-14,2025-07-06 08:04:29,2026-04-28,EXPIRED
P06550,Cereal,2025-03-03,2025-04-01 01:44:07,2025-11-15,EXPIRED
P06551,Shampoo,2023-09-22,2023-10-01 13:59:38,2025-07-10,EXPIRED
P06552,Hand Soap,2025-05-12,2025-06-04 05:37:12,2027-08-25,RESERVED
P06553,Laundry Detergent,2024-08-04,2024-08-09 13:33:55,2026-09-14,EXPIRED
P06554,Power Bank,2025-09-20,2025-10-09 14:12:27,2028-07-01,AVAILABLE
P06555,Ballpoint Pen,2023-04-10,2023-04-13 00:08:41,2026-02-15,EXPIRED
P06556,USB Cable,2026-05-27,2026-06-21 01:43:50,2028-03-27,RESERVED
P06557,Bluetooth Speaker,2023-01-19,2023-01-26 17:42:29,2024-01-09,EXPIRED
P06558,Power Bank,2023-09-21,2023-09-25 11:40:04,2024-01-13,EXPIRED
P06559,Green Tea,2024-12-21,2025-01-14 12:10:52,2026-10-06,RESERVED
P06560,Green Tea,2025-05-04,2025-05-27 05:09:02,2025-12-12,EXPIRED
P06561,Mineral Water,2024-11-20,2024-12-04 13:13:40,2026-04-16,EXPIRED
P06562,Ballpoint Pen,2024-03-10,2024-04-01 11:02:33,2025-02-21,EXPIRED
P06563,Chocolate,2024-01-22,2024-02-15 04:24:08,2025-12-13,EXPIRED
P06564,Instant Coffee,2026-01-07,2026-01-10 08:00:15,2026-05-26,EXPIRED
P06565,Hand Soap,2024-10-04,2024-10-15 19:48:33,2026-06-07,EXPIRED
P06566,USB Cable,2024-07-14,2024-08-12 05:03:09,2026-03-15,EXPIRED
P06567,Dish Soap,2024-09-01,2024-09-08 11:03:31,2026-04-27,EXPIRED
P06568,Orange Juice,2023-01-30,2023-02-24 23:38:13,2024-07-18,EXPIRED
P06569,Laptop Stand,2025-11-21,2025-11-23 18:40:56,2028-07-31,AVAILABLE
P06570,Bluetooth Speaker,2024-06-26,2024-07-05 00:19:59,2025-09-13,EXPIRED
P06571,USB Cable,2023-02-19,2023-03-21 19:00:29,2025-12-06,EXPIRED
P06572,Power Bank,2026-02-15,2026-02-21 07:43:21,2027-07-24,AVAILABLE
P06573,Hand Soap,2025-08-30,2025-09-20 20:14:31,2028-03-10,AVAILABLE
P06574,Cereal,2024-06-10,2024-06-25 12:04:28,2025-03-27,EXPIRED
P06575,Toothpaste,2025-01-01,2025-01-17 07:21:20,2026-10-27,AVAILABLE
P06576,Power Bank,2024-08-13,2024-08-28 03:11:58,2026-11-18,AVAILABLE
P06577,Shampoo,2023-08-05,2023-08-16 21:15:37,2024-11-21,EXPIRED
P06578,Notebook,2023-09-19,2023-10-09 08:11:29,2024-01-31,EXPIRED
P06579,Bluetooth Speaker,2023-05-22,2023-06-03 01:59:41,2024-01-08,EXPIRED
P06580,Water Bottle,2024-06-05,2024-07-02 07:40:15,2024-10-16,EXPIRED
P06581,Shampoo,2023-11-19,2023-12-05 19:54:47,2025-10-25,EXPIRED
P06582,Dish Soap,2024-01-06,2024-02-04 09:51:28,2026-10-01,AVAILABLE
P06583,Water Bottle,2026-03-03,2026-03-06 04:38:55,2026-06-29,EXPIRED
P06584,Instant Coffee,2025-07-10,2025-08-09 03:44:38,2026-03-21,EXPIRED
P06585,Bluetooth Speaker,2025-06-23,2025-07-05 19:15:36,2027-08-04,AVAILABLE
P06586,Toothpaste,2023-06-29,2023-07-09 05:05:50,2024-01-28,EXPIRED
P06587,Shampoo,2024-01-18,2024-01-24 01:53:59,2026-04-28,EXPIRED
P06588,Cereal,2026-05-09,2026-05-12 01:00:45,2027-12-25,AVAILABLE
P06589,Water Bottle,2025-03-17,2025-03-26 06:25:17,2026-12-01,AVAILABLE
P06590,Water Bottle,2023-11-25,2023-12-19 18:51:50,2026-04-29,EXPIRED
P06591,Notebook,2023-07-10,2023-07-19 04:10:44,2023-08-24,EXPIRED
P06592,Mechanical Keyboard,2025-08-07,2025-08-28 04:10:58,2028-02-27,AVAILABLE
P06593,Dish Soap,2024-05-04,2024-05-15 05:29:32,2024-09-07,EXPIRED
P06594,Dish Soap,2025-07-02,2025-08-01 17:20:42,2028-04-14,AVAILABLE
P06595,Mechanical Keyboard,2026-05-17,2026-06-16 06:12:34,2028-07-17,AVAILABLE
P06596,Mechanical Keyboard,2023-01-30,2023-02-01 18:02:57,2023-07-01,EXPIRED
P06597,Shampoo,2024-03-09,2024-03-30 04:21:32,2026-08-24,EXPIRED
P06598,Hand Soap,2025-07-02,2025-07-31 10:18:25,2027-08-28,AVAILABLE
P06599,Shampoo,2023-09-04,2023-09-20 05:35:42,2025-06-27,EXPIRED
P06600,Toothpaste,2026-09-01,2026-09-02 07:18:17,2029-02-09,RESERVED
P06601,Water Bottle,2024-03-27,2024-04-02 22:18:52,2026-06-10,EXPIRED
P06602,Orange Juice,2026-08-21,2026-09-16 21:26:54,2028-04-25,AVAILABLE
P06603,Cereal,2024-08-30,2024-09-23 13:47:12,2026-08-11,EXPIRED
P06604,Power Bank,2025-08-11,2025-08-22 15:13:20,2026-01-27,EXPIRED
P06605,Dish Soap,2025-01-20,2025-01-24 23:53:31,2027-05-10,AVAILABLE
P06606,Mineral Water,2025-01-05,2025-01-28 18:23:58,2027-05-21,AVAILABLE
P06607,Shampoo,2023-01-26,2023-01-28 20:58:49,2024-06-07,EXPIRED
P06608,Instant Coffee,2025-07-05,2025-07-29 10:09:11,2027-10-22,RESERVED
P06609,Green Tea,2025-11-22,2025-12-01 20:08:05,2026-01-08,EXPIRED
P06610,Notebook,2023-11-24,2023-11-30 04:20:05,2025-06-19,EXPIRED
P06611,Cereal,2024-12-24,2025-01-09 18:40:23,2026-03-04,EXPIRED
P06612,Toothpaste,2026-08-06,2026-08-11 07:31:25,2028-12-29,AVAILABLE
P06613,Green Tea,2023-05-24,2023-06-03 04:59:27,2025-03-12,EXPIRED
P06614,Water Bottle,2023-04-28,2023-05-04 19:54:30,2023-08-30,EXPIRED
P06615,Laundry Detergent,2023-06-08,2023-06-16 15:09:11,2024-04-25,EXPIRED
P06616,Power Bank,2023-02-03,2023-02-23 06:23:40,2024-01-03,EXPIRED
P06617,Chocolate,2024-01-25,2024-02-14 04:10:38,2026-03-21,EXPIRED
P06618,Mechanical Keyboard,2023-06-28,2023-07-21 21:42:59,2025-04-13,EXPIRED
P06619,Notebook,2025-03-18,2025-04-16 04:35:16,2025-06-08,EXPIRED
P06620,Toothpaste,2025-06-04,2025-06-26 20:42:37,2027-05-07,AVAILABLE
P06621,Ballpoint Pen,2023-04-22,2023-05-22 17:29:34,2024-07-30,EXPIRED
P06622,Chocolate,2025-10-18,2025-10-31 14:43:39,2026-01-05,EXPIRED
P06623,Mechanical Keyboard,2025-06-16,2025-07-03 04:19:19,2027-10-11,AVAILABLE
P06624,Mineral Water,2025-02-11,2025-03-03 09:44:35,2026-06-10,EXPIRED
P06625,Shampoo,2023-01-10,2023-02-01 18:40:19,2024-04-14,EXPIRED
P06626,Dish Soap,2025-04-16,2025-05-03 05:56:43,2027-05-15,RESERVED
P06627,Wireless Mouse,2025-12-20,2025-12-31 10:37:11,2027-12-04,RESERVED
P06628,Shampoo,2023-12-05,2023-12-24 15:50:11,2026-02-14,EXPIRED
P06629,Mineral Water,2026-03-04,2026-03-29 04:13:51,2027-01-20,AVAILABLE
P06630,Toothpaste,2023-11-22,2023-12-08 07:40:19,2026-04-15,EXPIRED
P06631,Laundry Detergent,2026-05-25,2026-06-17 05:30:03,2027-12-29,AVAILABLE
P06632,Laptop Stand,2024-01-30,2024-02-24 21:43:15,2025-07-31,EXPIRED
P06633,Green Tea,2025-05-31,2025-06-14 12:06:02,2027-06-23,AVAILABLE
P06634,Chocolate,2026-05-12,2026-06-05 23:24:05,2026-09-17,EXPIRED
P06635,Mineral Water,2025-11-17,2025-11-30 05:32:52,2028-02-15,RESERVED
P06636,Dish Soap,2025-12-04,2025-12-20 19:10:17,2027-05-31,AVAILABLE
P06637,Green Tea,2023-02-08,2023-03-05 07:43:59,2025-03-16,EXPIRED
P06638,USB Cable,2025-12-01,2025-12-15 19:45:20,2028-05-03,AVAILABLE
P06639,Instant Coffee,2024-09-05,2024-09-14 01:54:35,2026-01-14,EXPIRED
P06640,Instant Coffee,2023-07-27,2023-08-14 07:34:01,2024-04-30,EXPIRED
P06641,Mineral Water,2026-04-01,2026-04-25 06:17:30,2028-09-08,AVAILABLE
P06642,USB Cable,2023-10-04,2023-10-25 06:31:31,2025-03-24,EXPIRED
P06643,Ballpoint Pen,2026-02-02,2026-02-28 00:05:49,2027-01-21,AVAILABLE
P06644,Wireless Mouse,2023-06-07,2023-06-20 06:06:32,2025-07-27,EXPIRED
P06645,Laptop Stand,2023-03-05,2023-03-06 20:09:15,2023-10-24,EXPIRED
P06646,Orange Juice,2023-11-08,2023-11-15 02:59:12,2025-04-17,EXPIRED
P06647,Mineral Water,2026-07-28,2026-08-22 21:13:43,2027-01-10,AVAILABLE
P06648,Wireless Mouse,2026-04-30,2026-05-18 05:05:10,2029-02-16,AVAILABLE
P06649,Laptop Stand,2024-05-15,2024-05-19 17:38:58,2026-11-04,AVAILABLE
P06650,Laptop Stand,2023-03-13,2023-04-09 03:11:39,2025-03-24,EXPIRED
P06651,Ballpoint Pen,2023-02-07,2023-03-08 07:06:42,2025-09-28,EXPIRED
P06652,Hand Soap,2026-07-25,2026-08-05 12:57:36,2026-09-21,AVAILABLE
P06653,Wireless Mouse,2023-08-04,2023-08-25 18:40:48,2024-02-12,EXPIRED
P06654,Toothpaste,2025-02-09,2025-03-09 10:53:56,2026-05-20,EXPIRED
P06655,Laptop Stand,2024-08-25,2024-09-22 09:33:15,2026-03-04,EXPIRED
P06656,Water Bottle,2025-11-11,2025-12-11 15:07:23,2026-05-08,EXPIRED
P06657,Cereal,2024-08-06,2024-08-30 15:19:27,2025-04-29,EXPIRED
P06658,Power Bank,2025-08-10,2025-08-31 01:57:45,2028-03-23,AVAILABLE
P06659,Bluetooth Speaker,2025-09-15,2025-09-20 17:11:57,2025-12-21,EXPIRED
P06660,Green Tea,2023-04-20,2023-04-22 19:15:42,2026-04-18,EXPIRED
P06661,Wireless Mouse,2026-01-21,2026-02-20 23:12:18,2026-10-11,AVAILABLE
P06662,Water Bottle,2023-12-10,2023-12-14 12:42:43,2024-02-03,EXPIRED
P06663,Wireless Mouse,2025-02-06,2025-03-06 19:55:45,2026-05-21,EXPIRED
P06664,Laptop Stand,2024-06-27,2024-07-20 02:34:14,2025-05-07,EXPIRED
P06665,Orange Juice,2024-01-18,2024-02-10 14:24:10,2026-02-25,EXPIRED
P06666,Bluetooth Speaker,2026-09-04,2026-10-02 01:56:10,2027-04-02,AVAILABLE
P06667,Power Bank,2023-07-22,2023-08-05 14:36:22,2025-04-06,EXPIRED
P06668,Laptop Stand,2025-12-19,2026-01-17 23:13:10,2028-03-19,AVAILABLE
P06669,Wireless Mouse,2023-07-27,2023-08-20 02:25:28,2026-06-26,EXPIRED
P06670,Power Bank,2023-08-20,2023-09-15 13:59:29,2026-01-08,EXPIRED
P06671,Bluetooth Speaker,2026-05-09,2026-05-10 05:20:06,2028-04-20,AVAILABLE
P06672,Dish Soap,2025-03-24,2025-04-21 08:48:10,2027-09-25,AVAILABLE
P06673,Instant Coffee,2023-02-02,2023-02-08 05:02:39,2024-11-05,EXPIRED
P06674,USB Cable,2025-09-16,2025-10-08 10:13:41,2025-12-02,EXPIRED
P06675,Chocolate,2023-01-25,2023-02-06 06:04:38,2024-09-21,EXPIRED
P06676,USB Cable,2023-05-05,2023-05-27 10:01:28,2025-03-25,EXPIRED
P06677,Cereal,2023-01-06,2023-01-23 08:32:20,2024-01-06,EXPIRED
P06678,Laundry Detergent,2024-08-19,2024-09-02 15:28:03,2026-01-07,EXPIRED
P06679,Hand Soap,2025-10-29,2025-11-07 13:28:39,2028-08-31,AVAILABLE
P06680,Wireless Mouse,2026-02-19,2026-03-12 23:14:01,2028-09-26,AVAILABLE
P06681,Green Tea,2026-09-13,2026-09-23 01:21:59,2029-08-22,AVAILABLE
P06682,Cereal,2024-11-02,2024-11-25 00:05:31,2025-11-01,EXPIRED
P06683,Toothpaste,2023-12-09,2023-12-24 20:38:28,2025-05-18,EXPIRED
P06684,Bluetooth Speaker,2026-01-28,2026-02-03 18:01:07,2027-06-25,AVAILABLE
P06685,Wireless Mouse,2025-01-09,2025-01-13 02:48:10,2025-06-17,EXPIRED
P06686,Water Bottle,2024-06-07,2024-06-08 13:57:12,2026-08-31,EXPIRED
P06687,Laundry Detergent,2023-03-05,2023-03-08 19:38:02,2025-04-18,EXPIRED
P06688,Wireless Mouse,2024-01-02,2024-01-12 01:25:20,2024-06-11,EXPIRED
P06689,USB Cable,2025-08-18,2025-09-08 22:53:17,2028-05-16,AVAILABLE
P06690,USB Cable,2025-08-01,2025-08-03 21:25:17,2027-08-21,AVAILABLE
P06691,Notebook,2025-06-11,2025-07-11 16:35:25,2026-08-14,EXPIRED
P06692,USB Cable,2023-12-01,2023-12-30 08:53:03,2026-07-05,EXPIRED
P06693,Ballpoint Pen,2023-02-21,2023-03-03 20:19:34,2023-09-03,EXPIRED
P06694,Instant Coffee,2026-01-15,2026-02-06 16:07:36,2026-06-21,EXPIRED
P06695,Power Bank,2023-07-24,2023-08-18 08:52:58,2025-07-09,EXPIRED
P06696,Shampoo,2025-10-20,2025-11-15 22:25:29,2028-05-06,AVAILABLE
P06697,USB Cable,2026-04-11,2026-05-09 10:08:17,2028-08-05,RESERVED
P06698,Wireless Mouse,2023-07-17,2023-08-02 01:36:09,2024-02-25,EXPIRED
P06699,Toothpaste,2025-05-14,2025-05-24 10:04:59,2028-02-27,AVAILABLE
P06700,Mechanical Keyboard,2023-09-22,2023-10-21 04:42:13,2023-10-30,EXPIRED
P06701,Green Tea,2024-12-17,2024-12-25 09:28:32,2025-12-14,EXPIRED
P06702,Toothpaste,2025-07-31,2025-08-22 04:20:55,2026-09-22,RESERVED
P06703,Bluetooth Speaker,2023-05-02,2023-05-22 11:40:37,2024-06-08,EXPIRED
P06704,Laundry Detergent,2024-07-02,2024-07-19 18:35:30,2025-11-26,EXPIRED
P06705,Orange Juice,2025-10-25,2025-11-10 05:29:10,2026-12-18,AVAILABLE
P06706,Cereal,2025-08-25,2025-09-23 21:40:01,2026-08-24,EXPIRED
P06707,Green Tea,2023-03-03,2023-04-01 19:15:36,2026-01-26,EXPIRED
P06708,Mineral Water,2025-05-17,2025-05-24 22:38:51,2027-03-09,AVAILABLE
P06709,Chocolate,2025-12-29,2026-01-08 08:08:43,2028-08-16,AVAILABLE
P06710,Notebook,2026-02-15,2026-02-23 10:46:48,2028-05-29,RESERVED
P06711,Orange Juice,2023-09-26,2023-10-19 07:38:04,2026-02-24,EXPIRED
P06712,Toothpaste,2025-04-09,2025-04-15 04:30:15,2027-03-22,AVAILABLE
P06713,Instant Coffee,2024-09-30,2024-10-29 00:24:40,2025-09-18,EXPIRED
P06714,Mechanical Keyboard,2023-08-02,2023-08-16 13:12:15,2025-03-07,EXPIRED
P06715,Mechanical Keyboard,2023-08-27,2023-09-05 22:56:08,2024-04-01,EXPIRED
P06716,Orange Juice,2025-03-26,2025-04-18 06:16:56,2027-03-29,AVAILABLE
P06717,Shampoo,2024-03-09,2024-03-22 05:51:55,2026-08-15,EXPIRED
P06718,Laptop Stand,2024-03-20,2024-03-27 11:29:02,2025-11-20,EXPIRED
P06719,Green Tea,2024-06-29,2024-07-11 11:51:45,2025-03-26,EXPIRED
P06720,Chocolate,2024-02-21,2024-03-01 09:59:09,2024-09-10,EXPIRED
P06721,USB Cable,2023-08-04,2023-08-19 10:16:56,2025-02-26,EXPIRED
P06722,Chocolate,2026-03-08,2026-03-19 15:41:18,2027-03-14,AVAILABLE
P06723,Laundry Detergent,2025-12-24,2026-01-16 09:11:54,2027-09-29,AVAILABLE
P06724,Instant Coffee,2025-11-01,2025-11-05 11:04:10,2026-07-16,EXPIRED
P06725,Power Bank,2025-04-15,2025-04-24 15:41:39,2026-05-05,EXPIRED
P06726,Green Tea,2026-09-14,2026-09-27 09:11:37,2029-08-05,AVAILABLE
P06727,Laptop Stand,2024-06-02,2024-06-17 23:13:20,2025-09-14,EXPIRED
P06728,Ballpoint Pen,2026-06-20,2026-07-07 15:23:48,2027-03-19,AVAILABLE
P06729,Instant Coffee,2023-01-05,2023-01-07 14:20:51,2023-10-06,EXPIRED
P06730,Green Tea,2025-01-24,2025-02-14 02:51:33,2026-05-20,EXPIRED
P06731,Green Tea,2025-09-10,2025-10-09 18:11:58,2027-02-02,AVAILABLE
P06732,Cereal,2025-08-11,2025-09-07 17:10:16,2027-07-06,RESERVED
P06733,Water Bottle,2023-06-06,2023-06-07 23:32:05,2024-04-18,EXPIRED
P06734,Green Tea,2025-04-08,2025-04-18 07:47:30,2027-07-03,AVAILABLE
P06735,Chocolate,2024-02-26,2024-03-21 01:52:40,2024-08-19,EXPIRED
P06736,Green Tea,2026-07-18,2026-08-01 00:27:26,2028-10-22,AVAILABLE
P06737,Wireless Mouse,2025-02-12,2025-03-10 19:40:26,2026-07-23,EXPIRED
P06738,Toothpaste,2024-09-25,2024-10-15 03:56:51,2025-08-22,EXPIRED
P06739,USB Cable,2025-11-28,2025-12-28 15:38:44,2026-03-13,EXPIRED
P06740,Mineral Water,2024-11-23,2024-11-24 13:04:54,2026-06-21,EXPIRED
P06741,Toothpaste,2023-06-21,2023-07-03 18:00:06,2024-02-26,EXPIRED
P06742,Laptop Stand,2024-10-14,2024-10-15 04:46:12,2025-04-28,EXPIRED
P06743,Shampoo,2023-04-01,2023-04-02 08:48:03,2024-05-18,EXPIRED
P06744,Hand Soap,2023-12-05,2023-12-23 19:34:26,2026-11-16,AVAILABLE
P06745,Bluetooth Speaker,2023-08-20,2023-09-19 05:03:35,2025-11-27,EXPIRED
P06746,USB Cable,2024-06-25,2024-07-19 22:39:35,2026-03-21,EXPIRED
P06747,Bluetooth Speaker,2025-01-31,2025-02-02 14:39:25,2027-04-20,AVAILABLE
P06748,Ballpoint Pen,2026-07-27,2026-08-21 14:32:56,2028-02-12,AVAILABLE
P06749,Mechanical Keyboard,2023-05-07,2023-05-28 02:18:05,2024-12-26,EXPIRED
P06750,Green Tea,2023-10-07,2023-10-16 12:00:41,2026-07-07,EXPIRED
P06751,Instant Coffee,2025-09-27,2025-10-03 07:45:54,2028-03-11,AVAILABLE
P06752,Orange Juice,2026-03-31,2026-04-12 05:33:45,2028-02-18,RESERVED
P06753,Ballpoint Pen,2026-05-13,2026-05-22 14:20:42,2029-01-30,RESERVED
P06754,Shampoo,2024-03-12,2024-04-10 15:44:48,2027-02-06,AVAILABLE
P06755,Notebook,2024-04-15,2024-04-16 10:20:31,2027-01-18,AVAILABLE
P06756,Hand Soap,2026-09-13,2026-10-10 19:41:34,2027-12-14,AVAILABLE
P06757,Toothpaste,2025-06-08,2025-06-09 15:19:46,2026-01-28,EXPIRED
P06758,Mechanical Keyboard,2025-01-25,2025-02-13 06:38:17,2025-09-23,EXPIRED
P06759,Cereal,2023-01-10,2023-02-04 08:52:54,2024-05-24,EXPIRED
P06760,Notebook,2023-04-25,2023-05-03 10:51:27,2023-07-16,EXPIRED
P06761,Bluetooth Speaker,2025-12-22,2026-01-03 17:40:26,2028-03-15,AVAILABLE
P06762,Wireless Mouse,2026-06-18,2026-07-02 06:22:19,2029-03-02,AVAILABLE
P06763,Wireless Mouse,2025-09-22,2025-10-03 02:51:10,2026-04-18,EXPIRED
P06764,Mechanical Keyboard,2023-07-01,2023-07-18 09:08:24,2024-07-03,EXPIRED
P06765,Bluetooth Speaker,2025-02-16,2025-02-26 20:18:58,2025-10-16,EXPIRED
P06766,Dish Soap,2023-02-17,2023-03-18 04:54:17,2025-02-23,EXPIRED
P06767,Notebook,2024-08-23,2024-08-25 16:22:50,2026-01-14,EXPIRED
P06768,Cereal,2025-04-10,2025-04-22 07:21:10,2026-11-27,RESERVED
P06769,Instant Coffee,2025-08-21,2025-09-15 14:48:46,2027-07-29,AVAILABLE
P06770,Toothpaste,2025-05-04,2025-06-03 21:59:23,2027-03-25,AVAILABLE
P06771,Instant Coffee,2025-09-22,2025-10-21 08:35:51,2027-10-14,RESERVED
P06772,Bluetooth Speaker,2024-11-07,2024-11-10 05:10:21,2026-07-24,EXPIRED
P06773,Shampoo,2025-07-26,2025-08-21 18:54:40,2025-12-08,EXPIRED
P06774,USB Cable,2026-09-13,2026-09-29 10:49:10,2027-09-01,AVAILABLE
P06775,Notebook,2026-07-23,2026-08-22 05:39:17,2029-01-14,AVAILABLE
P06776,Laptop Stand,2024-03-04,2024-03-30 19:25:31,2025-09-06,EXPIRED
P06777,Notebook,2026-02-28,2026-03-20 01:09:03,2027-07-01,RESERVED
P06778,Dish Soap,2024-11-26,2024-12-05 01:28:00,2025-04-25,EXPIRED
P06779,Laundry Detergent,2024-06-21,2024-07-16 02:21:36,2025-01-05,EXPIRED
P06780,Bluetooth Speaker,2024-08-02,2024-08-07 13:36:47,2026-06-18,EXPIRED
P06781,Hand Soap,2024-10-17,2024-10-25 22:34:21,2025-04-06,EXPIRED
P06782,Water Bottle,2026-05-30,2026-06-27 15:24:45,2027-11-18,AVAILABLE
P06783,Laptop Stand,2026-06-13,2026-06-23 13:04:19,2027-04-06,RESERVED
P06784,Shampoo,2023-12-10,2023-12-11 08:03:32,2026-01-03,EXPIRED
P06785,Bluetooth Speaker,2023-02-15,2023-02-28 07:13:16,2025-06-28,EXPIRED
P06786,USB Cable,2023-05-22,2023-06-08 19:31:33,2026-04-01,EXPIRED
P06787,Water Bottle,2025-07-08,2025-07-13 16:11:41,2027-09-29,AVAILABLE
P06788,Ballpoint Pen,2024-01-22,2024-02-13 06:44:32,2024-05-15,EXPIRED
P06789,Chocolate,2023-07-29,2023-08-21 19:04:30,2024-02-18,EXPIRED
P06790,Mineral Water,2023-04-09,2023-04-17 06:53:47,2024-08-24,EXPIRED
P06791,Mechanical Keyboard,2025-10-30,2025-11-26 11:18:18,2026-05-25,EXPIRED
P06792,Dish Soap,2026-08-24,2026-09-03 07:26:41,2029-02-19,AVAILABLE
P06793,Laptop Stand,2023-02-02,2023-02-23 19:58:12,2023-08-29,EXPIRED
P06794,Instant Coffee,2025-08-23,2025-09-22 17:34:03,2026-08-12,EXPIRED
P06795,USB Cable,2023-03-06,2023-03-25 07:59:26,2025-12-24,EXPIRED
P06796,Shampoo,2025-10-18,2025-11-02 14:29:15,2028-03-18,AVAILABLE
P06797,Toothpaste,2025-02-12,2025-02-22 11:22:19,2027-01-20,AVAILABLE
P06798,Mechanical Keyboard,2024-03-02,2024-03-11 16:07:39,2026-02-07,EXPIRED
P06799,Green Tea,2024-02-18,2024-03-01 23:46:07,2024-10-25,EXPIRED
P06800,Mechanical Keyboard,2023-10-14,2023-10-27 19:13:36,2025-08-19,EXPIRED
P06801,Orange Juice,2024-02-25,2024-03-04 01:34:39,2024-12-28,EXPIRED
P06802,Water Bottle,2024-05-25,2024-06-01 20:56:05,2025-08-19,EXPIRED
P06803,Orange Juice,2023-05-24,2023-06-03 20:33:20,2025-05-11,EXPIRED
P06804,Wireless Mouse,2025-08-09,2025-08-10 04:24:16,2025-10-13,EXPIRED
P06805,Shampoo,2023-10-11,2023-11-06 13:00:24,2026-04-29,EXPIRED
P06806,Chocolate,2023-08-06,2023-08-17 20:07:47,2025-05-05,EXPIRED
P06807,Chocolate,2025-11-04,2025-11-20 13:10:06,2028-04-12,AVAILABLE
P06808,Laundry Detergent,2024-05-16,2024-06-09 08:42:08,2026-12-30,RESERVED
P06809,Notebook,2025-07-17,2025-07-25 01:11:37,2027-03-16,AVAILABLE
P06810,Shampoo,2026-03-06,2026-03-17 15:58:10,2028-03-11,AVAILABLE
P06811,Mechanical Keyboard,2023-11-19,2023-11-27 23:51:49,2025-12-27,EXPIRED
P06812,Dish Soap,2026-06-23,2026-06-30 14:29:49,2027-03-08,AVAILABLE
P06813,Orange Juice,2026-01-23,2026-01-29 17:16:33,2026-08-14,EXPIRED
P06814,Notebook,2026-04-22,2026-05-02 19:22:05,2028-07-16,RESERVED
P06815,Cereal,2026-07-03,2026-07-22 02:47:45,2028-02-18,AVAILABLE
P06816,Mineral Water,2026-09-07,2026-09-17 09:27:16,2028-07-26,AVAILABLE
P06817,Instant Coffee,2026-04-11,2026-04-12 00:16:04,2028-06-07,AVAILABLE
P06818,Chocolate,2023-11-16,2023-12-15 23:33:24,2026-09-25,AVAILABLE
P06819,Orange Juice,2024-11-07,2024-11-16 15:56:00,2025-04-27,EXPIRED
P06820,Dish Soap,2026-04-19,2026-05-05 15:38:43,2028-04-27,AVAILABLE
P06821,Power Bank,2024-09-08,2024-09-21 14:02:47,2026-01-18,EXPIRED
P06822,Shampoo,2025-09-30,2025-10-05 20:21:57,2026-01-29,EXPIRED
P06823,Bluetooth Speaker,2025-10-28,2025-11-20 00:03:51,2027-08-23,RESERVED
P06824,USB Cable,2025-08-03,2025-08-19 22:02:53,2028-06-12,AVAILABLE
P06825,Green Tea,2025-05-17,2025-05-19 21:15:06,2027-10-11,AVAILABLE
P06826,Instant Coffee,2026-09-21,2026-10-01 00:47:31,2027-07-09,RESERVED
P06827,USB Cable,2025-02-28,2025-03-29 08:22:30,2027-01-21,AVAILABLE
P06828,Hand Soap,2024-12-08,2024-12-18 20:11:45,2027-11-02,RESERVED
P06829,Water Bottle,2023-09-15,2023-10-10 17:48:25,2026-07-14,EXPIRED
P06830,Dish Soap,2024-11-24,2024-12-24 02:22:43,2025-04-09,EXPIRED
P06831,Shampoo,2025-03-12,2025-03-29 16:04:22,2027-04-15,RESERVED
P06832,Toothpaste,2023-08-13,2023-09-05 10:23:53,2026-01-10,EXPIRED
P06833,Shampoo,2023-06-15,2023-07-13 13:26:35,2025-03-23,EXPIRED
P06834,Mechanical Keyboard,2026-03-04,2026-03-12 13:59:47,2027-08-05,AVAILABLE
P06835,Green Tea,2025-04-14,2025-05-05 00:21:36,2027-06-11,AVAILABLE
P06836,Power Bank,2025-04-26,2025-04-30 02:14:13,2027-04-10,AVAILABLE
P06837,Water Bottle,2024-01-19,2024-01-24 08:58:23,2024-07-19,EXPIRED
P06838,Dish Soap,2023-11-01,2023-11-13 12:38:25,2024-04-16,EXPIRED
P06839,Notebook,2023-09-21,2023-09-24 04:41:45,2026-03-18,EXPIRED
P06840,Notebook,2025-07-12,2025-08-09 23:57:19,2027-10-14,AVAILABLE
P06841,Hand Soap,2026-02-07,2026-02-17 16:30:36,2029-01-11,RESERVED
P06842,Ballpoint Pen,2025-04-16,2025-05-10 06:05:36,2027-10-03,AVAILABLE
P06843,Mechanical Keyboard,2024-12-12,2024-12-18 15:40:03,2026-06-27,EXPIRED
P06844,Water Bottle,2025-03-07,2025-03-26 05:11:48,2027-03-18,AVAILABLE
P06845,USB Cable,2025-05-14,2025-05-23 04:15:00,2026-02-14,EXPIRED
P06846,Bluetooth Speaker,2025-09-15,2025-09-25 12:37:58,2025-11-04,EXPIRED
P06847,Power Bank,2025-09-26,2025-10-09 06:06:48,2026-04-29,EXPIRED
P06848,Notebook,2025-10-25,2025-11-22 13:15:29,2025-12-28,EXPIRED
P06849,Dish Soap,2025-01-13,2025-02-04 11:14:51,2027-04-18,AVAILABLE
P06850,Shampoo,2023-11-04,2023-11-10 06:00:26,2024-12-24,EXPIRED
P06851,Orange Juice,2025-05-04,2025-05-20 06:41:47,2027-05-26,AVAILABLE
P06852,Toothpaste,2025-02-04,2025-02-17 19:46:18,2026-02-09,EXPIRED
P06853,Ballpoint Pen,2025-12-02,2025-12-12 02:00:51,2027-09-03,AVAILABLE
P06854,Mechanical Keyboard,2024-03-20,2024-04-17 23:10:30,2025-06-09,EXPIRED
P06855,Wireless Mouse,2024-03-22,2024-04-16 04:19:49,2025-04-12,EXPIRED
P06856,Toothpaste,2024-09-15,2024-10-13 22:24:13,2026-08-11,EXPIRED
P06857,Bluetooth Speaker,2024-04-14,2024-05-10 10:53:26,2024-10-26,EXPIRED
P06858,Power Bank,2026-02-14,2026-03-03 22:48:09,2026-04-11,EXPIRED
P06859,Instant Coffee,2026-01-11,2026-01-12 21:53:27,2027-12-16,AVAILABLE
P06860,Shampoo,2023-10-12,2023-11-03 02:35:21,2024-12-24,EXPIRED
P06861,USB Cable,2023-07-30,2023-08-03 20:59:10,2026-06-23,EXPIRED
P06862,USB Cable,2025-08-13,2025-08-29 19:01:51,2026-11-14,RESERVED
P06863,Mineral Water,2025-05-18,2025-05-31 12:14:25,2027-03-01,AVAILABLE
P06864,Laptop Stand,2025-11-04,2025-11-07 20:15:10,2028-03-31,AVAILABLE
P06865,Notebook,2025-11-21,2025-11-30 10:00:12,2027-02-05,RESERVED
P06866,Hand Soap,2026-06-05,2026-06-07 22:11:42,2028-01-25,AVAILABLE
P06867,Instant Coffee,2025-10-01,2025-10-13 06:22:40,2026-12-10,RESERVED
P06868,Power Bank,2026-09-13,2026-09-20 04:45:16,2028-09-14,AVAILABLE
P06869,Toothpaste,2024-11-06,2024-11-20 14:53:06,2026-11-07,AVAILABLE
P06870,Instant Coffee,2023-04-22,2023-05-04 12:32:29,2023-09-25,EXPIRED
P06871,Toothpaste,2023-05-18,2023-05-23 22:54:49,2025-09-09,EXPIRED
P06872,Cereal,2023-11-07,2023-11-17 19:18:50,2024-05-02,EXPIRED
P06873,Dish Soap,2024-12-29,2025-01-04 23:38:32,2026-05-30,EXPIRED
P06874,Dish Soap,2025-10-26,2025-11-24 05:58:00,2026-04-25,EXPIRED
P06875,Cereal,2023-09-05,2023-09-14 18:29:28,2026-07-18,EXPIRED
P06876,Shampoo,2024-07-03,2024-07-22 02:15:25,2025-01-22,EXPIRED
P06877,Shampoo,2024-12-21,2025-01-05 13:53:22,2025-10-28,EXPIRED
P06878,Dish Soap,2023-12-08,2023-12-13 22:51:48,2026-03-09,EXPIRED
P06879,Power Bank,2026-03-08,2026-03-29 10:42:17,2026-05-25,EXPIRED
P06880,Bluetooth Speaker,2026-02-26,2026-03-08 17:54:16,2027-11-25,AVAILABLE
P06881,Green Tea,2024-10-17,2024-11-01 15:53:51,2027-03-04,AVAILABLE
P06882,USB Cable,2024-05-01,2024-05-31 17:34:54,2026-11-11,AVAILABLE
P06883,Cereal,2023-02-03,2023-02-28 23:56:58,2023-05-13,EXPIRED
P06884,Notebook,2023-07-05,2023-07-28 11:38:22,2025-10-31,EXPIRED
P06885,Toothpaste,2025-11-21,2025-11-28 04:13:36,2028-01-06,AVAILABLE
P06886,Water Bottle,2025-02-24,2025-03-22 00:59:07,2026-10-30,AVAILABLE
P06887,Bluetooth Speaker,2026-07-28,2026-08-12 00:26:24,2027-04-01,AVAILABLE
P06888,Cereal,2024-04-15,2024-04-29 01:45:33,2027-02-18,AVAILABLE
P06889,Mechanical Keyboard,2025-06-16,2025-06-21 00:42:08,2025-09-13,EXPIRED
P06890,Instant Coffee,2026-07-22,2026-08-14 06:35:35,2027-03-14,AVAILABLE
P06891,Laptop Stand,2023-01-24,2023-02-18 18:39:27,2025-05-14,EXPIRED
P06892,Hand Soap,2025-05-27,2025-06-04 14:10:01,2026-08-08,EXPIRED
P06893,Toothpaste,2024-04-02,2024-04-12 08:32:14,2026-06-09,EXPIRED
P06894,Orange Juice,2025-05-11,2025-05-27 00:29:40,2026-01-02,EXPIRED
P06895,Notebook,2026-07-12,2026-08-04 00:22:25,2028-06-08,AVAILABLE
P06896,Chocolate,2024-02-01,2024-02-20 13:31:30,2024-05-10,EXPIRED
P06897,Cereal,2024-06-17,2024-06-30 14:12:38,2025-11-28,EXPIRED
P06898,USB Cable,2025-03-14,2025-03-23 23:38:00,2027-03-13,AVAILABLE
P06899,Shampoo,2026-01-30,2026-02-20 17:31:47,2027-07-07,RESERVED
P06900,Mechanical Keyboard,2024-12-25,2025-01-11 16:27:34,2025-10-06,EXPIRED
P06901,Mechanical Keyboard,2023-11-26,2023-12-07 06:06:08,2024-12-20,EXPIRED
P06902,Shampoo,2025-05-09,2025-05-14 10:17:31,2028-04-14,AVAILABLE
P06903,Mechanical Keyboard,2026-02-28,2026-03-11 16:03:19,2026-04-27,EXPIRED
P06904,USB Cable,2024-08-24,2024-09-06 03:53:20,2027-05-07,RESERVED
P06905,Wireless Mouse,2023-03-25,2023-03-26 02:58:37,2023-08-15,EXPIRED
P06906,Mechanical Keyboard,2025-07-12,2025-07-19 16:32:20,2027-01-20,AVAILABLE
P06907,Toothpaste,2024-04-19,2024-05-10 09:46:31,2025-12-19,EXPIRED
P06908,Instant Coffee,2025-04-03,2025-04-28 18:14:52,2025-07-08,EXPIRED
P06909,Laundry Detergent,2026-05-22,2026-05-31 03:13:06,2028-04-02,AVAILABLE
P06910,Mineral Water,2025-10-16,2025-10-19 16:14:09,2026-06-26,EXPIRED
P06911,Water Bottle,2023-01-28,2023-02-09 09:08:59,2024-07-29,EXPIRED
P06912,Laptop Stand,2025-01-04,2025-01-25 02:06:05,2025-04-29,EXPIRED
P06913,Water Bottle,2024-12-24,2025-01-13 09:55:47,2025-02-21,EXPIRED
P06914,Notebook,2024-08-24,2024-08-30 21:36:18,2025-01-30,EXPIRED
P06915,Laptop Stand,2024-10-04,2024-10-23 14:39:39,2025-01-16,EXPIRED
P06916,Instant Coffee,2023-10-13,2023-10-21 17:34:45,2026-05-16,EXPIRED
P06917,Shampoo,2025-08-16,2025-08-29 13:02:40,2027-11-17,AVAILABLE
P06918,Dish Soap,2026-03-28,2026-04-08 02:57:12,2028-01-21,AVAILABLE
P06919,Water Bottle,2026-03-01,2026-03-21 15:35:13,2028-10-30,AVAILABLE
P06920,Chocolate,2026-08-29,2026-09-05 00:33:06,2029-08-08,AVAILABLE
P06921,Shampoo,2024-05-04,2024-05-10 22:48:36,2025-07-26,EXPIRED
P06922,Ballpoint Pen,2025-07-05,2025-07-28 00:11:24,2027-09-25,AVAILABLE
P06923,Dish Soap,2023-12-08,2024-01-06 00:30:07,2025-12-20,EXPIRED
P06924,Chocolate,2026-02-19,2026-02-22 17:20:07,2027-06-19,AVAILABLE
P06925,Power Bank,2023-06-09,2023-07-06 15:32:26,2023-11-01,EXPIRED
P06926,Cereal,2025-06-15,2025-07-12 14:25:53,2028-01-27,AVAILABLE
P06927,USB Cable,2026-04-29,2026-05-04 22:50:55,2027-03-01,AVAILABLE
P06928,Instant Coffee,2023-05-01,2023-05-31 04:33:28,2025-03-15,EXPIRED
P06929,Toothpaste,2024-07-06,2024-07-08 11:32:39,2025-08-20,EXPIRED
P06930,Instant Coffee,2023-01-27,2023-02-03 13:00:24,2025-08-10,EXPIRED
P06931,Hand Soap,2025-12-21,2026-01-06 03:38:55,2027-01-02,AVAILABLE
P06932,Ballpoint Pen,2025-08-24,2025-09-15 05:24:20,2027-08-23,AVAILABLE
P06933,USB Cable,2024-01-23,2024-02-22 12:18:36,2026-06-19,EXPIRED
P06934,Hand Soap,2024-06-13,2024-07-06 11:06:44,2026-04-07,EXPIRED
P06935,Cereal,2024-04-13,2024-04-28 11:48:11,2026-05-10,EXPIRED
P06936,Toothpaste,2024-09-07,2024-10-03 09:43:51,2027-09-03,AVAILABLE
P06937,Bluetooth Speaker,2024-10-23,2024-10-28 23:26:41,2025-03-01,EXPIRED
P06938,Power Bank,2025-12-02,2025-12-14 03:48:59,2026-07-30,EXPIRED
P06939,Power Bank,2024-10-06,2024-10-30 13:30:57,2026-03-31,EXPIRED
P06940,Instant Coffee,2026-01-17,2026-02-14 11:04:20,2028-09-14,AVAILABLE
P06941,Chocolate,2025-05-11,2025-05-27 01:41:23,2025-10-11,EXPIRED
P06942,Shampoo,2025-12-25,2025-12-26 19:34:12,2028-11-21,RESERVED
P06943,Water Bottle,2023-05-19,2023-06-16 18:14:16,2025-11-22,EXPIRED
P06944,Cereal,2023-05-04,2023-05-10 15:20:32,2025-10-27,EXPIRED
P06945,Mechanical Keyboard,2024-05-24,2024-06-23 20:19:47,2026-05-28,EXPIRED
P06946,Mineral Water,2024-02-20,2024-03-14 07:54:13,2025-01-23,EXPIRED
P06947,Instant Coffee,2024-09-07,2024-09-27 11:08:17,2026-07-26,EXPIRED
P06948,Toothpaste,2023-04-20,2023-05-01 02:20:55,2025-04-09,EXPIRED
P06949,Hand Soap,2025-12-22,2026-01-12 04:25:12,2026-02-05,EXPIRED
P06950,Water Bottle,2023-12-07,2023-12-16 21:47:55,2024-10-29,EXPIRED
P06951,Toothpaste,2023-07-01,2023-07-14 03:42:33,2025-10-06,EXPIRED
P06952,Laptop Stand,2025-11-13,2025-12-13 20:24:37,2028-07-17,RESERVED
P06953,Green Tea,2025-09-12,2025-09-26 23:51:11,2026-12-27,RESERVED
P06954,Hand Soap,2023-02-20,2023-02-27 21:35:22,2024-10-13,EXPIRED
P06955,Hand Soap,2026-02-21,2026-03-18 14:48:55,2027-04-06,AVAILABLE
P06956,Dish Soap,2023-07-16,2023-08-04 06:58:07,2024-06-27,EXPIRED
P06957,Laptop Stand,2026-03-17,2026-03-26 02:49:50,2027-04-10,RESERVED
P06958,Instant Coffee,2023-10-13,2023-10-30 22:00:55,2026-01-22,EXPIRED
P06959,Laptop Stand,2024-12-14,2024-12-22 21:37:16,2025-07-26,EXPIRED
P06960,Dish Soap,2025-01-08,2025-01-17 10:23:17,2025-06-18,EXPIRED
P06961,Laundry Detergent,2026-06-09,2026-06-15 10:34:57,2027-11-10,AVAILABLE
P06962,Green Tea,2023-01-08,2023-01-10 07:22:25,2024-05-12,EXPIRED
P06963,Wireless Mouse,2024-02-20,2024-03-20 05:32:09,2026-08-20,EXPIRED
P06964,Hand Soap,2024-01-26,2024-02-06 21:19:55,2024-03-14,EXPIRED
P06965,Chocolate,2025-07-03,2025-07-22 17:24:23,2028-01-26,AVAILABLE
P06966,Shampoo,2025-10-28,2025-11-16 22:27:41,2026-09-08,EXPIRED
P06967,USB Cable,2024-02-03,2024-02-08 23:50:23,2024-07-04,EXPIRED
P06968,Dish Soap,2025-05-05,2025-05-11 17:26:58,2027-03-08,AVAILABLE
P06969,Chocolate,2026-07-04,2026-07-11 09:28:24,2026-11-14,RESERVED
P06970,Dish Soap,2026-01-07,2026-01-13 06:01:36,2027-01-20,AVAILABLE
P06971,Laundry Detergent,2025-06-18,2025-06-24 16:38:50,2027-03-02,AVAILABLE
P06972,Toothpaste,2024-03-13,2024-03-26 06:04:25,2025-05-31,EXPIRED
P06973,Instant Coffee,2023-02-03,2023-03-03 17:18:24,2023-05-29,EXPIRED
P06974,Power Bank,2025-08-18,2025-08-24 23:25:57,2026-07-25,EXPIRED
P06975,Dish Soap,2023-01-30,2023-02-07 06:44:56,2025-06-07,EXPIRED
P06976,Chocolate,2026-05-31,2026-06-02 16:52:51,2028-02-01,RESERVED
P06977,Hand Soap,2024-07-30,2024-08-18 02:40:05,2027-02-02,AVAILABLE
P06978,Green Tea,2026-08-28,2026-09-20 07:54:43,2026-12-06,AVAILABLE
P06979,Power Bank,2023-05-06,2023-05-29 22:06:24,2025-09-25,EXPIRED
P06980,Instant Coffee,2025-02-07,2025-02-21 05:48:09,2026-09-21,AVAILABLE
P06981,Cereal,2024-09-18,2024-09-21 09:48:00,2026-08-27,EXPIRED
P06982,Toothpaste,2026-06-14,2026-07-14 12:09:10,2028-07-03,AVAILABLE
P06983,Power Bank,2026-07-22,2026-07-23 16:19:33,2029-01-11,AVAILABLE
P06984,Mechanical Keyboard,2025-02-22,2025-03-18 13:47:02,2025-07-25,EXPIRED
P06985,Laptop Stand,2025-03-08,2025-04-06 00:18:26,2025-05-13,EXPIRED
P06986,Power Bank,2025-06-24,2025-07-03 19:42:21,2026-09-05,EXPIRED
P06987,Dish Soap,2026-07-22,2026-08-11 03:58:52,2028-10-06,AVAILABLE
P06988,Chocolate,2024-07-22,2024-07-25 00:26:24,2027-05-24,AVAILABLE
P06989,Laundry Detergent,2024-08-12,2024-08-23 15:55:59,2025-12-07,EXPIRED
P06990,Bluetooth Speaker,2023-06-05,2023-06-19 11:03:55,2024-07-02,EXPIRED
P06991,Green Tea,2023-11-10,2023-12-09 06:49:33,2025-01-12,EXPIRED
P06992,Orange Juice,2024-06-28,2024-07-22 08:54:53,2024-08-25,EXPIRED
P06993,Toothpaste,2023-06-06,2023-07-02 02:41:59,2023-08-06,EXPIRED
P06994,Toothpaste,2023-12-18,2024-01-07 16:23:01,2024-12-27,EXPIRED
P06995,Instant Coffee,2026-09-16,2026-10-08 00:22:40,2026-12-17,AVAILABLE
P06996,Shampoo,2025-06-29,2025-07-03 08:34:21,2026-11-20,AVAILABLE
P06997,Water Bottle,2023-09-07,2023-09-23 02:16:29,2025-07-16,EXPIRED
P06998,Orange Juice,2024-06-07,2024-07-01 02:10:36,2025-06-11,EXPIRED
P06999,Chocolate,2026-03-31,2026-04-06 05:00:52,2027-05-03,AVAILABLE
P07000,Laundry Detergent,2023-05-28,2023-06-09 20:11:03,2026-05-04,EXPIRED
P07001,Notebook,2024-12-26,2024-12-31 03:54:28,2027-04-08,AVAILABLE
P07002,Wireless Mouse,2023-09-04,2023-10-01 05:26:38,2026-03-02,EXPIRED
P07003,Laptop Stand,2024-11-15,2024-11-17 10:48:03,2027-08-19,RESERVED
P07004,Instant Coffee,2023-10-06,2023-10-15 23:58:38,2024-03-13,EXPIRED
P07005,Instant Coffee,2026-05-15,2026-05-25 07:03:15,2027-05-25,AVAILABLE
P07006,Mechanical Keyboard,2023-12-11,2023-12-27 08:38:25,2024-11-16,EXPIRED
P07007,Instant Coffee,2026-02-23,2026-03-03 16:18:18,2026-06-29,EXPIRED
P07008,Instant Coffee,2025-09-13,2025-10-04 12:22:16,2026-12-18,AVAILABLE
P07009,Notebook,2026-04-27,2026-05-06 04:53:46,2028-05-25,RESERVED
P07010,Dish Soap,2023-02-09,2023-02-16 07:01:33,2025-06-29,EXPIRED
P07011,Green Tea,2023-07-16,2023-07-26 17:26:41,2024-12-30,EXPIRED
P07012,Bluetooth Speaker,2026-04-24,2026-05-15 01:32:20,2026-07-04,EXPIRED
P07013,Cereal,2023-04-28,2023-05-23 08:59:42,2026-04-08,EXPIRED
P07014,Hand Soap,2026-09-15,2026-09-19 10:37:01,2028-07-21,AVAILABLE
P07015,Laundry Detergent,2023-09-14,2023-10-14 06:29:31,2024-09-26,EXPIRED
P07016,Power Bank,2023-05-02,2023-05-22 01:30:16,2025-01-12,EXPIRED
P07017,Green Tea,2025-08-21,2025-09-09 22:14:36,2026-04-27,EXPIRED
P07018,USB Cable,2025-08-23,2025-08-27 15:16:54,2025-10-12,EXPIRED
P07019,Wireless Mouse,2024-02-15,2024-03-09 08:22:25,2027-01-12,RESERVED
P07020,Green Tea,2025-12-21,2026-01-03 10:43:59,2028-10-12,AVAILABLE
P07021,Hand Soap,2024-08-24,2024-09-18 08:38:24,2026-12-31,AVAILABLE
P07022,Wireless Mouse,2025-06-25,2025-06-30 07:25:24,2025-11-20,EXPIRED
P07023,Chocolate,2025-08-20,2025-08-29 03:09:00,2026-04-23,EXPIRED
P07024,Laundry Detergent,2023-01-04,2023-01-11 13:33:38,2024-04-09,EXPIRED
P07025,Dish Soap,2026-08-02,2026-08-07 11:53:54,2027-05-30,AVAILABLE
P07026,Notebook,2026-07-04,2026-07-14 00:19:13,2027-12-21,AVAILABLE
P07027,Power Bank,2025-04-03,2025-04-04 04:25:38,2027-03-06,AVAILABLE
P07028,Toothpaste,2025-02-03,2025-02-08 22:58:27,2027-07-10,AVAILABLE
P07029,Chocolate,2026-02-18,2026-03-20 01:13:42,2026-10-08,AVAILABLE
P07030,Water Bottle,2025-03-30,2025-04-15 16:04:29,2027-02-03,AVAILABLE
P07031,Green Tea,2026-08-19,2026-09-06 02:15:21,2028-01-30,AVAILABLE
P07032,Mineral Water,2024-07-02,2024-07-08 19:53:56,2027-06-22,AVAILABLE
P07033,Ballpoint Pen,2024-03-26,2024-03-27 06:39:48,2026-04-27,EXPIRED
P07034,Instant Coffee,2026-05-12,2026-05-24 04:47:44,2028-09-01,AVAILABLE
P07035,Dish Soap,2026-08-31,2026-09-18 11:12:11,2029-05-15,AVAILABLE
P07036,Chocolate,2023-03-03,2023-03-06 02:16:39,2025-12-28,EXPIRED
P07037,Chocolate,2025-07-21,2025-08-01 08:46:31,2026-10-07,RESERVED
P07038,Toothpaste,2025-08-06,2025-08-08 08:48:37,2025-11-25,EXPIRED
P07039,Notebook,2025-05-04,2025-05-19 17:04:38,2027-02-27,AVAILABLE
P07040,Mineral Water,2024-11-19,2024-12-08 15:28:14,2027-02-15,AVAILABLE
P07041,Mechanical Keyboard,2026-09-20,2026-09-27 21:16:01,2028-09-21,AVAILABLE
P07042,Water Bottle,2025-04-02,2025-04-20 23:37:06,2025-08-14,EXPIRED
P07043,Dish Soap,2023-02-11,2023-02-21 03:45:43,2025-12-24,EXPIRED
P07044,Cereal,2025-05-29,2025-06-18 20:17:56,2026-09-10,EXPIRED
P07045,Mechanical Keyboard,2025-08-28,2025-09-25 22:58:10,2026-04-28,EXPIRED
P07046,Dish Soap,2026-09-14,2026-10-10 16:29:42,2029-04-30,AVAILABLE
P07047,Shampoo,2026-03-26,2026-04-14 03:24:20,2029-02-24,AVAILABLE
P07048,Laptop Stand,2024-04-19,2024-05-03 07:19:48,2024-10-09,EXPIRED
P07049,Power Bank,2023-03-07,2023-03-16 17:54:21,2025-09-22,EXPIRED
P07050,Laundry Detergent,2025-05-09,2025-05-24 03:09:24,2027-04-10,AVAILABLE
P07051,Laptop Stand,2026-01-29,2026-02-25 02:35:09,2026-10-26,AVAILABLE
P07052,Hand Soap,2026-02-25,2026-03-17 20:54:34,2029-02-01,AVAILABLE
P07053,Laptop Stand,2024-06-12,2024-07-01 21:37:04,2026-10-18,AVAILABLE
P07054,Dish Soap,2024-08-21,2024-08-25 23:44:22,2026-08-06,EXPIRED
P07055,Orange Juice,2024-01-31,2024-02-15 22:14:03,2025-09-21,EXPIRED
P07056,Water Bottle,2025-07-22,2025-08-20 13:13:07,2027-06-09,AVAILABLE
P07057,Notebook,2025-04-06,2025-04-22 00:31:52,2026-01-13,EXPIRED
P07058,Shampoo,2026-06-28,2026-07-25 08:16:35,2027-02-08,AVAILABLE
P07059,Chocolate,2023-01-05,2023-01-06 01:47:46,2024-08-13,EXPIRED
P07060,Mechanical Keyboard,2025-06-29,2025-07-11 13:02:09,2026-11-29,AVAILABLE
P07061,Mechanical Keyboard,2025-05-15,2025-05-25 01:28:49,2028-03-05,AVAILABLE
P07062,Notebook,2025-04-21,2025-05-08 23:10:11,2028-03-16,RESERVED
P07063,Cereal,2024-09-17,2024-09-22 14:59:13,2026-04-17,EXPIRED
P07064,Green Tea,2026-04-20,2026-05-13 15:36:52,2027-03-21,AVAILABLE
P07065,Power Bank,2026-08-07,2026-09-06 19:30:44,2027-10-10,AVAILABLE
P07066,Shampoo,2026-07-16,2026-08-12 10:17:28,2028-09-03,AVAILABLE
P07067,Toothpaste,2026-02-21,2026-03-16 21:46:15,2028-12-08,AVAILABLE
P07068,Mechanical Keyboard,2024-10-22,2024-10-29 18:47:44,2025-09-09,EXPIRED
P07069,Orange Juice,2026-08-19,2026-09-11 18:03:50,2029-02-14,RESERVED
P07070,Hand Soap,2025-07-30,2025-08-03 17:20:12,2027-11-28,AVAILABLE
P07071,Power Bank,2025-08-31,2025-09-10 07:44:01,2027-03-10,AVAILABLE
P07072,Laptop Stand,2024-12-18,2024-12-31 01:02:18,2025-09-21,EXPIRED
P07073,Water Bottle,2023-07-23,2023-08-06 21:25:54,2026-05-30,EXPIRED
P07074,Toothpaste,2024-12-22,2024-12-27 15:49:00,2027-07-06,AVAILABLE
P07075,Bluetooth Speaker,2025-07-06,2025-07-25 22:47:44,2028-03-21,AVAILABLE
P07076,Toothpaste,2025-05-30,2025-06-06 23:20:00,2027-10-17,AVAILABLE
P07077,Laptop Stand,2025-07-28,2025-08-03 18:46:38,2025-10-14,EXPIRED
P07078,Chocolate,2024-03-07,2024-03-24 17:40:06,2026-12-29,RESERVED
P07079,Shampoo,2025-08-03,2025-08-16 04:59:55,2026-08-11,EXPIRED
P07080,Toothpaste,2023-03-12,2023-03-17 23:22:19,2024-08-27,EXPIRED
P07081,USB Cable,2025-03-22,2025-04-12 07:36:04,2027-02-02,AVAILABLE
P07082,Chocolate,2025-05-12,2025-05-21 15:08:21,2027-10-16,AVAILABLE
P07083,Chocolate,2025-02-25,2025-03-23 14:57:32,2026-02-12,EXPIRED
P07084,Mechanical Keyboard,2024-02-23,2024-03-08 19:01:25,2024-10-30,EXPIRED
P07085,Cereal,2024-12-19,2024-12-21 21:52:11,2027-04-02,AVAILABLE
P07086,Instant Coffee,2024-06-11,2024-06-12 22:39:55,2027-03-03,AVAILABLE
P07087,USB Cable,2023-10-04,2023-10-09 21:03:52,2026-04-05,EXPIRED
P07088,Mineral Water,2025-06-18,2025-07-02 12:20:18,2025-07-26,EXPIRED
P07089,Cereal,2024-04-24,2024-05-18 20:11:17,2025-04-10,EXPIRED
P07090,Power Bank,2025-04-23,2025-05-12 08:14:21,2026-08-24,EXPIRED
P07091,Laptop Stand,2025-10-22,2025-11-15 13:58:04,2028-07-03,AVAILABLE
P07092,Wireless Mouse,2025-01-18,2025-02-05 02:15:33,2025-04-23,EXPIRED
P07093,Cereal,2025-07-16,2025-07-24 05:07:14,2027-09-28,AVAILABLE
P07094,Laundry Detergent,2026-08-31,2026-09-18 12:18:22,2028-08-10,AVAILABLE
P07095,Bluetooth Speaker,2025-04-17,2025-04-21 10:07:01,2027-11-05,AVAILABLE
P07096,Orange Juice,2025-01-18,2025-02-03 00:23:10,2027-03-23,AVAILABLE
P07097,Laundry Detergent,2025-03-27,2025-04-14 15:56:51,2026-10-24,AVAILABLE
P07098,USB Cable,2023-09-17,2023-10-12 06:21:59,2026-03-23,EXPIRED
P07099,Laptop Stand,2024-10-13,2024-10-31 12:38:09,2027-02-07,AVAILABLE
P07100,Cereal,2025-06-01,2025-06-02 01:24:41,2026-07-19,EXPIRED
P07101,Cereal,2024-12-09,2024-12-12 11:05:30,2027-07-11,RESERVED
P07102,Orange Juice,2023-06-04,2023-07-02 18:12:30,2024-11-27,EXPIRED
P07103,Notebook,2024-11-16,2024-11-23 02:53:11,2027-07-04,AVAILABLE
P07104,Green Tea,2024-05-29,2024-06-24 10:33:41,2024-08-07,EXPIRED
P07105,USB Cable,2026-07-02,2026-07-18 13:44:10,2027-03-18,AVAILABLE
P07106,Green Tea,2025-05-03,2025-05-28 02:25:17,2027-07-13,AVAILABLE
P07107,Cereal,2023-11-01,2023-11-24 13:49:21,2025-04-22,EXPIRED
P07108,Bluetooth Speaker,2023-10-17,2023-10-22 21:50:16,2026-05-24,EXPIRED
P07109,Mechanical Keyboard,2025-11-10,2025-11-14 00:06:17,2026-07-19,EXPIRED
P07110,Laptop Stand,2026-04-08,2026-05-02 14:04:39,2027-11-17,AVAILABLE
P07111,Laundry Detergent,2026-05-16,2026-06-14 21:16:15,2028-12-17,AVAILABLE
P07112,Laundry Detergent,2026-08-19,2026-09-12 23:56:07,2027-06-23,AVAILABLE
P07113,Dish Soap,2023-08-14,2023-08-30 19:15:00,2023-10-12,EXPIRED
P07114,Dish Soap,2023-02-07,2023-02-18 16:34:51,2023-04-02,EXPIRED
P07115,Cereal,2026-09-02,2026-10-02 16:02:34,2027-06-06,AVAILABLE
P07116,Wireless Mouse,2024-01-30,2024-02-06 09:45:53,2024-04-20,EXPIRED
P07117,Cereal,2023-03-10,2023-03-28 23:07:44,2023-07-16,EXPIRED
P07118,Cereal,2025-02-10,2025-03-05 07:21:41,2028-02-06,RESERVED
P07119,Shampoo,2026-04-26,2026-05-15 01:40:11,2026-12-28,AVAILABLE
P07120,USB Cable,2023-07-19,2023-08-02 22:26:36,2025-04-30,EXPIRED
P07121,Shampoo,2023-02-15,2023-03-16 04:40:04,2024-02-09,EXPIRED
P07122,Chocolate,2025-05-30,2025-06-14 13:49:16,2026-04-20,EXPIRED
P07123,Dish Soap,2023-08-24,2023-08-29 22:43:46,2025-09-02,EXPIRED
P07124,Notebook,2025-12-08,2026-01-05 06:25:49,2026-11-28,AVAILABLE
P07125,Toothpaste,2024-07-01,2024-07-21 16:52:35,2026-01-21,EXPIRED
P07126,Notebook,2024-10-19,2024-11-08 02:54:11,2027-01-23,AVAILABLE
P07127,Notebook,2023-11-01,2023-11-02 07:14:05,2025-05-15,EXPIRED
P07128,Shampoo,2025-01-26,2025-02-09 21:22:31,2025-10-28,EXPIRED
P07129,Shampoo,2025-03-11,2025-03-23 15:54:55,2028-02-23,RESERVED
P07130,Power Bank,2024-03-08,2024-03-09 09:36:39,2026-03-15,EXPIRED
P07131,Mechanical Keyboard,2024-09-12,2024-09-20 16:36:43,2027-01-01,AVAILABLE
P07132,Power Bank,2025-03-25,2025-04-03 11:02:33,2027-06-22,AVAILABLE
P07133,Notebook,2024-10-23,2024-10-30 04:49:08,2026-02-28,EXPIRED
P07134,Wireless Mouse,2025-08-24,2025-08-29 08:57:46,2028-06-20,AVAILABLE
P07135,Green Tea,2023-07-12,2023-08-11 05:26:06,2024-10-29,EXPIRED
P07136,Notebook,2025-01-15,2025-02-11 11:31:16,2026-12-02,AVAILABLE
P07137,Mineral Water,2023-08-31,2023-09-17 23:00:44,2025-07-22,EXPIRED
P07138,Dish Soap,2024-02-14,2024-03-04 07:19:56,2024-05-28,EXPIRED
P07139,Dish Soap,2024-03-25,2024-04-06 08:40:52,2025-11-16,EXPIRED
P07140,Bluetooth Speaker,2026-08-01,2026-08-17 16:33:22,2029-07-10,AVAILABLE
P07141,Notebook,2023-12-19,2023-12-20 13:39:24,2026-02-19,EXPIRED
P07142,Mineral Water,2026-06-09,2026-06-16 05:23:42,2028-11-04,AVAILABLE
P07143,Toothpaste,2025-06-11,2025-07-04 05:08:15,2027-11-06,AVAILABLE
P07144,Instant Coffee,2023-06-19,2023-07-15 05:30:21,2024-11-02,EXPIRED
P07145,Green Tea,2023-09-09,2023-09-27 06:39:47,2025-09-13,EXPIRED
P07146,Cereal,2026-07-24,2026-08-09 17:52:47,2026-10-29,AVAILABLE
P07147,Bluetooth Speaker,2025-11-18,2025-11-19 02:55:29,2028-10-01,AVAILABLE
P07148,Wireless Mouse,2025-05-11,2025-05-16 18:18:23,2025-07-16,EXPIRED
P07149,Bluetooth Speaker,2025-03-02,2025-03-24 18:18:17,2027-10-19,AVAILABLE
P07150,Orange Juice,2024-03-13,2024-03-22 03:56:53,2025-11-10,EXPIRED
P07151,Instant Coffee,2026-06-26,2026-06-29 00:47:13,2027-08-11,AVAILABLE
P07152,Power Bank,2025-12-18,2026-01-01 21:47:27,2028-09-02,AVAILABLE
P07153,Mechanical Keyboard,2025-05-19,2025-06-02 20:31:47,2026-11-26,AVAILABLE
P07154,Hand Soap,2026-08-15,2026-09-05 04:48:03,2027-04-01,AVAILABLE
P07155,Mechanical Keyboard,2024-08-27,2024-08-28 17:14:32,2026-02-20,EXPIRED
P07156,Instant Coffee,2025-08-17,2025-09-14 17:11:25,2025-10-22,EXPIRED
P07157,USB Cable,2026-08-08,2026-08-26 14:30:45,2029-05-08,AVAILABLE
P07158,Orange Juice,2026-08-12,2026-08-20 06:55:59,2028-04-11,AVAILABLE
P07159,Bluetooth Speaker,2024-10-26,2024-11-02 18:14:39,2025-08-17,EXPIRED
P07160,Bluetooth Speaker,2024-06-24,2024-06-29 11:56:48,2027-04-28,AVAILABLE
P07161,Toothpaste,2024-01-07,2024-01-22 14:16:23,2026-08-07,EXPIRED
P07162,Cereal,2023-04-09,2023-04-15 03:42:51,2025-04-13,EXPIRED
P07163,Laptop Stand,2023-07-10,2023-07-14 09:33:19,2026-01-09,EXPIRED
P07164,Mechanical Keyboard,2024-04-10,2024-05-03 12:12:33,2025-08-24,EXPIRED
P07165,Notebook,2025-03-22,2025-04-14 17:31:34,2028-02-20,AVAILABLE
P07166,Laptop Stand,2023-02-02,2023-02-27 23:50:42,2024-10-08,EXPIRED
P07167,Toothpaste,2024-11-09,2024-12-08 22:40:44,2026-04-28,EXPIRED
P07168,Orange Juice,2026-09-20,2026-10-07 19:19:28,2029-06-18,AVAILABLE
P07169,Mineral Water,2026-03-26,2026-04-18 23:53:15,2027-04-23,AVAILABLE
P07170,Cereal,2024-05-09,2024-05-14 20:40:03,2025-04-11,EXPIRED
P07171,Cereal,2024-09-27,2024-10-11 02:54:26,2027-06-25,AVAILABLE
P07172,Chocolate,2025-04-22,2025-05-16 14:41:28,2025-10-08,EXPIRED
P07173,Dish Soap,2026-03-12,2026-03-29 13:13:45,2028-08-06,RESERVED
P07174,USB Cable,2024-04-05,2024-05-03 18:20:39,2025-12-21,EXPIRED
P07175,Cereal,2026-04-14,2026-04-19 22:04:07,2028-03-30,RESERVED
P07176,Toothpaste,2023-12-21,2023-12-29 20:21:40,2024-05-04,EXPIRED
P07177,USB Cable,2026-06-21,2026-06-30 14:13:31,2029-04-14,AVAILABLE
P07178,Shampoo,2023-10-09,2023-10-22 21:12:32,2025-12-23,EXPIRED
P07179,Orange Juice,2024-08-21,2024-09-15 18:39:56,2027-06-27,RESERVED
P07180,Toothpaste,2026-03-13,2026-03-16 22:30:35,2027-02-20,AVAILABLE
P07181,Wireless Mouse,2023-04-01,2023-04-19 22:41:07,2023-06-17,EXPIRED
P07182,Wireless Mouse,2023-07-19,2023-08-12 08:11:32,2025-11-30,EXPIRED
P07183,Shampoo,2026-05-05,2026-05-07 12:11:20,2026-11-26,AVAILABLE
P07184,Hand Soap,2024-10-24,2024-11-12 10:06:16,2025-02-18,EXPIRED
P07185,Notebook,2025-03-25,2025-04-09 03:40:44,2025-05-22,EXPIRED
P07186,Dish Soap,2023-01-17,2023-01-18 22:16:40,2025-02-08,EXPIRED
P07187,Dish Soap,2025-09-17,2025-10-16 05:17:10,2026-10-09,AVAILABLE
P07188,Chocolate,2026-04-21,2026-05-04 13:22:45,2027-02-08,AVAILABLE
P07189,Chocolate,2025-11-23,2025-11-30 01:22:07,2028-07-15,AVAILABLE
P07190,Notebook,2025-08-09,2025-08-14 23:21:04,2026-09-11,EXPIRED
P07191,Water Bottle,2024-06-08,2024-06-15 07:20:14,2026-12-09,AVAILABLE
P07192,Orange Juice,2025-07-05,2025-07-27 15:31:28,2026-10-13,AVAILABLE
P07193,Bluetooth Speaker,2025-03-05,2025-03-31 10:34:54,2027-12-17,AVAILABLE
P07194,Mechanical Keyboard,2024-02-28,2024-03-21 02:00:19,2026-09-11,EXPIRED
P07195,Ballpoint Pen,2023-07-08,2023-07-17 00:30:58,2026-04-10,EXPIRED
P07196,USB Cable,2026-07-13,2026-08-11 21:40:11,2029-06-21,AVAILABLE
P07197,Shampoo,2023-06-24,2023-07-16 18:38:02,2026-04-04,EXPIRED
P07198,Green Tea,2025-03-18,2025-03-31 22:26:38,2028-01-30,RESERVED
P07199,Green Tea,2025-08-29,2025-09-03 23:05:29,2026-05-31,EXPIRED
P07200,Laptop Stand,2024-08-16,2024-09-10 07:23:24,2027-01-29,AVAILABLE
P07201,Instant Coffee,2023-04-14,2023-04-21 04:22:48,2024-06-20,EXPIRED
P07202,Mineral Water,2026-03-19,2026-03-31 22:09:56,2028-04-29,AVAILABLE
P07203,Laundry Detergent,2025-07-01,2025-07-25 23:56:24,2028-04-28,AVAILABLE
P07204,Cereal,2023-01-22,2023-02-07 17:48:05,2023-06-14,EXPIRED
P07205,Hand Soap,2023-12-27,2024-01-13 22:14:41,2025-09-26,EXPIRED
P07206,Toothpaste,2025-03-01,2025-03-10 23:26:47,2025-08-25,EXPIRED
P07207,Laptop Stand,2025-02-14,2025-02-17 08:39:44,2026-05-09,EXPIRED
P07208,Mineral Water,2024-04-29,2024-05-03 18:25:11,2026-11-18,AVAILABLE
P07209,Mineral Water,2024-09-02,2024-09-11 07:37:55,2024-12-19,EXPIRED
P07210,Notebook,2024-10-14,2024-10-17 20:38:53,2026-10-03,AVAILABLE
P07211,Mineral Water,2024-03-21,2024-03-22 01:41:25,2025-06-05,EXPIRED
P07212,Mineral Water,2023-10-25,2023-11-17 03:50:03,2025-11-27,EXPIRED
P07213,USB Cable,2025-03-07,2025-03-16 01:28:32,2027-11-08,RESERVED
P07214,Mechanical Keyboard,2024-09-07,2024-10-04 16:06:05,2025-11-29,EXPIRED
P07215,Orange Juice,2024-02-05,2024-03-04 22:46:30,2025-07-23,EXPIRED
P07216,Ballpoint Pen,2025-05-01,2025-05-13 05:30:59,2026-04-30,EXPIRED
P07217,Ballpoint Pen,2024-10-11,2024-10-30 23:34:25,2027-05-01,AVAILABLE
P07218,Hand Soap,2023-05-06,2023-05-17 11:19:33,2023-08-19,EXPIRED
P07219,Hand Soap,2023-07-02,2023-07-08 22:37:58,2025-09-25,EXPIRED
P07220,Ballpoint Pen,2026-05-16,2026-06-15 03:20:18,2027-06-24,AVAILABLE
P07221,Wireless Mouse,2023-04-12,2023-05-04 04:36:15,2024-07-29,EXPIRED
P07222,Power Bank,2024-03-10,2024-03-15 12:32:36,2025-05-13,EXPIRED
P07223,Hand Soap,2024-06-20,2024-07-04 00:10:04,2025-12-13,EXPIRED
P07224,Shampoo,2026-01-21,2026-02-18 17:18:04,2028-02-26,AVAILABLE
P07225,Hand Soap,2023-06-21,2023-07-14 04:47:38,2023-12-06,EXPIRED
P07226,Dish Soap,2024-06-28,2024-07-04 22:40:41,2026-09-02,EXPIRED
P07227,USB Cable,2026-04-24,2026-05-06 13:48:05,2029-01-16,AVAILABLE
P07228,Orange Juice,2024-11-19,2024-12-07 19:10:09,2026-03-14,EXPIRED
P07229,Orange Juice,2025-01-10,2025-02-08 04:44:34,2026-12-02,AVAILABLE
P07230,Hand Soap,2023-02-22,2023-03-22 13:12:00,2024-01-27,EXPIRED
P07231,Bluetooth Speaker,2026-01-25,2026-02-19 22:11:38,2027-05-26,AVAILABLE
P07232,Orange Juice,2023-10-22,2023-11-09 14:33:39,2026-09-05,EXPIRED
P07233,Power Bank,2025-02-06,2025-03-02 06:22:51,2027-06-25,AVAILABLE
P07234,Hand Soap,2023-11-17,2023-12-01 16:42:19,2026-10-03,AVAILABLE
P07235,Shampoo,2024-07-21,2024-08-12 11:20:02,2027-03-09,RESERVED
P07236,Bluetooth Speaker,2025-11-30,2025-12-08 03:48:00,2026-09-07,EXPIRED
P07237,Laundry Detergent,2024-12-24,2025-01-17 21:03:33,2025-05-03,EXPIRED
P07238,Laundry Detergent,2025-09-10,2025-09-21 12:47:19,2027-09-28,AVAILABLE
P07239,Cereal,2026-01-16,2026-01-20 20:00:20,2026-03-08,EXPIRED
P07240,Power Bank,2023-01-04,2023-01-22 20:35:56,2025-06-13,EXPIRED
P07241,Hand Soap,2026-05-02,2026-05-18 08:16:31,2028-11-08,AVAILABLE
P07242,Notebook,2024-03-10,2024-03-25 17:51:49,2026-08-31,EXPIRED
P07243,Mineral Water,2024-02-02,2024-02-29 12:50:40,2025-10-29,EXPIRED
P07244,Mineral Water,2024-11-07,2024-11-15 07:14:19,2027-06-04,AVAILABLE
P07245,Green Tea,2026-03-21,2026-04-04 07:12:30,2027-02-16,AVAILABLE
P07246,Shampoo,2023-12-15,2024-01-01 03:39:59,2024-06-14,EXPIRED
P07247,Orange Juice,2023-01-02,2023-01-08 06:31:18,2024-03-30,EXPIRED
P07248,Laundry Detergent,2026-08-01,2026-08-17 07:18:20,2026-12-11,AVAILABLE
P07249,Laptop Stand,2023-08-25,2023-09-14 09:00:20,2023-10-01,EXPIRED
P07250,Green Tea,2025-08-27,2025-09-01 13:01:39,2028-06-01,RESERVED
P07251,Notebook,2025-05-24,2025-05-30 19:04:17,2027-06-20,AVAILABLE
P07252,Hand Soap,2025-07-12,2025-07-20 13:24:01,2027-05-22,AVAILABLE
P07253,Power Bank,2026-05-27,2026-06-14 02:28:48,2028-02-26,AVAILABLE
P07254,Instant Coffee,2025-03-07,2025-03-21 11:13:39,2027-09-26,RESERVED
P07255,Dish Soap,2025-12-15,2025-12-27 16:28:51,2027-09-19,AVAILABLE
P07256,Ballpoint Pen,2024-12-10,2025-01-08 20:55:23,2027-07-25,AVAILABLE
P07257,Instant Coffee,2023-08-20,2023-09-15 20:39:34,2025-02-18,EXPIRED
P07258,Green Tea,2024-06-24,2024-07-20 23:38:59,2026-10-01,AVAILABLE
P07259,Shampoo,2024-05-12,2024-06-09 18:20:11,2026-05-06,EXPIRED
P07260,Hand Soap,2024-05-28,2024-06-13 15:30:17,2025-10-25,EXPIRED
P07261,Toothpaste,2026-08-04,2026-08-10 02:09:14,2029-07-08,AVAILABLE
P07262,Dish Soap,2025-07-21,2025-08-05 11:24:57,2026-01-15,EXPIRED
P07263,Ballpoint Pen,2023-06-16,2023-07-16 17:48:36,2026-06-13,EXPIRED
P07264,Hand Soap,2024-11-11,2024-11-23 15:37:55,2026-03-08,EXPIRED
P07265,Bluetooth Speaker,2024-01-19,2024-02-15 19:02:40,2024-04-16,EXPIRED
P07266,Mechanical Keyboard,2024-10-24,2024-11-12 00:20:18,2026-11-11,RESERVED
P07267,Power Bank,2025-06-16,2025-06-24 12:20:35,2027-08-01,AVAILABLE
P07268,Mechanical Keyboard,2024-10-22,2024-11-15 18:04:36,2026-02-22,EXPIRED
P07269,Green Tea,2024-09-12,2024-10-12 05:18:26,2025-06-26,EXPIRED
P07270,Hand Soap,2023-07-31,2023-08-05 06:39:14,2025-01-16,EXPIRED
P07271,Mechanical Keyboard,2025-04-12,2025-04-23 07:12:23,2026-06-14,EXPIRED
P07272,Orange Juice,2026-06-08,2026-06-24 10:59:58,2026-08-18,EXPIRED
P07273,Notebook,2025-03-21,2025-04-16 05:32:11,2025-12-21,EXPIRED
P07274,Ballpoint Pen,2025-04-06,2025-05-06 00:33:31,2028-02-01,RESERVED
P07275,Cereal,2026-07-20,2026-08-05 16:41:55,2027-06-14,RESERVED
P07276,Hand Soap,2024-01-25,2024-02-09 13:15:03,2026-10-11,AVAILABLE
P07277,Instant Coffee,2026-04-04,2026-04-25 16:46:15,2028-10-15,AVAILABLE
P07278,Shampoo,2023-02-25,2023-03-16 15:42:36,2026-01-11,EXPIRED
P07279,Dish Soap,2024-10-29,2024-11-28 10:00:50,2025-03-21,EXPIRED
P07280,Chocolate,2024-07-22,2024-08-03 21:02:28,2025-06-04,EXPIRED
P07281,Ballpoint Pen,2025-03-29,2025-04-04 19:57:46,2025-06-22,EXPIRED
P07282,USB Cable,2023-02-05,2023-03-07 14:39:14,2024-03-13,EXPIRED
P07283,Bluetooth Speaker,2025-04-08,2025-04-20 04:28:33,2026-03-28,EXPIRED
P07284,Orange Juice,2024-08-16,2024-08-29 07:01:21,2026-05-31,EXPIRED
P07285,USB Cable,2024-12-20,2025-01-03 15:07:04,2027-08-16,AVAILABLE
P07286,Cereal,2024-02-21,2024-03-11 17:53:49,2026-09-13,EXPIRED
P07287,Laptop Stand,2024-07-23,2024-08-18 20:20:35,2025-02-23,EXPIRED
P07288,Notebook,2026-02-06,2026-02-21 21:02:32,2028-12-27,AVAILABLE
P07289,Wireless Mouse,2025-10-10,2025-10-21 22:20:48,2026-12-24,RESERVED
P07290,Laundry Detergent,2023-01-05,2023-01-17 06:47:25,2024-12-28,EXPIRED
P07291,Ballpoint Pen,2026-07-07,2026-07-23 04:27:33,2027-10-24,AVAILABLE
P07292,Orange Juice,2023-03-10,2023-04-04 14:47:44,2023-05-28,EXPIRED
P07293,Orange Juice,2023-06-18,2023-07-14 06:54:02,2025-11-01,EXPIRED
P07294,Ballpoint Pen,2025-04-30,2025-05-15 05:04:49,2026-02-17,EXPIRED
P07295,Laundry Detergent,2023-08-07,2023-08-18 12:35:15,2026-03-15,EXPIRED
P07296,Wireless Mouse,2024-01-11,2024-01-27 16:59:21,2025-05-14,EXPIRED
P07297,Toothpaste,2026-03-11,2026-04-09 17:49:09,2026-11-24,AVAILABLE
P07298,Notebook,2023-12-16,2023-12-26 02:14:30,2024-08-13,EXPIRED
P07299,Hand Soap,2024-05-09,2024-05-10 13:44:12,2024-08-19,EXPIRED
P07300,Dish Soap,2025-01-31,2025-02-17 06:02:26,2026-08-18,EXPIRED
P07301,Dish Soap,2024-02-23,2024-03-22 13:49:59,2027-02-13,AVAILABLE
P07302,Shampoo,2025-06-26,2025-07-02 06:34:25,2027-12-14,AVAILABLE
P07303,Shampoo,2023-04-05,2023-05-05 12:30:30,2025-06-03,EXPIRED
P07304,Orange Juice,2026-03-01,2026-03-13 14:50:15,2028-01-29,AVAILABLE
P07305,Power Bank,2023-01-07,2023-01-18 23:48:40,2025-07-30,EXPIRED
P07306,Hand Soap,2026-09-11,2026-09-16 11:00:18,2026-12-30,AVAILABLE
P07307,Cereal,2025-12-27,2026-01-17 19:47:32,2026-06-07,EXPIRED
P07308,Wireless Mouse,2026-07-10,2026-07-28 10:51:20,2029-02-10,AVAILABLE
P07309,Water Bottle,2024-12-02,2024-12-18 16:18:48,2027-01-07,AVAILABLE
P07310,Bluetooth Speaker,2023-04-06,2023-04-23 00:09:18,2023-12-25,EXPIRED
P07311,Wireless Mouse,2024-08-09,2024-08-12 11:03:50,2027-04-22,RESERVED
P07312,Chocolate,2026-04-02,2026-04-10 03:25:24,2026-05-30,EXPIRED
P07313,Dish Soap,2023-09-01,2023-09-15 21:52:07,2024-03-25,EXPIRED
P07314,Cereal,2026-07-24,2026-08-05 20:24:27,2027-02-21,AVAILABLE
P07315,Chocolate,2023-02-04,2023-02-27 08:28:42,2025-03-04,EXPIRED
P07316,Mechanical Keyboard,2023-03-28,2023-03-30 09:21:35,2025-01-02,EXPIRED
P07317,Mechanical Keyboard,2026-08-05,2026-08-23 18:08:08,2029-05-09,AVAILABLE
P07318,Mineral Water,2026-03-14,2026-04-03 21:02:59,2028-06-08,AVAILABLE
P07319,Ballpoint Pen,2024-09-22,2024-10-12 07:21:27,2026-10-05,RESERVED
P07320,Dish Soap,2023-03-25,2023-04-24 21:14:50,2025-07-08,EXPIRED
P07321,Water Bottle,2026-02-25,2026-03-04 12:18:31,2027-01-07,AVAILABLE
P07322,Chocolate,2025-01-13,2025-01-24 16:58:47,2025-08-30,EXPIRED
P07323,Hand Soap,2023-03-20,2023-04-06 23:14:15,2025-04-03,EXPIRED
P07324,USB Cable,2024-08-30,2024-09-27 20:42:11,2026-03-16,EXPIRED
P07325,Green Tea,2026-08-17,2026-09-07 19:40:53,2028-12-27,AVAILABLE
P07326,Instant Coffee,2026-05-29,2026-05-31 01:46:02,2027-12-12,AVAILABLE
P07327,Water Bottle,2026-04-26,2026-05-26 22:35:01,2027-12-06,RESERVED
P07328,Laundry Detergent,2026-01-18,2026-02-13 23:26:31,2027-01-22,AVAILABLE
P07329,Power Bank,2024-09-09,2024-09-10 21:36:24,2025-05-21,EXPIRED
P07330,Toothpaste,2023-04-15,2023-05-04 18:32:28,2024-07-19,EXPIRED
P07331,USB Cable,2025-10-16,2025-11-12 00:37:32,2026-07-09,EXPIRED
P07332,Mineral Water,2025-04-12,2025-04-30 17:06:14,2025-06-17,EXPIRED
P07333,Instant Coffee,2026-07-07,2026-07-25 09:24:38,2027-03-16,RESERVED
P07334,Laptop Stand,2026-01-30,2026-02-03 11:03:06,2028-04-19,AVAILABLE
P07335,Cereal,2024-06-18,2024-07-18 13:24:09,2026-08-14,EXPIRED
P07336,Toothpaste,2024-04-19,2024-04-23 04:55:22,2025-08-10,EXPIRED
P07337,Shampoo,2023-08-10,2023-08-15 14:25:37,2026-06-30,EXPIRED
P07338,Toothpaste,2025-03-19,2025-03-25 05:50:48,2027-04-14,AVAILABLE
P07339,Notebook,2024-09-24,2024-10-10 08:23:02,2025-02-23,EXPIRED
P07340,Notebook,2026-08-19,2026-09-05 19:50:28,2027-05-21,AVAILABLE
P07341,Instant Coffee,2026-08-28,2026-09-05 02:48:21,2029-07-08,AVAILABLE
P07342,Shampoo,2023-03-17,2023-04-15 08:11:24,2023-10-01,EXPIRED
P07343,Green Tea,2024-06-01,2024-06-16 02:57:26,2026-05-13,EXPIRED
P07344,Mechanical Keyboard,2024-06-26,2024-07-05 03:23:11,2026-12-23,AVAILABLE
P07345,Chocolate,2024-12-07,2024-12-29 21:32:47,2025-10-26,EXPIRED
P07346,Ballpoint Pen,2025-04-28,2025-05-22 19:18:46,2027-06-22,AVAILABLE
P07347,USB Cable,2026-09-13,2026-10-05 18:51:56,2027-06-04,AVAILABLE
P07348,Toothpaste,2026-02-16,2026-02-18 08:38:32,2028-12-05,AVAILABLE
P07349,Bluetooth Speaker,2023-02-12,2023-03-04 06:51:35,2024-04-10,EXPIRED
P07350,Toothpaste,2024-05-19,2024-06-08 12:59:20,2025-05-21,EXPIRED
P07351,Chocolate,2023-12-22,2024-01-18 15:42:26,2024-01-25,EXPIRED
P07352,Hand Soap,2024-07-30,2024-08-21 21:07:19,2027-02-09,AVAILABLE
P07353,Green Tea,2023-01-07,2023-02-02 05:27:44,2023-10-17,EXPIRED
P07354,Water Bottle,2024-12-22,2024-12-29 09:09:20,2027-01-14,AVAILABLE
P07355,Mineral Water,2023-06-26,2023-07-14 06:09:52,2025-12-23,EXPIRED
P07356,Bluetooth Speaker,2023-06-30,2023-07-07 17:16:07,2025-08-05,EXPIRED
P07357,Orange Juice,2023-05-29,2023-06-25 00:36:42,2025-06-17,EXPIRED
P07358,Green Tea,2023-09-29,2023-10-27 20:23:49,2024-08-13,EXPIRED
P07359,Hand Soap,2024-11-25,2024-11-26 11:25:57,2027-10-21,RESERVED
P07360,Mechanical Keyboard,2025-11-11,2025-12-10 08:41:56,2026-11-28,RESERVED
P07361,Wireless Mouse,2025-06-17,2025-06-23 15:04:09,2027-09-26,AVAILABLE
P07362,Water Bottle,2024-09-20,2024-09-22 22:42:11,2025-12-27,EXPIRED
P07363,Hand Soap,2025-12-20,2026-01-19 03:46:50,2027-06-11,AVAILABLE
P07364,Shampoo,2025-08-20,2025-08-26 14:15:15,2026-08-01,EXPIRED
P07365,Shampoo,2023-09-14,2023-09-29 14:58:46,2026-03-11,EXPIRED
P07366,Toothpaste,2024-08-19,2024-09-02 19:21:58,2027-07-22,AVAILABLE
P07367,Power Bank,2026-04-04,2026-04-25 09:48:24,2028-11-03,RESERVED
P07368,Toothpaste,2024-08-25,2024-09-13 21:09:36,2026-05-09,EXPIRED
P07369,Green Tea,2026-05-28,2026-06-17 06:50:04,2027-08-13,AVAILABLE
P07370,Hand Soap,2024-12-10,2024-12-31 15:10:55,2027-04-14,AVAILABLE
P07371,Dish Soap,2024-06-17,2024-07-10 19:56:00,2026-05-24,EXPIRED
P07372,Instant Coffee,2025-04-08,2025-04-29 13:57:28,2028-02-28,AVAILABLE
P07373,Laptop Stand,2023-03-07,2023-03-14 02:25:07,2024-06-01,EXPIRED
P07374,Power Bank,2025-09-17,2025-10-02 19:00:21,2027-02-27,AVAILABLE
P07375,Mechanical Keyboard,2024-02-29,2024-03-18 21:34:14,2025-04-21,EXPIRED
P07376,Water Bottle,2023-07-28,2023-08-18 10:50:42,2024-03-10,EXPIRED
P07377,Dish Soap,2023-02-02,2023-02-06 12:25:17,2023-03-27,EXPIRED
P07378,Laptop Stand,2024-05-26,2024-06-09 04:34:03,2025-02-24,EXPIRED
P07379,Ballpoint Pen,2024-03-30,2024-04-16 16:53:44,2026-05-17,EXPIRED
P07380,Water Bottle,2023-05-28,2023-06-01 11:17:49,2024-11-01,EXPIRED
P07381,Notebook,2025-09-18,2025-10-06 03:23:31,2027-03-05,AVAILABLE
P07382,USB Cable,2024-10-12,2024-10-31 02:01:43,2026-12-24,AVAILABLE
P07383,Wireless Mouse,2025-10-21,2025-11-04 05:15:45,2028-01-07,AVAILABLE
P07384,Mechanical Keyboard,2024-08-16,2024-08-29 01:09:26,2025-09-07,EXPIRED
P07385,Bluetooth Speaker,2024-09-28,2024-10-26 15:35:40,2025-07-24,EXPIRED
P07386,Bluetooth Speaker,2024-11-20,2024-11-24 20:50:35,2025-10-15,EXPIRED
P07387,Shampoo,2026-08-06,2026-08-10 07:21:02,2029-01-03,AVAILABLE
P07388,USB Cable,2023-05-04,2023-05-21 09:02:04,2025-03-25,EXPIRED
P07389,Hand Soap,2026-06-10,2026-07-09 18:31:59,2026-08-15,EXPIRED
P07390,Mineral Water,2023-10-06,2023-10-29 19:56:33,2024-03-15,EXPIRED
P07391,Mechanical Keyboard,2026-03-01,2026-03-21 15:41:22,2027-04-11,AVAILABLE
P07392,Dish Soap,2025-03-21,2025-04-04 11:03:34,2026-07-03,EXPIRED
P07393,Shampoo,2026-02-05,2026-02-08 12:35:59,2027-02-05,AVAILABLE
P07394,Chocolate,2023-03-27,2023-04-11 07:30:12,2023-08-14,EXPIRED
P07395,Dish Soap,2025-07-17,2025-07-20 08:48:12,2025-09-21,EXPIRED
P07396,Water Bottle,2026-06-21,2026-06-22 19:57:09,2026-09-12,EXPIRED
P07397,Mechanical Keyboard,2024-11-29,2024-12-27 23:42:25,2025-12-26,EXPIRED
P07398,Mineral Water,2023-03-23,2023-04-08 00:40:11,2024-11-24,EXPIRED
P07399,Hand Soap,2024-08-07,2024-08-24 10:57:41,2027-03-14,AVAILABLE
P07400,Dish Soap,2025-12-30,2026-01-26 16:39:10,2026-06-07,EXPIRED
P07401,Instant Coffee,2023-12-11,2023-12-26 07:34:07,2025-11-16,EXPIRED
P07402,Laptop Stand,2023-11-09,2023-11-29 06:11:08,2026-06-24,EXPIRED
P07403,Laptop Stand,2024-11-02,2024-11-11 01:07:18,2026-04-25,EXPIRED
P07404,Laundry Detergent,2024-08-28,2024-09-13 11:18:15,2025-03-20,EXPIRED
P07405,Dish Soap,2026-01-04,2026-01-17 09:23:38,2027-08-06,AVAILABLE
P07406,Laundry Detergent,2023-04-17,2023-04-19 15:52:40,2024-05-06,EXPIRED
P07407,Green Tea,2025-05-27,2025-06-03 12:26:38,2026-11-03,AVAILABLE
P07408,Orange Juice,2025-01-06,2025-01-27 20:23:41,2025-03-11,EXPIRED
P07409,Green Tea,2024-11-19,2024-12-07 07:34:31,2026-12-28,AVAILABLE
P07410,Wireless Mouse,2025-10-20,2025-11-13 14:02:39,2026-03-10,EXPIRED
P07411,Water Bottle,2023-08-25,2023-09-09 04:06:40,2024-03-01,EXPIRED
P07412,Instant Coffee,2025-01-12,2025-01-31 22:32:00,2026-09-13,EXPIRED
P07413,Water Bottle,2024-03-05,2024-03-13 03:51:48,2026-05-11,EXPIRED
P07414,Shampoo,2026-04-04,2026-04-18 08:01:07,2026-08-11,EXPIRED
P07415,USB Cable,2024-10-01,2024-10-14 00:05:56,2025-12-14,EXPIRED
P07416,Water Bottle,2024-10-31,2024-11-06 00:54:59,2027-05-09,AVAILABLE
P07417,Laptop Stand,2025-02-23,2025-02-25 21:36:13,2025-08-30,EXPIRED
P07418,Mineral Water,2024-07-19,2024-07-24 12:25:53,2025-11-25,EXPIRED
P07419,Instant Coffee,2023-08-28,2023-09-10 03:18:03,2024-08-11,EXPIRED
P07420,Water Bottle,2023-08-04,2023-08-05 02:30:05,2026-03-10,EXPIRED
P07421,Power Bank,2026-05-18,2026-06-13 18:18:20,2029-01-24,RESERVED
P07422,Green Tea,2023-04-05,2023-04-16 03:38:42,2025-05-15,EXPIRED
P07423,Wireless Mouse,2026-02-08,2026-02-11 19:57:45,2026-04-02,EXPIRED
P07424,Wireless Mouse,2024-11-12,2024-11-26 14:51:51,2026-04-02,EXPIRED
P07425,Orange Juice,2023-11-19,2023-12-15 13:14:23,2026-01-12,EXPIRED
P07426,USB Cable,2025-08-24,2025-09-19 13:15:23,2026-09-30,AVAILABLE
P07427,Power Bank,2024-05-06,2024-05-27 00:09:45,2025-06-20,EXPIRED
P07428,Dish Soap,2025-02-09,2025-02-25 03:03:25,2027-07-07,AVAILABLE
P07429,Shampoo,2023-02-14,2023-02-20 09:37:10,2024-04-14,EXPIRED
P07430,Orange Juice,2025-07-01,2025-07-16 14:18:05,2027-04-08,AVAILABLE
P07431,Mechanical Keyboard,2025-01-22,2025-02-07 02:31:21,2026-03-20,EXPIRED
P07432,Bluetooth Speaker,2023-09-21,2023-10-14 15:55:43,2026-07-27,EXPIRED
P07433,Orange Juice,2023-12-01,2023-12-14 03:20:33,2026-08-08,EXPIRED
P07434,Dish Soap,2026-07-02,2026-07-25 16:38:51,2027-03-25,AVAILABLE
P07435,Laundry Detergent,2024-05-25,2024-05-29 15:06:20,2025-02-11,EXPIRED
P07436,USB Cable,2023-05-17,2023-05-26 05:46:16,2024-02-08,EXPIRED
P07437,Laptop Stand,2024-08-22,2024-09-14 16:19:23,2026-06-08,EXPIRED
P07438,Shampoo,2025-06-19,2025-06-26 02:58:43,2026-09-09,EXPIRED
P07439,Toothpaste,2023-06-02,2023-07-02 23:30:57,2024-12-23,EXPIRED
P07440,USB Cable,2026-03-20,2026-04-18 00:43:26,2028-07-20,AVAILABLE
P07441,Cereal,2024-09-27,2024-10-26 10:41:03,2026-10-17,AVAILABLE
P07442,Wireless Mouse,2024-01-29,2024-02-07 00:57:07,2024-08-31,EXPIRED
P07443,Hand Soap,2025-04-05,2025-05-04 02:29:01,2027-07-06,AVAILABLE
P07444,Water Bottle,2026-08-24,2026-09-22 01:07:06,2027-06-07,AVAILABLE
P07445,Water Bottle,2025-12-26,2026-01-03 02:42:33,2026-07-23,EXPIRED
P07446,Toothpaste,2023-11-29,2023-11-30 07:20:30,2026-02-15,EXPIRED
P07447,Orange Juice,2025-05-14,2025-05-23 00:01:04,2025-10-21,EXPIRED
P07448,Cereal,2024-08-18,2024-09-15 04:49:25,2025-01-12,EXPIRED
P07449,Toothpaste,2026-02-06,2026-03-05 04:54:18,2026-08-08,EXPIRED
P07450,Power Bank,2025-05-12,2025-06-09 08:13:17,2026-05-30,EXPIRED
P07451,Chocolate,2026-09-15,2026-10-08 02:53:07,2028-03-17,AVAILABLE
P07452,Cereal,2024-08-20,2024-09-11 12:27:09,2026-04-04,EXPIRED
P07453,Dish Soap,2023-10-26,2023-10-31 07:53:03,2026-04-14,EXPIRED
P07454,Chocolate,2023-09-16,2023-10-10 02:50:05,2026-02-27,EXPIRED
P07455,Dish Soap,2024-06-19,2024-07-02 01:14:33,2026-07-01,EXPIRED
P07456,Power Bank,2026-07-09,2026-08-01 10:39:09,2027-12-08,AVAILABLE
P07457,Shampoo,2025-03-11,2025-03-22 04:04:54,2028-01-19,AVAILABLE
P07458,Shampoo,2024-06-10,2024-06-21 06:48:59,2025-10-31,EXPIRED
P07459,Power Bank,2025-06-06,2025-07-01 08:37:50,2027-04-11,AVAILABLE
P07460,Shampoo,2023-03-11,2023-04-05 10:41:52,2024-11-19,EXPIRED
P07461,Power Bank,2023-07-16,2023-08-08 06:30:59,2024-03-15,EXPIRED
P07462,Instant Coffee,2026-08-07,2026-08-29 09:41:27,2028-01-14,RESERVED
P07463,Power Bank,2023-01-25,2023-02-10 17:38:54,2023-05-28,EXPIRED
P07464,Hand Soap,2026-01-01,2026-01-15 18:53:43,2027-11-19,AVAILABLE
P07465,Mineral Water,2023-04-20,2023-04-24 17:51:49,2024-08-27,EXPIRED
P07466,Wireless Mouse,2024-07-15,2024-07-19 22:43:20,2026-03-06,EXPIRED
P07467,Chocolate,2025-09-27,2025-10-07 15:15:15,2027-04-27,RESERVED
P07468,Instant Coffee,2025-01-30,2025-02-20 20:54:38,2027-10-17,AVAILABLE
P07469,Shampoo,2026-05-19,2026-06-04 01:06:42,2028-11-07,AVAILABLE
P07470,Orange Juice,2023-11-16,2023-12-13 11:53:15,2024-05-20,EXPIRED
P07471,Hand Soap,2024-10-16,2024-10-18 08:00:50,2026-01-27,EXPIRED
P07472,Hand Soap,2023-02-07,2023-02-10 23:07:33,2025-01-07,EXPIRED
P07473,Ballpoint Pen,2025-03-25,2025-04-12 18:44:28,2026-10-26,RESERVED
P07474,Wireless Mouse,2026-06-24,2026-07-06 05:36:01,2028-05-24,RESERVED
P07475,Orange Juice,2023-03-08,2023-03-28 11:30:58,2024-02-14,EXPIRED
P07476,Dish Soap,2023-05-19,2023-06-05 08:28:46,2024-04-26,EXPIRED
P07477,Mineral Water,2025-03-26,2025-04-12 01:25:13,2026-04-12,EXPIRED
P07478,Chocolate,2023-06-07,2023-06-21 20:06:05,2025-06-15,EXPIRED
P07479,Green Tea,2023-03-14,2023-04-09 22:46:46,2025-06-01,EXPIRED
P07480,Laptop Stand,2025-09-26,2025-10-13 20:57:57,2025-12-18,EXPIRED
P07481,Dish Soap,2025-12-27,2026-01-20 23:41:03,2028-04-11,AVAILABLE
P07482,Water Bottle,2023-07-02,2023-07-27 03:09:42,2024-03-29,EXPIRED
P07483,Toothpaste,2026-04-08,2026-04-19 19:08:56,2027-03-08,AVAILABLE
P07484,Water Bottle,2024-05-09,2024-05-12 05:21:24,2027-02-28,AVAILABLE
P07485,Bluetooth Speaker,2024-12-10,2024-12-11 22:45:53,2026-03-23,EXPIRED
P07486,Dish Soap,2024-12-05,2024-12-30 13:07:27,2025-12-28,EXPIRED
P07487,Toothpaste,2023-08-26,2023-09-04 02:12:17,2024-09-16,EXPIRED
P07488,Hand Soap,2026-08-29,2026-09-21 15:12:09,2027-11-14,AVAILABLE
P07489,Hand Soap,2024-04-21,2024-05-14 15:55:16,2025-05-24,EXPIRED
P07490,Power Bank,2024-09-25,2024-10-19 04:00:38,2026-03-26,EXPIRED
P07491,Laptop Stand,2023-03-13,2023-03-28 19:15:57,2025-12-22,EXPIRED
P07492,Green Tea,2023-08-18,2023-08-30 20:32:29,2024-01-29,EXPIRED
P07493,Ballpoint Pen,2026-06-16,2026-06-26 04:21:03,2028-05-20,AVAILABLE
P07494,Bluetooth Speaker,2026-09-20,2026-10-18 10:14:55,2026-10-24,AVAILABLE
P07495,Orange Juice,2025-01-05,2025-01-28 23:43:35,2027-11-07,AVAILABLE
P07496,Ballpoint Pen,2026-05-27,2026-06-04 12:18:42,2027-07-04,AVAILABLE
P07497,Water Bottle,2025-07-31,2025-08-19 11:29:09,2026-11-28,AVAILABLE
P07498,Power Bank,2025-05-14,2025-06-05 02:08:37,2026-04-13,EXPIRED
P07499,USB Cable,2024-05-05,2024-05-16 03:06:42,2024-11-01,EXPIRED
P07500,Instant Coffee,2026-09-04,2026-09-11 01:06:01,2029-06-03,AVAILABLE
P07501,Water Bottle,2025-02-02,2025-02-27 21:02:11,2026-08-18,EXPIRED
P07502,Mineral Water,2026-03-27,2026-04-05 16:53:49,2027-12-07,RESERVED
P07503,Power Bank,2023-12-16,2023-12-23 04:52:46,2024-09-29,EXPIRED
P07504,Laptop Stand,2024-04-12,2024-05-10 05:58:02,2027-01-28,AVAILABLE
P07505,Dish Soap,2024-10-20,2024-11-18 22:55:51,2027-07-18,AVAILABLE
P07506,Notebook,2024-09-15,2024-09-22 18:53:53,2025-05-17,EXPIRED
P07507,Instant Coffee,2025-09-10,2025-09-11 16:22:35,2028-03-28,AVAILABLE
P07508,Water Bottle,2025-09-09,2025-09-29 05:07:14,2026-05-25,EXPIRED
P07509,Shampoo,2026-02-08,2026-02-14 04:24:41,2026-06-28,EXPIRED
P07510,Dish Soap,2023-01-14,2023-02-03 19:13:28,2023-07-01,EXPIRED
P07511,Orange Juice,2023-08-07,2023-08-27 07:04:59,2026-03-13,EXPIRED
P07512,Laundry Detergent,2024-09-09,2024-09-18 22:38:34,2026-02-25,EXPIRED
P07513,Laundry Detergent,2023-01-07,2023-01-14 14:40:17,2025-07-21,EXPIRED
P07514,Instant Coffee,2026-01-18,2026-01-22 03:14:50,2027-04-20,AVAILABLE
P07515,Mechanical Keyboard,2024-05-27,2024-06-15 08:25:10,2026-03-15,EXPIRED
P07516,Orange Juice,2024-10-03,2024-10-13 00:28:54,2027-07-29,AVAILABLE
P07517,Wireless Mouse,2024-10-19,2024-11-18 07:58:22,2026-09-08,EXPIRED
P07518,Dish Soap,2025-11-28,2025-12-03 06:58:16,2026-07-23,EXPIRED
P07519,Power Bank,2025-11-12,2025-11-13 21:35:51,2026-12-13,AVAILABLE
P07520,Instant Coffee,2025-11-25,2025-12-06 01:51:59,2026-09-30,RESERVED
P07521,Laundry Detergent,2024-07-28,2024-08-13 15:37:35,2025-08-01,EXPIRED
P07522,Cereal,2025-11-21,2025-12-07 23:22:14,2028-07-29,AVAILABLE
P07523,Orange Juice,2025-05-22,2025-06-16 09:06:20,2026-10-14,AVAILABLE
P07524,Mechanical Keyboard,2025-07-02,2025-07-27 00:24:26,2027-12-01,RESERVED
P07525,Hand Soap,2023-05-05,2023-05-26 21:44:25,2024-08-13,EXPIRED
P07526,Instant Coffee,2023-07-05,2023-07-09 18:50:04,2026-01-02,EXPIRED
P07527,USB Cable,2023-08-02,2023-08-21 10:21:47,2024-11-25,EXPIRED
P07528,Wireless Mouse,2026-05-03,2026-05-11 15:13:46,2027-01-21,AVAILABLE
P07529,Green Tea,2023-04-27,2023-05-05 15:31:39,2023-11-01,EXPIRED
P07530,Toothpaste,2023-01-18,2023-02-12 06:31:36,2024-04-24,EXPIRED
P07531,Wireless Mouse,2025-04-28,2025-05-02 17:37:08,2025-09-09,EXPIRED
P07532,Wireless Mouse,2024-08-10,2024-09-09 11:33:08,2024-12-10,EXPIRED
P07533,Hand Soap,2023-10-22,2023-11-17 03:25:11,2025-05-27,EXPIRED
P07534,Toothpaste,2024-09-03,2024-09-08 09:27:35,2026-04-08,EXPIRED
P07535,Hand Soap,2024-05-14,2024-05-19 11:56:50,2026-04-01,EXPIRED
P07536,Mechanical Keyboard,2025-05-19,2025-05-30 04:36:42,2025-08-06,EXPIRED
P07537,Cereal,2024-03-24,2024-04-06 14:39:40,2024-12-24,EXPIRED
P07538,Bluetooth Speaker,2023-02-19,2023-03-18 14:10:58,2023-05-30,EXPIRED
P07539,Ballpoint Pen,2024-12-08,2024-12-24 17:52:42,2025-02-22,EXPIRED
P07540,Instant Coffee,2024-10-04,2024-10-27 22:20:00,2025-05-24,EXPIRED
P07541,Notebook,2026-05-22,2026-06-16 13:34:55,2027-12-11,AVAILABLE
P07542,Cereal,2025-06-10,2025-06-21 22:28:47,2025-12-19,EXPIRED
P07543,Toothpaste,2024-06-23,2024-07-03 05:02:20,2026-01-07,EXPIRED
P07544,Mechanical Keyboard,2026-07-26,2026-08-07 02:57:58,2028-09-20,RESERVED
P07545,Cereal,2025-05-09,2025-05-25 08:00:36,2026-05-30,EXPIRED
P07546,Mechanical Keyboard,2023-08-28,2023-09-21 12:41:31,2025-07-05,EXPIRED
P07547,Ballpoint Pen,2026-05-07,2026-05-29 07:02:59,2026-07-25,EXPIRED
P07548,USB Cable,2024-04-03,2024-05-02 08:55:40,2024-10-10,EXPIRED
P07549,Chocolate,2023-03-10,2023-03-22 23:40:34,2023-07-24,EXPIRED
P07550,Mineral Water,2026-07-14,2026-07-30 00:36:04,2028-01-16,AVAILABLE
P07551,Shampoo,2025-01-05,2025-01-15 16:16:00,2025-05-15,EXPIRED
P07552,Wireless Mouse,2023-03-24,2023-04-22 09:02:01,2024-12-12,EXPIRED
P07553,Shampoo,2024-06-05,2024-07-03 11:16:39,2027-02-06,AVAILABLE
P07554,Dish Soap,2024-03-08,2024-03-18 23:34:51,2026-09-26,AVAILABLE
P07555,Laptop Stand,2025-01-09,2025-01-23 00:18:57,2025-11-25,EXPIRED
P07556,Chocolate,2025-03-22,2025-04-05 04:20:28,2027-09-02,AVAILABLE
P07557,USB Cable,2024-01-30,2024-02-16 01:44:30,2026-01-07,EXPIRED
P07558,USB Cable,2023-07-02,2023-07-19 03:10:42,2024-03-06,EXPIRED
P07559,Mineral Water,2024-12-23,2024-12-29 21:42:23,2025-05-24,EXPIRED
P07560,Laundry Detergent,2023-08-29,2023-09-10 18:21:38,2023-11-13,EXPIRED
P07561,Chocolate,2024-05-07,2024-05-11 10:01:28,2024-10-28,EXPIRED
P07562,Hand Soap,2024-06-09,2024-06-12 20:27:43,2026-01-22,EXPIRED
P07563,Hand Soap,2025-09-18,2025-10-16 23:42:24,2026-11-08,AVAILABLE
P07564,Mechanical Keyboard,2024-04-13,2024-05-08 05:44:15,2025-01-17,EXPIRED
P07565,Notebook,2025-07-28,2025-08-10 15:03:10,2027-09-07,AVAILABLE
P07566,Mineral Water,2023-07-24,2023-08-07 16:16:58,2025-04-13,EXPIRED
P07567,Green Tea,2025-02-16,2025-03-07 13:18:23,2028-01-16,AVAILABLE
P07568,Laptop Stand,2024-05-29,2024-06-20 09:05:42,2025-10-07,EXPIRED
P07569,Laptop Stand,2025-11-07,2025-12-06 02:55:05,2027-04-16,AVAILABLE
P07570,Bluetooth Speaker,2024-07-10,2024-08-03 21:43:17,2027-05-15,RESERVED
P07571,Ballpoint Pen,2023-11-18,2023-12-13 18:29:47,2025-10-12,EXPIRED
P07572,Notebook,2023-07-09,2023-08-01 08:58:53,2025-04-12,EXPIRED
P07573,Dish Soap,2026-03-24,2026-04-03 00:56:00,2028-01-16,AVAILABLE
P07574,Cereal,2026-01-19,2026-01-28 12:15:56,2026-12-31,RESERVED
P07575,Chocolate,2026-02-21,2026-03-17 16:31:35,2026-04-29,EXPIRED
P07576,Hand Soap,2024-05-14,2024-05-30 12:42:40,2027-02-15,AVAILABLE
P07577,Green Tea,2026-03-17,2026-04-02 06:28:33,2026-07-17,EXPIRED
P07578,Cereal,2024-05-23,2024-06-01 04:22:07,2025-01-12,EXPIRED
P07579,Laundry Detergent,2025-07-19,2025-07-23 13:08:54,2028-02-18,AVAILABLE
P07580,Toothpaste,2025-06-10,2025-07-06 14:27:27,2027-10-07,AVAILABLE
P07581,Ballpoint Pen,2023-06-17,2023-07-06 03:38:12,2025-08-02,EXPIRED
P07582,Laptop Stand,2025-02-18,2025-03-17 08:08:21,2026-05-25,EXPIRED
P07583,Power Bank,2025-07-07,2025-07-21 18:31:54,2025-09-06,EXPIRED
P07584,Dish Soap,2024-12-28,2025-01-11 14:20:36,2025-09-23,EXPIRED
P07585,Wireless Mouse,2026-07-10,2026-07-22 20:27:46,2027-10-18,RESERVED
P07586,Notebook,2026-08-28,2026-09-19 13:31:02,2028-06-08,AVAILABLE
P07587,Toothpaste,2025-09-04,2025-09-20 03:17:02,2027-10-01,AVAILABLE
P07588,Toothpaste,2023-04-24,2023-04-29 11:47:01,2023-11-15,EXPIRED
P07589,Orange Juice,2025-01-24,2025-02-03 08:39:18,2025-05-07,EXPIRED
P07590,Ballpoint Pen,2026-06-29,2026-07-28 17:20:29,2028-05-22,AVAILABLE
P07591,Orange Juice,2025-03-08,2025-03-29 06:31:16,2026-10-06,RESERVED
P07592,Laundry Detergent,2024-07-05,2024-07-17 10:46:21,2027-03-31,AVAILABLE
P07593,Shampoo,2024-03-07,2024-03-15 10:44:17,2025-04-17,EXPIRED
P07594,Wireless Mouse,2024-11-14,2024-11-15 18:57:21,2026-02-28,EXPIRED
P07595,Wireless Mouse,2025-07-09,2025-07-15 15:59:46,2028-03-27,AVAILABLE
P07596,Dish Soap,2026-07-04,2026-07-27 22:49:09,2029-04-01,AVAILABLE
P07597,Notebook,2024-10-31,2024-11-22 16:56:35,2027-09-15,AVAILABLE
P07598,Laundry Detergent,2026-04-05,2026-04-14 05:47:56,2028-09-24,AVAILABLE
P07599,Wireless Mouse,2024-04-25,2024-05-09 13:51:39,2024-07-27,EXPIRED
P07600,Laptop Stand,2025-08-09,2025-08-23 21:56:19,2027-03-03,AVAILABLE
P07601,Laptop Stand,2026-08-06,2026-09-04 19:52:51,2028-04-11,AVAILABLE
P07602,Orange Juice,2023-04-05,2023-04-07 15:38:53,2025-07-28,EXPIRED
P07603,Power Bank,2025-06-04,2025-06-16 07:30:31,2028-02-15,RESERVED
P07604,Dish Soap,2024-06-08,2024-06-13 08:31:06,2026-11-15,AVAILABLE
P07605,Notebook,2023-05-13,2023-06-01 03:24:12,2025-11-05,EXPIRED
P07606,Notebook,2024-11-14,2024-11-15 21:30:51,2025-12-04,EXPIRED
P07607,Cereal,2026-05-28,2026-06-03 11:02:06,2028-08-30,AVAILABLE
P07608,USB Cable,2024-12-15,2024-12-29 19:30:33,2025-05-20,EXPIRED
P07609,Hand Soap,2026-07-03,2026-07-20 04:13:03,2029-04-07,RESERVED
P07610,Mechanical Keyboard,2023-02-13,2023-03-02 02:12:13,2024-12-04,EXPIRED
P07611,Notebook,2023-02-07,2023-02-12 06:49:30,2024-11-11,EXPIRED
P07612,Instant Coffee,2023-12-31,2024-01-27 13:36:55,2025-01-23,EXPIRED
P07613,Green Tea,2026-06-30,2026-07-10 03:35:00,2027-01-30,RESERVED
P07614,Mineral Water,2026-03-28,2026-04-18 11:58:39,2026-12-24,AVAILABLE
P07615,Laptop Stand,2026-03-18,2026-04-15 09:26:57,2027-10-07,AVAILABLE
P07616,Instant Coffee,2023-05-20,2023-05-24 17:09:35,2026-01-20,EXPIRED
P07617,Ballpoint Pen,2023-07-13,2023-07-22 13:58:22,2025-07-26,EXPIRED
P07618,Power Bank,2023-06-18,2023-07-09 04:01:51,2024-08-07,EXPIRED
P07619,Instant Coffee,2026-02-26,2026-03-25 23:03:23,2028-05-24,AVAILABLE
P07620,Shampoo,2026-08-16,2026-09-04 08:09:13,2028-05-01,AVAILABLE
P07621,Laundry Detergent,2024-03-01,2024-03-25 15:22:56,2025-11-08,EXPIRED
P07622,Laptop Stand,2025-12-21,2026-01-07 09:24:15,2028-09-16,RESERVED
P07623,Hand Soap,2024-05-09,2024-05-19 20:35:40,2026-04-03,EXPIRED
P07624,Mechanical Keyboard,2024-05-13,2024-05-14 23:11:55,2026-12-17,AVAILABLE
P07625,Bluetooth Speaker,2023-06-12,2023-06-27 18:13:52,2023-12-11,EXPIRED
P07626,Mineral Water,2023-11-21,2023-12-03 01:53:21,2025-12-11,EXPIRED
P07627,Water Bottle,2023-11-20,2023-12-04 14:39:38,2024-10-13,EXPIRED
P07628,Green Tea,2026-09-02,2026-09-23 09:43:49,2029-08-13,AVAILABLE
P07629,Toothpaste,2023-10-22,2023-11-04 17:45:29,2026-08-15,EXPIRED
P07630,Notebook,2024-05-07,2024-05-31 16:56:42,2025-12-07,EXPIRED
P07631,Ballpoint Pen,2023-06-12,2023-07-08 05:54:33,2025-12-21,EXPIRED
P07632,Toothpaste,2023-12-06,2023-12-23 15:30:16,2026-10-20,AVAILABLE
P07633,Mineral Water,2026-06-16,2026-06-19 01:18:01,2029-01-08,AVAILABLE
P07634,Laptop Stand,2026-05-07,2026-05-20 19:50:24,2028-03-09,AVAILABLE
P07635,Chocolate,2023-07-25,2023-08-18 10:31:14,2024-01-23,EXPIRED
P07636,Dish Soap,2023-04-13,2023-04-18 00:18:01,2024-11-03,EXPIRED
P07637,USB Cable,2023-01-17,2023-02-01 03:36:04,2023-11-18,EXPIRED
P07638,Ballpoint Pen,2024-07-27,2024-08-04 22:15:29,2024-12-19,EXPIRED
P07639,Laptop Stand,2025-05-14,2025-05-26 14:33:59,2026-01-03,EXPIRED
P07640,Chocolate,2026-06-24,2026-07-07 07:51:22,2028-05-04,AVAILABLE
P07641,USB Cable,2026-04-07,2026-04-14 11:13:57,2026-09-13,EXPIRED
P07642,USB Cable,2023-03-04,2023-04-02 03:46:20,2026-02-12,EXPIRED
P07643,Chocolate,2025-01-26,2025-02-08 14:53:14,2025-08-31,EXPIRED
P07644,Instant Coffee,2025-09-04,2025-09-06 22:02:46,2026-02-15,EXPIRED
P07645,Toothpaste,2024-07-17,2024-08-05 06:05:57,2027-02-25,AVAILABLE
P07646,Shampoo,2023-02-26,2023-03-24 15:14:00,2024-04-09,EXPIRED
P07647,Power Bank,2025-06-30,2025-07-07 14:13:15,2028-04-10,RESERVED
P07648,Mechanical Keyboard,2023-06-20,2023-07-17 00:06:42,2025-03-03,EXPIRED
P07649,Notebook,2023-12-18,2024-01-01 05:04:52,2024-12-05,EXPIRED
P07650,Laptop Stand,2024-06-18,2024-06-19 00:26:04,2025-09-18,EXPIRED
P07651,Dish Soap,2025-02-19,2025-03-02 08:54:44,2027-08-11,AVAILABLE
P07652,Mechanical Keyboard,2023-12-17,2024-01-16 20:20:54,2024-07-08,EXPIRED
P07653,Green Tea,2024-05-26,2024-06-06 17:46:02,2026-01-12,EXPIRED
P07654,Hand Soap,2023-06-20,2023-06-23 17:45:54,2023-09-21,EXPIRED
P07655,Mechanical Keyboard,2024-09-12,2024-09-23 01:05:57,2026-07-20,EXPIRED
P07656,Instant Coffee,2023-05-24,2023-06-16 03:36:20,2025-10-02,EXPIRED
P07657,Mechanical Keyboard,2023-11-06,2023-11-22 12:38:49,2024-12-30,EXPIRED
P07658,Green Tea,2025-10-09,2025-10-25 19:27:26,2026-02-17,EXPIRED
P07659,Cereal,2024-06-09,2024-07-09 16:53:57,2026-05-20,EXPIRED
P07660,Mineral Water,2023-11-03,2023-11-14 15:22:00,2025-06-14,EXPIRED
P07661,Laptop Stand,2024-01-03,2024-01-13 12:55:16,2024-05-28,EXPIRED
P07662,Mineral Water,2026-04-24,2026-05-23 08:42:47,2029-03-13,AVAILABLE
P07663,Power Bank,2025-10-04,2025-10-15 08:56:06,2028-09-29,AVAILABLE
P07664,Hand Soap,2025-10-18,2025-10-22 03:19:35,2026-06-03,EXPIRED
P07665,Mineral Water,2023-04-24,2023-05-06 17:01:04,2026-03-11,EXPIRED
P07666,Cereal,2024-12-26,2025-01-25 15:02:35,2026-01-08,EXPIRED
P07667,Mineral Water,2025-10-04,2025-10-28 17:24:54,2027-09-01,AVAILABLE
P07668,Green Tea,2024-07-08,2024-08-01 09:05:57,2026-04-11,EXPIRED
P07669,Green Tea,2023-10-09,2023-10-29 08:49:09,2026-02-13,EXPIRED
P07670,Hand Soap,2026-07-12,2026-07-13 16:34:03,2028-07-20,AVAILABLE
P07671,USB Cable,2024-11-03,2024-11-30 03:14:28,2027-10-17,RESERVED
P07672,Shampoo,2023-12-29,2024-01-12 16:16:56,2026-07-25,EXPIRED
P07673,Mechanical Keyboard,2024-08-23,2024-08-28 08:04:26,2027-07-23,AVAILABLE
P07674,Chocolate,2023-11-03,2023-12-01 00:28:24,2024-05-11,EXPIRED
P07675,Toothpaste,2026-08-31,2026-09-01 01:27:34,2027-03-08,AVAILABLE
P07676,Instant Coffee,2025-05-22,2025-06-03 18:30:09,2026-09-26,AVAILABLE
P07677,Toothpaste,2025-03-12,2025-03-26 23:06:43,2025-07-17,EXPIRED
P07678,Cereal,2024-05-30,2024-06-03 14:50:05,2026-04-20,EXPIRED
P07679,Mechanical Keyboard,2023-03-01,2023-03-27 15:27:00,2023-09-11,EXPIRED
P07680,Toothpaste,2024-12-13,2025-01-07 03:45:47,2025-01-24,EXPIRED
P07681,Wireless Mouse,2025-07-08,2025-08-07 15:35:16,2026-08-08,EXPIRED
P07682,Dish Soap,2024-08-04,2024-08-16 11:29:27,2025-04-01,EXPIRED
P07683,Dish Soap,2026-07-04,2026-07-18 15:30:51,2026-11-04,AVAILABLE
P07684,Shampoo,2025-09-26,2025-10-01 22:05:38,2026-09-17,EXPIRED
P07685,Laptop Stand,2026-02-07,2026-03-04 07:19:37,2026-11-04,AVAILABLE
P07686,Water Bottle,2023-01-22,2023-02-12 18:50:09,2023-10-05,EXPIRED
P07687,Orange Juice,2023-11-21,2023-12-06 05:47:23,2026-09-09,EXPIRED
P07688,Laundry Detergent,2024-03-30,2024-04-06 13:53:29,2025-11-24,EXPIRED
P07689,Mechanical Keyboard,2025-12-08,2025-12-30 18:06:10,2026-04-09,EXPIRED
P07690,Orange Juice,2026-04-29,2026-05-18 08:51:18,2029-01-05,RESERVED
P07691,Mineral Water,2026-04-25,2026-05-19 17:55:34,2026-07-23,EXPIRED
P07692,USB Cable,2023-12-28,2024-01-19 05:21:48,2026-05-05,EXPIRED
P07693,Bluetooth Speaker,2023-05-05,2023-05-23 06:26:06,2023-07-03,EXPIRED
P07694,Laundry Detergent,2026-01-10,2026-01-12 04:22:31,2026-04-28,EXPIRED
P07695,USB Cable,2025-04-06,2025-05-04 20:10:45,2025-08-10,EXPIRED
P07696,Mineral Water,2024-05-08,2024-05-23 01:14:57,2026-07-08,EXPIRED
P07697,Cereal,2026-06-21,2026-07-03 19:06:20,2027-03-30,AVAILABLE
P07698,Toothpaste,2025-02-14,2025-03-11 02:27:45,2027-07-10,AVAILABLE
P07699,Notebook,2025-04-11,2025-05-10 11:34:55,2027-08-01,RESERVED
P07700,Water Bottle,2025-03-01,2025-03-29 01:08:49,2027-04-06,AVAILABLE
P07701,Mineral Water,2025-11-17,2025-12-03 06:59:09,2026-04-20,EXPIRED
P07702,Ballpoint Pen,2023-10-31,2023-11-06 10:55:17,2025-12-05,EXPIRED
P07703,Mechanical Keyboard,2026-01-30,2026-03-01 00:24:39,2027-09-01,AVAILABLE
P07704,Ballpoint Pen,2025-06-18,2025-07-06 14:52:13,2028-05-02,AVAILABLE
P07705,Laundry Detergent,2024-02-14,2024-03-06 09:57:07,2024-07-07,EXPIRED
P07706,Mechanical Keyboard,2026-08-03,2026-08-04 13:24:20,2028-04-23,AVAILABLE
P07707,Chocolate,2024-05-08,2024-06-05 22:48:51,2025-09-23,EXPIRED
P07708,Wireless Mouse,2023-01-12,2023-01-21 13:03:14,2024-11-13,EXPIRED
P07709,Shampoo,2023-01-03,2023-01-26 17:38:44,2025-11-14,EXPIRED
P07710,Mechanical Keyboard,2025-02-25,2025-03-06 18:55:54,2026-08-10,EXPIRED
P07711,Hand Soap,2025-02-02,2025-02-22 00:18:18,2027-10-17,AVAILABLE
P07712,Mechanical Keyboard,2026-07-25,2026-08-21 10:47:35,2028-01-02,AVAILABLE
P07713,Green Tea,2025-08-20,2025-08-21 04:31:41,2025-11-06,EXPIRED
P07714,Laptop Stand,2025-07-21,2025-08-04 08:23:07,2026-09-09,EXPIRED
P07715,Wireless Mouse,2023-04-08,2023-04-19 20:50:03,2024-01-05,EXPIRED
P07716,Ballpoint Pen,2026-01-22,2026-02-21 10:58:31,2027-12-25,AVAILABLE
P07717,Hand Soap,2024-03-05,2024-04-03 17:32:49,2024-04-04,EXPIRED
P07718,Laundry Detergent,2024-08-02,2024-08-08 15:19:01,2026-10-24,AVAILABLE
P07719,Dish Soap,2023-12-04,2023-12-21 10:50:00,2026-07-01,EXPIRED
P07720,Laptop Stand,2024-12-06,2024-12-17 07:11:00,2027-02-02,RESERVED
P07721,Bluetooth Speaker,2026-01-03,2026-01-15 02:20:53,2028-02-29,AVAILABLE
P07722,Power Bank,2024-01-22,2024-02-02 05:16:29,2024-08-04,EXPIRED
P07723,USB Cable,2025-06-15,2025-07-03 16:30:43,2027-06-22,AVAILABLE
P07724,Orange Juice,2023-09-08,2023-09-15 19:47:44,2024-06-10,EXPIRED
P07725,Dish Soap,2026-07-24,2026-08-02 02:32:01,2028-08-26,RESERVED
P07726,USB Cable,2024-08-15,2024-08-19 04:01:45,2024-09-20,EXPIRED
P07727,Hand Soap,2024-06-12,2024-07-03 01:17:47,2026-08-16,EXPIRED
P07728,USB Cable,2024-11-09,2024-11-23 18:38:58,2026-02-17,EXPIRED
P07729,Water Bottle,2023-11-12,2023-11-28 13:44:39,2024-10-04,EXPIRED
P07730,Mineral Water,2026-02-24,2026-03-15 18:16:28,2027-07-02,AVAILABLE
P07731,Toothpaste,2026-06-06,2026-06-13 01:36:59,2027-05-10,RESERVED
P07732,Orange Juice,2023-12-31,2024-01-28 06:38:03,2026-03-08,EXPIRED
P07733,Mechanical Keyboard,2025-01-21,2025-02-04 06:26:51,2025-05-23,EXPIRED
P07734,Toothpaste,2023-06-15,2023-06-20 09:53:52,2024-03-23,EXPIRED
P07735,Water Bottle,2025-09-04,2025-09-11 19:54:19,2026-03-30,EXPIRED
P07736,Bluetooth Speaker,2026-08-14,2026-08-25 17:52:04,2027-12-11,AVAILABLE
P07737,Mineral Water,2026-03-30,2026-04-09 06:27:19,2027-06-28,AVAILABLE
P07738,Orange Juice,2024-02-04,2024-02-07 21:19:57,2025-12-10,EXPIRED
P07739,Ballpoint Pen,2024-07-27,2024-08-08 13:35:48,2025-04-23,EXPIRED
P07740,Orange Juice,2023-03-06,2023-03-31 17:37:20,2023-11-13,EXPIRED
P07741,Chocolate,2025-02-20,2025-03-15 07:50:41,2025-10-28,EXPIRED
P07742,Laundry Detergent,2025-07-05,2025-07-25 17:37:30,2027-11-23,AVAILABLE
P07743,Instant Coffee,2023-04-05,2023-04-10 06:00:17,2024-03-18,EXPIRED
P07744,Water Bottle,2024-05-07,2024-06-03 07:44:33,2025-10-09,EXPIRED
P07745,Power Bank,2026-09-16,2026-10-05 12:00:49,2027-08-09,AVAILABLE
P07746,Wireless Mouse,2026-06-04,2026-06-28 22:42:09,2029-04-14,AVAILABLE
P07747,Green Tea,2023-01-12,2023-01-13 09:15:49,2025-07-21,EXPIRED
P07748,Mineral Water,2025-05-28,2025-06-14 09:29:02,2028-04-15,RESERVED
P07749,Bluetooth Speaker,2025-03-07,2025-03-09 23:10:29,2027-01-10,AVAILABLE
P07750,Dish Soap,2026-05-26,2026-06-09 13:12:26,2029-04-21,AVAILABLE
P07751,Orange Juice,2024-02-25,2024-03-12 06:33:03,2025-01-21,EXPIRED
P07752,Water Bottle,2024-01-24,2024-02-22 01:36:29,2024-04-23,EXPIRED
P07753,USB Cable,2026-05-31,2026-06-26 18:34:10,2028-02-23,AVAILABLE
P07754,Hand Soap,2023-04-14,2023-05-05 21:29:23,2023-12-03,EXPIRED
P07755,Dish Soap,2025-03-22,2025-03-27 03:00:36,2028-02-23,RESERVED
P07756,Shampoo,2024-01-21,2024-02-03 14:33:59,2025-02-10,EXPIRED
P07757,Dish Soap,2026-08-21,2026-09-11 02:56:27,2028-11-21,AVAILABLE
P07758,Wireless Mouse,2025-02-13,2025-03-10 12:54:50,2028-01-11,RESERVED
P07759,Dish Soap,2023-05-10,2023-06-08 05:31:37,2023-09-13,EXPIRED
P07760,Chocolate,2023-12-01,2023-12-13 05:34:43,2025-06-28,EXPIRED
P07761,Mineral Water,2024-10-22,2024-11-08 00:27:34,2025-04-23,EXPIRED
P07762,Toothpaste,2026-05-07,2026-05-12 05:40:18,2026-12-29,RESERVED
P07763,Ballpoint Pen,2026-06-02,2026-06-28 14:38:28,2026-07-19,EXPIRED
P07764,Water Bottle,2023-09-10,2023-09-12 17:03:33,2024-12-17,EXPIRED
P07765,Green Tea,2026-02-18,2026-03-14 00:39:34,2028-02-26,RESERVED
P07766,Green Tea,2024-06-11,2024-07-11 16:29:35,2024-10-10,EXPIRED
P07767,Green Tea,2025-12-29,2026-01-06 06:16:26,2027-11-10,AVAILABLE
P07768,Mineral Water,2025-07-26,2025-08-25 23:40:08,2027-10-26,AVAILABLE
P07769,Laptop Stand,2023-07-24,2023-07-31 02:42:32,2023-10-22,EXPIRED
P07770,Shampoo,2025-05-15,2025-06-08 23:26:19,2025-10-06,EXPIRED
P07771,Cereal,2026-08-03,2026-08-23 18:30:40,2028-05-15,AVAILABLE
P07772,Wireless Mouse,2025-12-23,2026-01-08 23:35:00,2027-03-31,AVAILABLE
P07773,Dish Soap,2023-12-21,2024-01-20 20:49:21,2025-05-27,EXPIRED
P07774,Toothpaste,2023-08-07,2023-08-12 13:47:56,2026-06-18,EXPIRED
P07775,Wireless Mouse,2024-08-11,2024-09-09 02:21:50,2026-06-27,EXPIRED
P07776,Hand Soap,2026-01-11,2026-02-01 03:15:40,2028-07-29,AVAILABLE
P07777,USB Cable,2024-08-04,2024-08-31 05:07:53,2027-05-09,RESERVED
P07778,Cereal,2025-03-05,2025-03-10 08:30:38,2026-10-20,RESERVED
P07779,Green Tea,2024-05-19,2024-05-26 03:31:34,2025-05-09,EXPIRED
P07780,Toothpaste,2024-04-07,2024-05-01 01:22:41,2027-01-10,AVAILABLE
P07781,Shampoo,2023-10-04,2023-10-06 16:19:52,2023-12-01,EXPIRED
P07782,Toothpaste,2025-12-02,2025-12-11 22:58:25,2027-06-03,AVAILABLE
P07783,Power Bank,2024-11-11,2024-11-26 14:18:26,2027-02-09,AVAILABLE
P07784,Power Bank,2026-05-13,2026-06-02 22:31:32,2028-03-21,AVAILABLE
P07785,Cereal,2026-07-16,2026-07-21 10:57:21,2028-04-21,AVAILABLE
P07786,Green Tea,2024-11-15,2024-12-03 13:25:29,2025-12-07,EXPIRED
P07787,Ballpoint Pen,2024-01-01,2024-01-20 19:03:29,2024-12-27,EXPIRED
P07788,Bluetooth Speaker,2025-05-10,2025-05-26 19:17:02,2027-11-13,RESERVED
P07789,Wireless Mouse,2023-07-22,2023-08-02 08:06:14,2026-07-14,EXPIRED
P07790,Laptop Stand,2025-06-16,2025-07-09 07:35:26,2026-10-06,AVAILABLE
P07791,Ballpoint Pen,2023-10-04,2023-10-30 06:53:34,2026-01-10,EXPIRED
P07792,Bluetooth Speaker,2023-11-14,2023-11-26 20:56:16,2026-04-28,EXPIRED
P07793,Dish Soap,2025-05-12,2025-05-18 18:26:57,2027-11-10,AVAILABLE
P07794,Mechanical Keyboard,2024-04-09,2024-04-21 12:23:31,2025-11-10,EXPIRED
P07795,Laundry Detergent,2023-04-17,2023-05-05 09:12:31,2023-10-26,EXPIRED
P07796,Chocolate,2026-04-02,2026-04-08 13:09:30,2027-08-19,RESERVED
P07797,Orange Juice,2023-01-09,2023-01-30 12:02:03,2023-07-16,EXPIRED
P07798,Bluetooth Speaker,2025-05-26,2025-06-09 09:54:24,2025-09-07,EXPIRED
P07799,Notebook,2025-06-07,2025-06-10 09:38:50,2025-09-19,EXPIRED
P07800,Notebook,2023-06-21,2023-06-22 01:38:06,2025-12-17,EXPIRED
P07801,Mineral Water,2024-12-29,2025-01-25 21:37:55,2026-11-20,AVAILABLE
P07802,Cereal,2024-09-28,2024-10-28 23:15:02,2025-02-16,EXPIRED
P07803,Power Bank,2025-08-29,2025-09-27 16:55:17,2027-12-26,AVAILABLE
P07804,Hand Soap,2024-09-02,2024-09-30 20:44:10,2024-10-10,EXPIRED
P07805,Cereal,2024-01-06,2024-02-02 22:08:21,2026-12-08,AVAILABLE
P07806,Water Bottle,2023-04-26,2023-05-12 06:10:06,2025-09-15,EXPIRED
P07807,Mineral Water,2025-02-03,2025-03-02 12:36:56,2025-10-08,EXPIRED
P07808,Mechanical Keyboard,2025-07-05,2025-07-07 20:34:43,2027-11-09,AVAILABLE
P07809,Power Bank,2025-10-10,2025-10-13 06:42:58,2027-04-10,AVAILABLE
P07810,Bluetooth Speaker,2025-01-02,2025-01-04 00:26:17,2026-01-27,EXPIRED
P07811,Bluetooth Speaker,2025-07-27,2025-08-10 08:15:19,2027-05-15,RESERVED
P07812,Shampoo,2024-11-24,2024-11-29 13:43:43,2026-12-23,AVAILABLE
P07813,Cereal,2024-01-30,2024-02-09 15:56:31,2025-08-21,EXPIRED
P07814,USB Cable,2023-06-17,2023-07-01 00:10:32,2025-08-20,EXPIRED
P07815,Notebook,2024-12-22,2024-12-29 22:53:57,2027-11-07,AVAILABLE
P07816,Orange Juice,2026-05-12,2026-06-02 17:31:59,2028-03-20,AVAILABLE
P07817,Laptop Stand,2023-05-02,2023-05-11 23:04:43,2025-05-06,EXPIRED
P07818,Cereal,2023-12-02,2023-12-28 16:47:50,2024-12-03,EXPIRED
P07819,Instant Coffee,2023-04-12,2023-05-08 03:25:59,2024-11-22,EXPIRED
P07820,Instant Coffee,2023-02-11,2023-03-13 21:15:40,2023-12-12,EXPIRED
P07821,Ballpoint Pen,2025-10-10,2025-10-25 22:17:18,2027-06-20,AVAILABLE
P07822,Instant Coffee,2023-10-25,2023-11-13 22:19:22,2026-06-16,EXPIRED
P07823,Dish Soap,2025-05-27,2025-06-26 15:44:41,2027-01-25,RESERVED
P07824,Mechanical Keyboard,2024-08-27,2024-09-24 15:29:08,2026-03-16,EXPIRED
P07825,Mineral Water,2024-07-15,2024-08-14 19:30:09,2027-06-24,AVAILABLE
P07826,Chocolate,2023-07-30,2023-08-18 00:26:28,2024-01-28,EXPIRED
P07827,Wireless Mouse,2023-03-07,2023-03-27 18:28:35,2024-11-23,EXPIRED
P07828,Chocolate,2023-12-22,2024-01-11 16:10:37,2025-06-11,EXPIRED
P07829,USB Cable,2025-02-15,2025-03-08 08:08:07,2025-12-05,EXPIRED
P07830,Dish Soap,2023-09-17,2023-10-01 11:32:22,2026-06-05,EXPIRED
P07831,Mechanical Keyboard,2024-01-04,2024-01-14 16:37:04,2024-02-06,EXPIRED
P07832,Cereal,2026-08-10,2026-08-22 15:36:36,2027-03-09,AVAILABLE
P07833,Dish Soap,2024-06-18,2024-06-26 08:43:22,2026-09-01,EXPIRED
P07834,Orange Juice,2023-08-28,2023-09-18 04:49:14,2025-05-06,EXPIRED
P07835,Water Bottle,2024-06-27,2024-07-06 01:45:55,2027-03-11,RESERVED
P07836,Wireless Mouse,2025-11-18,2025-12-13 00:26:54,2027-03-06,AVAILABLE
P07837,Instant Coffee,2026-04-25,2026-05-06 19:41:18,2027-09-25,AVAILABLE
P07838,Toothpaste,2026-01-10,2026-02-03 20:58:17,2027-12-08,AVAILABLE
P07839,Wireless Mouse,2025-08-25,2025-09-01 22:46:53,2026-06-03,EXPIRED
P07840,Bluetooth Speaker,2025-12-07,2025-12-13 02:40:06,2026-06-01,EXPIRED
P07841,Laptop Stand,2025-03-16,2025-03-26 20:09:06,2028-02-25,AVAILABLE
P07842,Cereal,2024-06-08,2024-06-17 15:35:32,2025-09-26,EXPIRED
P07843,Toothpaste,2026-07-25,2026-08-09 01:31:03,2028-09-19,AVAILABLE
P07844,Toothpaste,2023-02-21,2023-03-13 11:41:46,2023-05-02,EXPIRED
P07845,Mineral Water,2023-09-24,2023-10-07 21:13:11,2026-04-19,EXPIRED
P07846,Mineral Water,2024-01-03,2024-02-02 08:45:42,2025-03-22,EXPIRED
P07847,Bluetooth Speaker,2025-05-25,2025-06-05 14:09:00,2028-04-04,AVAILABLE
P07848,Dish Soap,2023-04-18,2023-04-27 23:31:02,2026-01-27,EXPIRED
P07849,Dish Soap,2026-06-26,2026-07-22 23:54:41,2027-12-02,AVAILABLE
P07850,Ballpoint Pen,2025-11-25,2025-12-11 15:42:21,2026-11-23,RESERVED
P07851,Water Bottle,2026-06-24,2026-07-13 19:27:53,2027-08-27,AVAILABLE
P07852,Notebook,2023-08-11,2023-09-06 16:19:23,2025-03-30,EXPIRED
P07853,Green Tea,2023-08-09,2023-09-06 21:51:37,2024-12-10,EXPIRED
P07854,Dish Soap,2025-01-12,2025-01-27 22:56:36,2025-12-22,EXPIRED
P07855,Dish Soap,2023-12-06,2023-12-19 04:47:38,2024-02-10,EXPIRED
P07856,Power Bank,2025-05-08,2025-06-03 11:06:20,2027-03-11,AVAILABLE
P07857,Hand Soap,2024-08-04,2024-08-19 17:53:47,2027-06-11,AVAILABLE
P07858,Orange Juice,2026-08-09,2026-08-20 23:14:12,2027-11-01,AVAILABLE
P07859,Toothpaste,2026-03-21,2026-04-15 07:04:50,2027-06-30,RESERVED
P07860,Chocolate,2025-10-10,2025-10-21 12:56:04,2028-03-24,RESERVED
P07861,Power Bank,2025-08-09,2025-08-22 11:40:03,2026-06-26,EXPIRED
P07862,Power Bank,2023-02-11,2023-03-09 00:50:02,2024-02-27,EXPIRED
P07863,Hand Soap,2025-12-18,2026-01-01 09:42:39,2028-01-17,AVAILABLE
P07864,Toothpaste,2023-04-26,2023-05-21 00:22:07,2024-02-06,EXPIRED
P07865,Cereal,2024-04-10,2024-04-27 20:03:55,2026-09-20,EXPIRED
P07866,Water Bottle,2023-07-15,2023-08-04 22:00:21,2024-10-28,EXPIRED
P07867,Hand Soap,2025-02-23,2025-03-15 06:10:46,2027-11-07,RESERVED
P07868,Notebook,2023-12-10,2024-01-02 15:18:43,2026-03-07,EXPIRED
P07869,Laptop Stand,2024-01-02,2024-01-15 16:43:39,2026-10-02,AVAILABLE
P07870,Water Bottle,2023-07-01,2023-07-04 23:56:22,2024-06-29,EXPIRED
P07871,Green Tea,2024-02-27,2024-03-16 15:08:54,2024-05-20,EXPIRED
P07872,Toothpaste,2024-10-27,2024-11-11 19:12:46,2025-06-12,EXPIRED
P07873,Chocolate,2026-08-26,2026-09-05 08:41:38,2028-03-26,AVAILABLE
P07874,Notebook,2026-03-02,2026-03-15 21:17:20,2028-05-27,AVAILABLE
P07875,Green Tea,2024-02-19,2024-03-08 08:00:36,2025-01-02,EXPIRED
P07876,Hand Soap,2025-07-03,2025-07-25 02:54:22,2028-02-10,AVAILABLE
P07877,Shampoo,2025-12-17,2025-12-28 00:41:28,2026-05-16,EXPIRED
P07878,Cereal,2023-08-13,2023-09-11 17:09:22,2024-03-11,EXPIRED
P07879,Power Bank,2023-03-04,2023-03-11 02:41:34,2025-09-08,EXPIRED
P07880,Toothpaste,2023-09-25,2023-09-26 15:22:37,2024-05-27,EXPIRED
P07881,Green Tea,2024-07-22,2024-08-18 23:23:26,2027-01-17,AVAILABLE
P07882,Ballpoint Pen,2025-04-15,2025-05-11 12:46:29,2027-06-24,AVAILABLE
P07883,USB Cable,2024-11-12,2024-11-14 22:17:15,2026-06-22,EXPIRED
P07884,Wireless Mouse,2023-06-16,2023-06-17 05:25:41,2025-08-15,EXPIRED
P07885,Cereal,2025-07-17,2025-07-30 22:19:29,2027-09-13,AVAILABLE
P07886,Mineral Water,2025-01-12,2025-02-05 14:56:12,2025-11-23,EXPIRED
P07887,Notebook,2026-08-09,2026-08-25 15:19:05,2027-01-06,AVAILABLE
P07888,Wireless Mouse,2025-06-06,2025-06-23 10:39:01,2026-05-13,EXPIRED
P07889,Instant Coffee,2024-05-14,2024-05-16 19:50:19,2026-11-02,RESERVED
P07890,Laptop Stand,2023-08-29,2023-09-08 22:31:40,2023-11-14,EXPIRED
P07891,Shampoo,2023-07-20,2023-08-16 12:53:21,2024-11-12,EXPIRED
P07892,Toothpaste,2024-03-26,2024-04-22 00:20:13,2025-12-22,EXPIRED
P07893,Laptop Stand,2026-01-17,2026-02-06 00:31:45,2026-07-09,EXPIRED
P07894,Shampoo,2023-11-02,2023-11-21 06:03:59,2026-01-13,EXPIRED
P07895,Power Bank,2024-12-21,2025-01-18 01:30:07,2025-05-03,EXPIRED
P07896,Shampoo,2025-03-26,2025-03-30 12:38:03,2026-07-20,EXPIRED
P07897,Shampoo,2025-07-30,2025-08-01 10:36:03,2027-03-03,AVAILABLE
P07898,Power Bank,2025-07-31,2025-08-22 18:40:54,2028-04-17,AVAILABLE
P07899,Ballpoint Pen,2025-06-01,2025-06-23 06:06:38,2027-02-04,AVAILABLE
P07900,Toothpaste,2023-03-08,2023-03-27 19:24:43,2023-07-15,EXPIRED
P07901,Laundry Detergent,2025-08-02,2025-08-11 19:26:52,2026-01-20,EXPIRED
P07902,Bluetooth Speaker,2023-11-03,2023-11-23 16:14:01,2026-10-18,RESERVED
P07903,Hand Soap,2026-01-13,2026-01-30 09:45:30,2028-08-26,AVAILABLE
P07904,Laundry Detergent,2025-11-07,2025-12-07 16:09:16,2027-02-23,AVAILABLE
P07905,Orange Juice,2026-06-27,2026-07-10 16:47:25,2028-12-25,AVAILABLE
P07906,Toothpaste,2024-06-03,2024-07-03 16:11:44,2025-10-25,EXPIRED
P07907,Wireless Mouse,2023-03-15,2023-04-03 22:28:04,2025-02-06,EXPIRED
P07908,Green Tea,2025-09-26,2025-10-23 10:37:22,2025-11-27,EXPIRED
P07909,Power Bank,2024-02-03,2024-03-02 06:24:28,2025-01-08,EXPIRED
P07910,USB Cable,2023-05-15,2023-06-11 10:24:28,2023-10-27,EXPIRED
P07911,Green Tea,2023-02-06,2023-02-24 05:58:34,2024-03-15,EXPIRED
P07912,Chocolate,2025-04-10,2025-04-20 19:41:53,2026-01-08,EXPIRED
P07913,Instant Coffee,2025-07-09,2025-07-12 13:50:20,2025-11-30,EXPIRED
P07914,Notebook,2024-07-24,2024-08-15 20:10:42,2025-11-09,EXPIRED
P07915,Power Bank,2025-02-04,2025-03-06 18:26:40,2026-07-01,EXPIRED
P07916,Hand Soap,2026-01-08,2026-01-11 07:07:56,2026-06-15,EXPIRED
P07917,Orange Juice,2023-08-06,2023-08-23 23:04:45,2025-01-11,EXPIRED
P07918,Mineral Water,2026-04-03,2026-04-29 00:01:17,2028-10-20,AVAILABLE
P07919,Mechanical Keyboard,2024-09-14,2024-09-28 23:19:18,2026-04-03,EXPIRED
P07920,Mechanical Keyboard,2024-12-11,2025-01-02 17:04:21,2025-07-30,EXPIRED
P07921,Ballpoint Pen,2024-04-01,2024-04-21 08:58:09,2027-02-07,AVAILABLE
P07922,Notebook,2023-07-10,2023-08-07 22:40:04,2024-07-02,EXPIRED
P07923,Shampoo,2025-12-31,2026-01-20 01:01:39,2028-11-20,AVAILABLE
P07924,Mechanical Keyboard,2026-08-04,2026-08-18 16:04:57,2028-04-21,AVAILABLE
P07925,USB Cable,2025-05-28,2025-06-26 20:27:55,2027-09-01,AVAILABLE
P07926,Power Bank,2025-09-03,2025-09-28 14:43:09,2027-04-25,AVAILABLE
P07927,Wireless Mouse,2025-04-18,2025-05-17 15:03:35,2025-07-18,EXPIRED
P07928,Cereal,2025-11-28,2025-12-22 11:35:09,2027-07-24,RESERVED
P07929,Wireless Mouse,2024-06-06,2024-06-26 20:30:31,2026-04-27,EXPIRED
P07930,Hand Soap,2023-12-28,2024-01-07 00:02:14,2024-05-26,EXPIRED
P07931,Water Bottle,2023-06-21,2023-07-03 02:47:50,2026-06-19,EXPIRED
P07932,Shampoo,2023-07-09,2023-07-24 11:37:35,2026-01-15,EXPIRED
P07933,Laptop Stand,2023-11-08,2023-11-30 09:39:19,2026-07-23,EXPIRED
P07934,Shampoo,2024-06-24,2024-07-15 03:39:17,2026-07-03,EXPIRED
P07935,Dish Soap,2024-03-09,2024-03-15 11:04:38,2024-06-24,EXPIRED
P07936,USB Cable,2023-01-21,2023-01-26 12:14:13,2024-08-10,EXPIRED
P07937,Ballpoint Pen,2023-10-02,2023-10-07 14:58:48,2026-07-23,EXPIRED
P07938,Hand Soap,2023-04-23,2023-05-11 10:36:19,2024-04-25,EXPIRED
P07939,Shampoo,2025-11-02,2025-11-08 07:39:42,2027-12-10,RESERVED
P07940,Orange Juice,2024-06-24,2024-07-01 22:17:16,2025-07-31,EXPIRED
P07941,USB Cable,2024-05-08,2024-05-25 20:00:07,2025-02-09,EXPIRED
P07942,Cereal,2026-08-20,2026-09-17 10:30:25,2028-04-07,AVAILABLE
P07943,Orange Juice,2023-07-30,2023-08-06 19:34:48,2025-09-09,EXPIRED
P07944,Orange Juice,2024-05-23,2024-05-29 06:30:23,2024-07-20,EXPIRED
P07945,Dish Soap,2024-03-17,2024-04-06 15:15:07,2026-11-19,AVAILABLE
P07946,Laptop Stand,2024-10-16,2024-10-21 21:45:14,2025-09-12,EXPIRED
P07947,Green Tea,2024-04-25,2024-05-04 22:09:06,2025-07-17,EXPIRED
P07948,Notebook,2024-12-16,2025-01-11 23:30:50,2027-06-19,AVAILABLE
P07949,Shampoo,2023-12-06,2023-12-24 00:31:12,2025-04-05,EXPIRED
P07950,Orange Juice,2023-02-08,2023-02-09 13:45:16,2025-01-05,EXPIRED
P07951,Cereal,2025-12-07,2025-12-09 09:50:33,2026-12-21,AVAILABLE
P07952,Chocolate,2023-03-27,2023-04-12 21:34:10,2026-03-24,EXPIRED
P07953,Mineral Water,2024-01-19,2024-01-31 23:22:33,2026-08-08,EXPIRED
P07954,Laptop Stand,2026-03-26,2026-04-02 23:47:28,2026-06-11,EXPIRED
P07955,Shampoo,2023-11-19,2023-12-10 20:23:55,2026-10-21,AVAILABLE
P07956,Water Bottle,2025-02-18,2025-02-19 16:03:23,2027-03-11,AVAILABLE
P07957,Bluetooth Speaker,2023-10-06,2023-10-20 04:48:12,2024-04-22,EXPIRED
P07958,Shampoo,2025-07-31,2025-08-12 00:04:05,2027-09-26,AVAILABLE
P07959,Bluetooth Speaker,2026-07-26,2026-08-10 23:01:49,2027-11-08,AVAILABLE
P07960,Power Bank,2024-08-07,2024-09-06 14:30:59,2026-07-29,EXPIRED
P07961,Mineral Water,2026-01-20,2026-02-06 22:43:26,2027-04-28,RESERVED
P07962,Hand Soap,2023-07-03,2023-07-11 14:37:37,2026-03-26,EXPIRED
P07963,Wireless Mouse,2025-12-11,2025-12-12 22:54:21,2027-06-02,AVAILABLE
P07964,Laptop Stand,2026-01-10,2026-02-09 18:35:47,2026-07-13,EXPIRED
P07965,Laptop Stand,2023-11-04,2023-11-25 07:42:55,2026-02-10,EXPIRED
P07966,Cereal,2025-07-16,2025-08-08 23:23:54,2026-09-18,EXPIRED
P07967,Hand Soap,2025-03-07,2025-03-16 09:21:07,2026-02-24,EXPIRED
P07968,Cereal,2025-02-24,2025-03-01 05:09:00,2026-05-20,EXPIRED
P07969,Green Tea,2025-04-15,2025-05-12 08:43:17,2026-02-08,EXPIRED
P07970,Notebook,2026-03-04,2026-03-26 23:24:07,2027-06-06,AVAILABLE
P07971,Mechanical Keyboard,2025-07-05,2025-07-08 17:43:56,2027-09-13,AVAILABLE
P07972,Shampoo,2026-03-13,2026-04-01 20:12:38,2027-10-02,AVAILABLE
P07973,USB Cable,2023-03-17,2023-03-30 21:54:33,2024-05-28,EXPIRED
P07974,Dish Soap,2023-11-08,2023-11-28 04:04:24,2024-10-01,EXPIRED
P07975,Notebook,2025-11-23,2025-12-17 12:00:19,2027-01-06,AVAILABLE
P07976,Dish Soap,2025-02-03,2025-02-26 15:50:51,2025-10-07,EXPIRED
P07977,Mechanical Keyboard,2024-05-17,2024-05-31 20:12:40,2024-07-11,EXPIRED
P07978,Orange Juice,2025-02-10,2025-03-02 10:41:41,2027-07-10,AVAILABLE
P07979,Cereal,2026-07-07,2026-07-09 21:37:24,2028-04-11,AVAILABLE
P07980,Bluetooth Speaker,2024-03-14,2024-03-25 05:35:33,2024-04-16,EXPIRED
P07981,Laundry Detergent,2025-11-19,2025-12-14 16:59:24,2026-02-20,EXPIRED
P07982,Dish Soap,2023-05-21,2023-05-24 00:29:06,2025-01-18,EXPIRED
P07983,Ballpoint Pen,2023-12-24,2024-01-23 06:45:25,2024-03-15,EXPIRED
P07984,Instant Coffee,2025-04-27,2025-05-14 00:32:41,2027-04-10,AVAILABLE
P07985,Dish Soap,2024-08-09,2024-08-18 08:13:51,2027-06-04,AVAILABLE
P07986,Power Bank,2024-02-11,2024-02-17 13:54:50,2026-12-19,AVAILABLE
P07987,Shampoo,2024-03-11,2024-04-08 17:50:14,2024-09-05,EXPIRED
P07988,Notebook,2023-06-05,2023-06-27 16:03:51,2025-03-19,EXPIRED
P07989,Instant Coffee,2025-11-15,2025-12-14 09:44:15,2026-03-20,EXPIRED
P07990,Notebook,2025-08-18,2025-09-06 15:21:49,2027-10-26,AVAILABLE
P07991,Green Tea,2023-12-28,2024-01-01 17:07:35,2024-04-03,EXPIRED
P07992,USB Cable,2025-12-12,2026-01-09 23:30:17,2028-08-15,AVAILABLE
P07993,Ballpoint Pen,2023-07-07,2023-07-30 22:57:14,2024-03-07,EXPIRED
P07994,Power Bank,2023-11-23,2023-12-06 11:39:44,2026-06-12,EXPIRED
P07995,Chocolate,2025-03-04,2025-03-05 06:03:08,2026-06-12,EXPIRED
P07996,Power Bank,2023-09-30,2023-10-03 15:33:07,2026-05-04,EXPIRED
P07997,Wireless Mouse,2024-09-23,2024-09-29 22:15:55,2025-08-06,EXPIRED
P07998,Hand Soap,2024-10-06,2024-10-23 17:35:05,2025-04-16,EXPIRED
P07999,Laundry Detergent,2024-10-12,2024-11-01 05:01:26,2026-02-01,EXPIRED
P08000,Wireless Mouse,2024-06-19,2024-06-23 12:22:08,2027-02-02,AVAILABLE
P08001,Mineral Water,2023-07-03,2023-07-21 18:06:00,2025-07-06,EXPIRED
P08002,Instant Coffee,2023-07-18,2023-08-17 01:01:57,2024-01-06,EXPIRED
P08003,Toothpaste,2026-05-17,2026-06-08 05:48:20,2026-10-25,AVAILABLE
P08004,Mineral Water,2026-07-29,2026-08-04 04:12:34,2026-10-03,AVAILABLE
P08005,Water Bottle,2026-09-18,2026-10-03 01:11:01,2027-04-22,AVAILABLE
P08006,Chocolate,2023-01-11,2023-01-14 08:24:39,2025-04-13,EXPIRED
P08007,USB Cable,2024-04-28,2024-05-25 12:02:59,2027-01-06,AVAILABLE
P08008,Bluetooth Speaker,2025-10-02,2025-10-08 01:40:47,2027-06-02,AVAILABLE
P08009,Mechanical Keyboard,2026-03-16,2026-04-03 00:27:47,2027-06-08,RESERVED
P08010,Orange Juice,2024-04-13,2024-04-21 06:23:01,2024-12-28,EXPIRED
P08011,Mineral Water,2024-01-19,2024-02-02 04:20:04,2024-05-01,EXPIRED
P08012,Chocolate,2026-03-26,2026-04-04 12:07:31,2027-09-07,AVAILABLE
P08013,Orange Juice,2023-06-02,2023-06-28 23:21:06,2024-08-28,EXPIRED
P08014,Instant Coffee,2026-09-08,2026-09-13 00:37:25,2029-04-02,AVAILABLE
P08015,Mechanical Keyboard,2026-04-16,2026-05-13 04:18:00,2029-01-18,AVAILABLE
P08016,USB Cable,2026-07-30,2026-08-26 06:21:36,2029-01-04,AVAILABLE
P08017,Cereal,2024-05-04,2024-05-12 18:03:14,2026-07-29,EXPIRED
P08018,Instant Coffee,2026-09-15,2026-10-02 11:30:17,2027-11-29,AVAILABLE
P08019,Ballpoint Pen,2023-07-27,2023-08-15 10:55:32,2023-10-04,EXPIRED
P08020,Wireless Mouse,2023-02-26,2023-03-24 17:19:06,2025-06-07,EXPIRED
P08021,Bluetooth Speaker,2025-02-11,2025-02-27 11:02:05,2026-12-08,AVAILABLE
P08022,Dish Soap,2024-05-08,2024-05-29 03:17:25,2026-06-19,EXPIRED
P08023,Wireless Mouse,2023-02-06,2023-02-14 18:16:49,2025-04-04,EXPIRED
P08024,Orange Juice,2025-11-12,2025-12-05 21:46:45,2027-07-29,AVAILABLE
P08025,Chocolate,2026-08-09,2026-08-15 01:06:32,2027-04-12,RESERVED
P08026,Ballpoint Pen,2023-02-13,2023-02-18 06:10:00,2023-09-25,EXPIRED
P08027,Mineral Water,2024-12-13,2024-12-17 19:33:35,2025-01-26,EXPIRED
P08028,Mineral Water,2023-02-02,2023-03-01 19:07:54,2025-11-24,EXPIRED
P08029,Orange Juice,2023-03-08,2023-03-23 10:07:58,2024-03-02,EXPIRED
P08030,Mineral Water,2025-08-03,2025-08-19 20:22:51,2025-10-14,EXPIRED
P08031,Green Tea,2025-04-01,2025-04-05 12:41:10,2026-02-22,EXPIRED
P08032,Dish Soap,2026-07-08,2026-07-18 06:46:38,2029-01-06,AVAILABLE
P08033,Shampoo,2026-01-06,2026-02-04 23:55:40,2028-11-23,AVAILABLE
P08034,Wireless Mouse,2023-10-19,2023-11-17 00:16:54,2026-08-09,EXPIRED
P08035,USB Cable,2023-03-03,2023-03-30 07:24:50,2025-02-25,EXPIRED
P08036,Instant Coffee,2024-08-05,2024-08-21 12:48:18,2025-03-04,EXPIRED
P08037,Green Tea,2024-08-19,2024-09-14 04:46:45,2027-05-06,AVAILABLE
P08038,Notebook,2025-06-15,2025-06-25 10:13:04,2027-03-14,AVAILABLE
P08039,Notebook,2025-01-24,2025-02-05 00:35:03,2025-06-04,EXPIRED
P08040,Bluetooth Speaker,2026-07-10,2026-07-30 00:27:46,2028-07-25,AVAILABLE
P08041,Hand Soap,2024-02-05,2024-02-16 13:58:58,2025-08-08,EXPIRED
P08042,Bluetooth Speaker,2025-07-08,2025-07-31 04:37:16,2026-09-27,AVAILABLE
P08043,USB Cable,2023-03-19,2023-04-14 19:01:36,2024-03-09,EXPIRED
P08044,Green Tea,2024-10-24,2024-10-26 20:33:07,2026-05-17,EXPIRED
P08045,Shampoo,2024-08-31,2024-09-15 01:09:53,2025-11-09,EXPIRED
P08046,Shampoo,2023-01-13,2023-01-28 09:07:31,2023-06-13,EXPIRED
P08047,Shampoo,2023-01-27,2023-02-02 05:23:10,2025-01-13,EXPIRED
P08048,Cereal,2024-02-19,2024-03-12 21:05:12,2025-08-23,EXPIRED
P08049,USB Cable,2025-07-10,2025-07-24 05:11:34,2025-10-05,EXPIRED
P08050,Notebook,2024-12-10,2024-12-20 02:31:23,2026-07-07,EXPIRED
P08051,Mechanical Keyboard,2023-07-17,2023-07-30 07:28:39,2023-10-29,EXPIRED
P08052,Orange Juice,2026-01-30,2026-02-08 17:10:35,2026-10-19,AVAILABLE
P08053,Water Bottle,2026-06-10,2026-06-17 06:48:54,2028-10-18,AVAILABLE
P08054,Power Bank,2023-02-23,2023-03-20 17:10:51,2025-08-07,EXPIRED
P08055,Orange Juice,2025-06-07,2025-06-11 04:51:03,2027-08-29,AVAILABLE
P08056,Mineral Water,2024-07-22,2024-08-15 13:53:30,2026-09-30,AVAILABLE
P08057,Toothpaste,2026-02-10,2026-03-09 11:24:10,2028-01-18,AVAILABLE
P08058,Laundry Detergent,2024-06-19,2024-07-19 11:03:47,2024-12-25,EXPIRED
P08059,Chocolate,2024-05-22,2024-06-17 18:37:36,2025-05-04,EXPIRED
P08060,Orange Juice,2025-08-17,2025-09-15 00:56:37,2026-08-31,EXPIRED
P08061,Dish Soap,2025-06-03,2025-06-07 00:09:33,2027-06-08,RESERVED
P08062,Cereal,2023-08-08,2023-08-17 07:33:43,2024-07-16,EXPIRED
P08063,Cereal,2024-11-14,2024-11-19 00:15:11,2027-04-01,AVAILABLE
P08064,Notebook,2023-08-30,2023-09-17 03:55:53,2023-12-10,EXPIRED
P08065,Orange Juice,2024-01-16,2024-02-02 06:51:38,2024-05-12,EXPIRED
P08066,Cereal,2024-02-03,2024-02-04 13:31:14,2024-04-03,EXPIRED
P08067,Laundry Detergent,2024-04-05,2024-05-01 01:14:35,2025-12-18,EXPIRED
P08068,Wireless Mouse,2023-08-03,2023-08-27 13:40:30,2026-04-09,EXPIRED
P08069,Mineral Water,2026-04-28,2026-05-03 22:44:55,2026-10-08,AVAILABLE
P08070,Power Bank,2023-02-05,2023-02-16 00:54:31,2023-09-30,EXPIRED
P08071,Notebook,2025-07-27,2025-07-29 19:22:31,2027-04-18,AVAILABLE
P08072,Orange Juice,2024-07-22,2024-07-23 13:37:07,2026-05-16,EXPIRED
P08073,Instant Coffee,2025-11-10,2025-11-25 13:30:13,2027-08-27,AVAILABLE
P08074,Power Bank,2026-07-21,2026-08-01 23:51:23,2028-12-13,AVAILABLE
P08075,Shampoo,2026-05-30,2026-06-10 19:58:29,2027-05-29,AVAILABLE
P08076,Mineral Water,2024-01-04,2024-01-28 13:14:10,2026-10-04,AVAILABLE
P08077,Laptop Stand,2024-06-25,2024-07-03 15:48:02,2025-08-19,EXPIRED
P08078,Ballpoint Pen,2023-06-11,2023-06-30 21:02:20,2025-10-25,EXPIRED
P08079,Mineral Water,2024-10-19,2024-11-10 03:59:59,2026-05-15,EXPIRED
P08080,USB Cable,2024-04-23,2024-05-03 06:01:57,2026-11-27,AVAILABLE
P08081,Dish Soap,2026-08-28,2026-09-25 07:09:36,2029-07-31,AVAILABLE
P08082,Mineral Water,2026-01-25,2026-01-28 20:40:47,2028-07-26,AVAILABLE
P08083,Orange Juice,2026-07-08,2026-07-11 18:06:30,2026-08-22,EXPIRED
P08084,Laptop Stand,2024-07-02,2024-07-08 07:27:47,2025-12-06,EXPIRED
P08085,Toothpaste,2024-05-27,2024-06-20 21:13:29,2025-11-18,EXPIRED
P08086,Laundry Detergent,2023-04-03,2023-04-06 06:04:33,2024-10-22,EXPIRED
P08087,Water Bottle,2024-08-11,2024-08-14 06:22:55,2027-05-24,RESERVED
P08088,Power Bank,2025-06-14,2025-07-08 17:09:26,2026-03-25,EXPIRED
P08089,USB Cable,2023-08-11,2023-09-04 09:29:24,2024-08-24,EXPIRED
P08090,Wireless Mouse,2025-06-30,2025-07-07 08:29:34,2028-04-11,AVAILABLE
P08091,Orange Juice,2024-10-01,2024-10-05 08:52:20,2026-10-15,AVAILABLE
P08092,Chocolate,2025-07-14,2025-08-12 06:04:41,2026-03-01,EXPIRED
P08093,Mineral Water,2025-11-14,2025-12-02 10:37:11,2028-03-21,AVAILABLE
P08094,Instant Coffee,2025-08-27,2025-09-17 23:01:00,2027-03-29,AVAILABLE
P08095,Laundry Detergent,2024-02-03,2024-02-05 03:19:35,2026-03-23,EXPIRED
P08096,Hand Soap,2025-11-04,2025-11-28 03:25:23,2028-05-09,AVAILABLE
P08097,Dish Soap,2025-12-20,2025-12-22 21:50:16,2026-06-08,EXPIRED
P08098,Dish Soap,2026-06-25,2026-06-27 21:08:18,2028-02-27,AVAILABLE
P08099,Laptop Stand,2026-02-12,2026-03-01 05:27:04,2028-10-26,AVAILABLE
P08100,Green Tea,2025-02-12,2025-02-14 17:29:13,2027-08-19,AVAILABLE
P08101,USB Cable,2024-06-20,2024-07-09 06:44:05,2027-06-12,AVAILABLE
P08102,Water Bottle,2025-07-13,2025-08-12 04:48:09,2026-09-28,AVAILABLE
P08103,Wireless Mouse,2024-09-17,2024-09-28 00:41:14,2024-10-23,EXPIRED
P08104,Dish Soap,2024-04-15,2024-04-24 18:07:41,2024-10-27,EXPIRED
P08105,Mineral Water,2024-08-09,2024-08-25 13:16:37,2025-09-21,EXPIRED
P08106,Hand Soap,2024-02-09,2024-02-27 22:26:35,2024-09-22,EXPIRED
P08107,Water Bottle,2024-04-23,2024-05-23 23:30:41,2025-02-16,EXPIRED
P08108,Laptop Stand,2026-07-25,2026-08-10 22:49:35,2027-03-23,AVAILABLE
P08109,USB Cable,2025-01-15,2025-01-27 06:42:37,2026-02-28,EXPIRED
P08110,Orange Juice,2025-10-28,2025-11-15 07:02:59,2026-11-20,AVAILABLE
P08111,Water Bottle,2025-03-25,2025-04-10 02:26:03,2026-08-25,EXPIRED
P08112,Instant Coffee,2025-10-28,2025-11-07 02:58:46,2028-07-23,AVAILABLE
P08113,Toothpaste,2025-04-06,2025-04-07 04:32:31,2027-01-30,AVAILABLE
P08114,Wireless Mouse,2025-08-24,2025-08-30 13:58:44,2027-02-18,AVAILABLE
P08115,Dish Soap,2023-05-26,2023-05-27 10:44:01,2024-11-14,EXPIRED
P08116,Notebook,2023-06-30,2023-07-14 15:34:04,2024-07-19,EXPIRED
P08117,Dish Soap,2025-11-11,2025-12-03 07:28:39,2027-03-09,AVAILABLE
P08118,Laundry Detergent,2024-11-04,2024-12-03 20:36:14,2025-04-01,EXPIRED
P08119,Laundry Detergent,2023-11-14,2023-12-10 05:50:28,2026-11-06,AVAILABLE
P08120,Green Tea,2025-05-21,2025-06-09 11:15:37,2027-03-30,AVAILABLE
P08121,Shampoo,2026-04-23,2026-05-10 23:09:15,2027-05-15,AVAILABLE
P08122,Toothpaste,2023-12-09,2023-12-30 09:52:32,2026-05-05,EXPIRED
P08123,Power Bank,2023-06-25,2023-07-06 13:51:56,2024-06-15,EXPIRED
P08124,Instant Coffee,2023-04-17,2023-05-14 22:24:31,2023-07-16,EXPIRED
P08125,USB Cable,2026-03-25,2026-04-03 12:31:02,2026-10-14,AVAILABLE
P08126,USB Cable,2023-11-05,2023-11-23 00:16:18,2026-05-19,EXPIRED
P08127,Power Bank,2023-11-21,2023-11-23 17:12:48,2026-04-28,EXPIRED
P08128,Bluetooth Speaker,2024-08-06,2024-08-24 14:19:32,2026-07-12,EXPIRED
P08129,Mineral Water,2024-01-16,2024-01-23 14:34:41,2026-07-05,EXPIRED
P08130,USB Cable,2025-09-09,2025-10-09 07:51:51,2026-07-02,EXPIRED
P08131,Toothpaste,2025-07-29,2025-08-12 00:45:26,2026-09-17,EXPIRED
P08132,Ballpoint Pen,2026-08-24,2026-09-15 10:40:04,2028-01-27,AVAILABLE
P08133,Laundry Detergent,2026-03-11,2026-04-08 18:03:27,2028-04-15,AVAILABLE
P08134,Chocolate,2023-06-02,2023-06-25 13:37:35,2024-11-27,EXPIRED
P08135,Instant Coffee,2025-04-30,2025-05-13 22:15:43,2026-10-17,AVAILABLE
P08136,Orange Juice,2025-05-02,2025-05-27 02:57:55,2028-04-04,AVAILABLE
P08137,Orange Juice,2024-03-29,2024-04-09 15:28:30,2027-02-07,AVAILABLE
P08138,Orange Juice,2026-02-26,2026-03-03 22:39:17,2028-02-20,AVAILABLE
P08139,Instant Coffee,2025-04-27,2025-04-30 17:43:59,2028-04-11,RESERVED
P08140,Water Bottle,2025-06-19,2025-06-29 09:34:56,2026-06-24,EXPIRED
P08141,Water Bottle,2026-06-22,2026-07-21 12:02:18,2027-04-15,AVAILABLE
P08142,Green Tea,2024-10-26,2024-10-27 05:22:53,2027-02-01,AVAILABLE
P08143,Mechanical Keyboard,2023-11-15,2023-11-19 15:51:33,2024-12-03,EXPIRED
P08144,Ballpoint Pen,2024-11-12,2024-12-08 18:35:34,2025-05-07,EXPIRED
P08145,Mineral Water,2023-08-11,2023-09-04 00:14:28,2025-12-29,EXPIRED
P08146,Water Bottle,2023-11-28,2023-12-17 09:00:14,2026-11-02,RESERVED
P08147,Wireless Mouse,2024-09-14,2024-09-21 15:16:05,2025-08-31,EXPIRED
P08148,Shampoo,2026-06-05,2026-07-04 17:00:32,2028-08-11,AVAILABLE
P08149,Cereal,2023-09-04,2023-09-05 16:26:49,2024-04-29,EXPIRED
P08150,Ballpoint Pen,2026-04-30,2026-05-15 00:55:31,2029-03-23,AVAILABLE
P08151,Ballpoint Pen,2024-02-28,2024-03-21 02:15:08,2025-12-11,EXPIRED
P08152,Mechanical Keyboard,2023-12-07,2023-12-29 15:50:23,2025-08-23,EXPIRED
P08153,Laptop Stand,2025-01-05,2025-02-03 01:04:56,2027-05-11,AVAILABLE
P08154,Toothpaste,2025-01-16,2025-01-28 10:30:19,2027-03-31,AVAILABLE
P08155,Bluetooth Speaker,2026-02-11,2026-02-14 00:43:58,2028-12-21,RESERVED
P08156,Wireless Mouse,2024-11-29,2024-12-12 01:55:56,2026-11-19,AVAILABLE
P08157,Hand Soap,2024-03-06,2024-03-23 22:40:48,2025-11-07,EXPIRED
P08158,Power Bank,2023-04-15,2023-05-04 12:00:49,2023-07-12,EXPIRED
P08159,Shampoo,2025-02-16,2025-03-15 03:26:56,2025-08-01,EXPIRED
P08160,Cereal,2024-02-01,2024-02-04 14:24:25,2024-04-13,EXPIRED
P08161,Laptop Stand,2024-08-23,2024-09-02 22:23:24,2027-04-28,RESERVED
P08162,Notebook,2023-07-07,2023-07-24 02:18:13,2024-11-19,EXPIRED
P08163,Mineral Water,2026-06-23,2026-07-08 10:29:21,2028-08-02,AVAILABLE
P08164,Mineral Water,2023-02-04,2023-02-17 17:12:17,2024-03-09,EXPIRED
P08165,Shampoo,2023-02-13,2023-02-25 06:15:55,2024-01-31,EXPIRED
P08166,Chocolate,2026-05-30,2026-06-22 18:27:37,2028-09-25,AVAILABLE
P08167,Mechanical Keyboard,2026-01-24,2026-02-16 23:52:43,2026-10-17,AVAILABLE
P08168,Toothpaste,2024-10-17,2024-11-03 17:02:18,2025-06-25,EXPIRED
P08169,Chocolate,2026-08-02,2026-08-03 06:26:14,2028-05-19,AVAILABLE
P08170,Toothpaste,2024-06-16,2024-06-27 03:08:51,2026-09-23,AVAILABLE
P08171,Notebook,2024-05-08,2024-06-05 14:39:03,2025-05-10,EXPIRED
P08172,Laptop Stand,2026-09-03,2026-09-27 19:13:56,2026-11-17,AVAILABLE
P08173,Chocolate,2024-08-25,2024-09-01 02:43:10,2025-03-16,EXPIRED
P08174,Water Bottle,2024-07-16,2024-08-13 22:20:21,2027-02-01,AVAILABLE
P08175,Ballpoint Pen,2026-05-06,2026-05-07 01:30:11,2028-05-06,AVAILABLE
P08176,Mineral Water,2026-02-14,2026-03-02 04:15:03,2028-05-05,RESERVED
P08177,Water Bottle,2025-05-08,2025-05-20 14:55:33,2026-07-17,EXPIRED
P08178,Toothpaste,2023-05-31,2023-06-21 21:23:06,2023-10-15,EXPIRED
P08179,Chocolate,2023-07-22,2023-07-30 12:31:29,2026-05-06,EXPIRED
P08180,Mineral Water,2025-09-23,2025-10-13 11:51:37,2026-12-10,RESERVED
P08181,Bluetooth Speaker,2023-09-29,2023-10-08 19:24:30,2025-01-17,EXPIRED
P08182,Toothpaste,2023-06-12,2023-07-01 13:30:20,2025-05-14,EXPIRED
P08183,Toothpaste,2026-04-08,2026-04-12 04:01:53,2028-01-24,AVAILABLE
P08184,Green Tea,2023-02-18,2023-03-20 05:34:45,2024-10-08,EXPIRED
P08185,Chocolate,2024-02-21,2024-03-10 23:33:08,2026-05-03,EXPIRED
P08186,Notebook,2025-07-04,2025-07-17 18:17:07,2026-11-28,RESERVED
P08187,Mineral Water,2025-03-03,2025-03-19 08:49:34,2027-08-23,AVAILABLE
P08188,Ballpoint Pen,2026-04-09,2026-04-22 19:55:00,2029-04-06,AVAILABLE
P08189,Dish Soap,2025-05-18,2025-05-26 18:58:05,2027-02-15,AVAILABLE
P08190,Laundry Detergent,2024-05-05,2024-05-16 18:02:47,2026-01-09,EXPIRED
P08191,Ballpoint Pen,2023-04-19,2023-05-11 09:50:18,2024-11-02,EXPIRED
P08192,Toothpaste,2024-07-25,2024-07-31 14:03:28,2025-06-02,EXPIRED
P08193,Orange Juice,2024-09-06,2024-09-15 10:46:09,2027-06-16,AVAILABLE
P08194,Shampoo,2023-05-11,2023-05-13 19:21:16,2026-01-07,EXPIRED
P08195,Laptop Stand,2026-01-30,2026-02-15 08:57:03,2028-09-20,AVAILABLE
P08196,USB Cable,2026-06-10,2026-06-18 19:07:59,2027-12-09,AVAILABLE
P08197,Wireless Mouse,2024-05-04,2024-05-19 17:10:35,2024-08-05,EXPIRED
P08198,Instant Coffee,2024-10-05,2024-10-19 16:38:38,2025-06-27,EXPIRED
P08199,Wireless Mouse,2026-02-20,2026-03-13 20:23:34,2028-12-29,AVAILABLE
P08200,Toothpaste,2023-01-01,2023-01-30 23:30:22,2023-04-01,EXPIRED
P08201,Power Bank,2024-01-27,2024-02-15 20:43:39,2025-05-12,EXPIRED
P08202,Ballpoint Pen,2026-07-09,2026-07-15 10:25:28,2029-04-13,RESERVED
P08203,Chocolate,2025-03-18,2025-04-14 07:05:48,2027-12-24,AVAILABLE
P08204,USB Cable,2025-11-28,2025-12-11 05:26:26,2028-06-15,RESERVED
P08205,Dish Soap,2025-04-22,2025-04-25 12:57:14,2026-08-28,EXPIRED
P08206,Laundry Detergent,2025-03-14,2025-03-21 17:07:15,2025-05-04,EXPIRED
P08207,Water Bottle,2023-10-19,2023-11-12 13:08:19,2026-10-09,AVAILABLE
P08208,Chocolate,2023-02-25,2023-03-17 08:25:25,2025-04-15,EXPIRED
P08209,Green Tea,2026-03-07,2026-03-23 14:01:49,2028-01-06,AVAILABLE
P08210,Mineral Water,2024-08-31,2024-09-09 07:52:16,2026-08-20,EXPIRED
P08211,Chocolate,2023-07-31,2023-08-05 03:41:29,2025-10-16,EXPIRED
P08212,Laptop Stand,2023-04-10,2023-05-09 17:41:02,2023-10-13,EXPIRED
P08213,Laptop Stand,2025-12-23,2026-01-12 07:57:16,2028-11-26,AVAILABLE
P08214,Laundry Detergent,2023-01-19,2023-02-18 00:50:43,2024-01-17,EXPIRED
P08215,Wireless Mouse,2024-12-28,2025-01-05 12:20:01,2026-09-10,EXPIRED
P08216,Orange Juice,2025-03-28,2025-04-14 13:39:26,2025-07-16,EXPIRED
P08217,Mechanical Keyboard,2023-06-13,2023-07-03 05:56:13,2024-08-01,EXPIRED
P08218,USB Cable,2024-10-09,2024-10-14 09:00:17,2025-07-17,EXPIRED
P08219,Cereal,2026-07-29,2026-08-13 10:32:44,2028-02-25,RESERVED
P08220,Bluetooth Speaker,2025-08-04,2025-08-18 16:26:54,2026-03-12,EXPIRED
P08221,Laptop Stand,2025-09-10,2025-09-25 23:53:36,2026-11-18,AVAILABLE
P08222,Instant Coffee,2024-05-04,2024-05-31 10:27:53,2026-03-01,EXPIRED
P08223,Bluetooth Speaker,2023-02-10,2023-02-13 17:17:16,2024-12-27,EXPIRED
P08224,Toothpaste,2025-03-17,2025-03-30 02:26:55,2026-04-09,EXPIRED
P08225,Notebook,2025-01-15,2025-01-17 23:26:18,2025-06-27,EXPIRED
P08226,Wireless Mouse,2024-03-13,2024-03-16 17:19:04,2027-01-04,AVAILABLE
P08227,Laptop Stand,2026-07-31,2026-08-14 11:52:08,2027-11-07,AVAILABLE
P08228,Shampoo,2025-01-26,2025-02-18 11:18:27,2025-07-05,EXPIRED
P08229,Bluetooth Speaker,2026-09-11,2026-10-07 01:14:48,2028-05-07,RESERVED
P08230,Shampoo,2025-07-20,2025-08-11 05:27:16,2027-04-30,RESERVED
P08231,Mechanical Keyboard,2023-06-05,2023-07-03 19:52:48,2026-05-20,EXPIRED
P08232,Ballpoint Pen,2023-12-21,2024-01-13 16:57:38,2024-09-10,EXPIRED
P08233,Chocolate,2024-03-06,2024-04-02 10:13:21,2025-09-23,EXPIRED
P08234,Laptop Stand,2024-12-03,2024-12-24 22:52:27,2025-09-15,EXPIRED
P08235,Laundry Detergent,2025-05-15,2025-06-10 23:41:00,2028-03-26,RESERVED
P08236,Dish Soap,2023-06-23,2023-07-20 07:50:32,2025-02-23,EXPIRED
P08237,Toothpaste,2024-11-13,2024-12-11 02:15:47,2026-05-23,EXPIRED
P08238,Mechanical Keyboard,2025-08-06,2025-08-28 08:39:05,2028-07-01,RESERVED
P08239,Cereal,2023-02-07,2023-02-19 22:56:34,2023-12-17,EXPIRED
P08240,Green Tea,2023-04-17,2023-05-12 11:42:59,2025-02-20,EXPIRED
P08241,Green Tea,2025-05-05,2025-05-28 11:04:08,2025-10-03,EXPIRED
P08242,Mineral Water,2026-06-17,2026-06-18 21:40:41,2028-12-15,AVAILABLE
P08243,Power Bank,2026-07-02,2026-07-28 23:22:49,2029-02-16,AVAILABLE
P08244,Toothpaste,2023-11-15,2023-11-26 07:50:00,2025-04-03,EXPIRED
P08245,Power Bank,2024-10-08,2024-10-26 08:24:19,2026-02-16,EXPIRED
P08246,Ballpoint Pen,2024-05-27,2024-06-05 04:35:01,2026-04-13,EXPIRED
P08247,Green Tea,2023-02-04,2023-02-06 18:10:49,2024-05-10,EXPIRED
P08248,Power Bank,2026-03-23,2026-04-04 01:30:35,2029-02-01,AVAILABLE
P08249,Wireless Mouse,2024-12-01,2024-12-23 06:37:01,2025-03-18,EXPIRED
P08250,Instant Coffee,2024-07-10,2024-07-31 23:48:40,2025-10-11,EXPIRED
P08251,Laptop Stand,2026-06-29,2026-07-05 12:09:01,2028-06-05,RESERVED
P08252,Orange Juice,2025-01-23,2025-02-15 11:59:46,2027-04-16,AVAILABLE
P08253,Dish Soap,2024-09-09,2024-09-29 15:23:24,2026-09-15,EXPIRED
P08254,Toothpaste,2026-01-23,2026-02-15 07:53:51,2027-06-06,AVAILABLE
P08255,Instant Coffee,2026-05-18,2026-06-06 09:13:04,2026-08-16,EXPIRED
P08256,Notebook,2024-12-20,2024-12-23 17:32:32,2027-01-12,AVAILABLE
P08257,Laundry Detergent,2025-06-19,2025-07-06 05:50:56,2025-08-18,EXPIRED
P08258,Notebook,2024-11-27,2024-12-13 05:46:55,2027-11-05,AVAILABLE
P08259,Ballpoint Pen,2025-07-01,2025-07-18 06:00:43,2025-12-23,EXPIRED
P08260,Laundry Detergent,2026-05-18,2026-06-05 13:52:23,2028-02-05,AVAILABLE
P08261,Wireless Mouse,2025-07-12,2025-08-06 09:21:55,2027-12-18,AVAILABLE
P08262,Cereal,2025-02-11,2025-03-04 14:00:57,2026-05-15,EXPIRED
P08263,Laptop Stand,2025-07-05,2025-07-09 17:51:40,2028-06-08,AVAILABLE
P08264,Orange Juice,2025-12-01,2025-12-16 10:03:50,2026-03-06,EXPIRED
P08265,Bluetooth Speaker,2023-03-12,2023-03-28 10:56:42,2023-12-26,EXPIRED
P08266,Mechanical Keyboard,2024-05-31,2024-06-13 18:58:03,2027-02-02,AVAILABLE
P08267,Water Bottle,2026-04-04,2026-04-05 20:25:52,2027-10-17,AVAILABLE
P08268,Green Tea,2025-09-10,2025-09-26 06:39:10,2026-01-02,EXPIRED
P08269,Bluetooth Speaker,2024-09-02,2024-09-23 08:52:57,2026-04-05,EXPIRED
P08270,Wireless Mouse,2025-09-05,2025-09-13 20:06:36,2028-06-21,AVAILABLE
P08271,Laundry Detergent,2026-08-29,2026-09-18 23:43:00,2027-06-02,AVAILABLE
P08272,Laptop Stand,2023-04-29,2023-05-24 06:48:25,2026-02-22,EXPIRED
P08273,Laptop Stand,2026-06-04,2026-06-26 20:04:47,2028-09-19,AVAILABLE
P08274,Green Tea,2023-09-14,2023-10-13 13:05:40,2025-12-25,EXPIRED
P08275,Shampoo,2026-09-18,2026-10-02 08:30:04,2026-12-16,AVAILABLE
P08276,Notebook,2024-03-26,2024-04-07 05:28:21,2026-09-02,EXPIRED
P08277,Orange Juice,2023-10-04,2023-10-27 22:01:34,2025-03-24,EXPIRED
P08278,Power Bank,2024-01-30,2024-01-31 20:00:04,2026-04-30,EXPIRED
P08279,USB Cable,2026-07-25,2026-08-22 16:14:11,2027-02-25,AVAILABLE
P08280,Laptop Stand,2026-03-10,2026-04-09 01:03:53,2029-01-11,AVAILABLE
P08281,USB Cable,2025-02-23,2025-03-24 12:45:44,2026-09-24,AVAILABLE
P08282,Mechanical Keyboard,2026-01-31,2026-02-13 00:51:18,2026-12-30,AVAILABLE
P08283,Instant Coffee,2023-07-17,2023-07-30 15:08:13,2024-05-09,EXPIRED
P08284,Chocolate,2025-02-21,2025-03-20 23:16:17,2027-11-19,AVAILABLE
P08285,Mechanical Keyboard,2025-02-18,2025-02-20 12:03:27,2027-10-06,RESERVED
P08286,Instant Coffee,2025-10-03,2025-11-02 14:33:34,2026-10-04,AVAILABLE
P08287,Green Tea,2023-09-08,2023-09-26 03:02:03,2026-05-05,EXPIRED
P08288,Laptop Stand,2026-05-30,2026-05-31 16:42:16,2029-02-17,AVAILABLE
P08289,Laundry Detergent,2023-04-06,2023-04-30 03:41:06,2025-11-25,EXPIRED
P08290,Mechanical Keyboard,2024-12-07,2025-01-01 12:17:29,2027-06-02,RESERVED
P08291,Cereal,2026-01-09,2026-01-30 11:29:48,2028-02-24,AVAILABLE
P08292,Notebook,2023-02-13,2023-03-14 07:51:46,2024-06-17,EXPIRED
P08293,Mineral Water,2026-07-11,2026-07-26 23:20:40,2028-03-04,AVAILABLE
P08294,Ballpoint Pen,2023-06-20,2023-07-17 00:52:37,2024-10-07,EXPIRED
P08295,Hand Soap,2025-12-19,2025-12-29 17:45:54,2028-04-20,AVAILABLE
P08296,Laptop Stand,2024-03-20,2024-04-14 01:34:00,2025-12-01,EXPIRED
P08297,Cereal,2024-03-14,2024-03-21 08:56:13,2024-06-02,EXPIRED
P08298,Green Tea,2026-06-07,2026-07-04 17:11:01,2029-02-09,AVAILABLE
P08299,Wireless Mouse,2023-02-18,2023-02-23 12:49:29,2025-03-04,EXPIRED
P08300,Cereal,2024-06-20,2024-07-05 11:12:51,2026-12-26,AVAILABLE
P08301,USB Cable,2025-05-19,2025-05-26 16:08:21,2025-11-30,EXPIRED
P08302,Power Bank,2025-08-22,2025-09-19 04:52:40,2026-11-09,AVAILABLE
P08303,Water Bottle,2024-12-15,2025-01-01 05:05:30,2026-01-07,EXPIRED
P08304,Mineral Water,2024-04-06,2024-04-28 07:55:01,2024-08-22,EXPIRED
P08305,Green Tea,2026-02-07,2026-03-09 20:40:00,2029-01-27,RESERVED
P08306,Shampoo,2023-06-11,2023-06-15 05:49:23,2026-05-04,EXPIRED
P08307,Wireless Mouse,2024-09-11,2024-09-21 22:56:14,2025-02-11,EXPIRED
P08308,Mineral Water,2024-10-14,2024-11-05 14:59:30,2025-07-30,EXPIRED
P08309,USB Cable,2023-07-24,2023-07-29 14:06:44,2025-11-28,EXPIRED
P08310,Dish Soap,2023-08-05,2023-08-06 18:33:57,2024-03-16,EXPIRED
P08311,Toothpaste,2025-05-01,2025-05-30 13:14:58,2027-06-22,AVAILABLE
P08312,USB Cable,2024-11-14,2024-11-19 13:30:12,2027-06-26,AVAILABLE
P08313,USB Cable,2023-01-26,2023-02-10 00:59:25,2025-06-14,EXPIRED
P08314,Dish Soap,2026-08-13,2026-08-27 08:26:47,2028-06-02,AVAILABLE
P08315,Chocolate,2025-08-26,2025-09-24 07:22:55,2027-06-23,AVAILABLE
P08316,Laundry Detergent,2026-03-11,2026-03-22 06:40:29,2027-11-28,AVAILABLE
P08317,Cereal,2023-12-20,2023-12-31 14:28:59,2026-03-06,EXPIRED
P08318,Laundry Detergent,2026-04-08,2026-05-05 18:40:44,2029-02-07,RESERVED
P08319,Hand Soap,2024-03-28,2024-04-19 18:23:05,2026-06-30,EXPIRED
P08320,Mineral Water,2023-03-11,2023-03-19 23:10:42,2024-09-01,EXPIRED
P08321,Hand Soap,2023-03-03,2023-03-07 08:43:46,2023-05-06,EXPIRED
P08322,Ballpoint Pen,2024-12-23,2025-01-15 20:03:43,2027-07-11,RESERVED
P08323,USB Cable,2024-12-20,2025-01-10 03:39:39,2027-03-08,RESERVED
P08324,Instant Coffee,2023-10-16,2023-10-24 01:41:19,2026-08-09,EXPIRED
P08325,Hand Soap,2023-11-06,2023-11-17 22:37:26,2024-05-08,EXPIRED
P08326,USB Cable,2025-01-10,2025-01-31 20:38:45,2027-01-15,RESERVED
P08327,Instant Coffee,2024-04-16,2024-05-12 16:49:18,2024-11-19,EXPIRED
P08328,Mineral Water,2023-09-15,2023-10-15 21:52:37,2023-11-19,EXPIRED
P08329,Shampoo,2024-01-15,2024-02-02 23:48:32,2024-08-10,EXPIRED
P08330,Cereal,2025-04-16,2025-04-29 01:42:53,2026-06-15,EXPIRED
P08331,Wireless Mouse,2026-03-25,2026-04-12 01:22:05,2027-07-09,AVAILABLE
P08332,Water Bottle,2024-07-15,2024-08-11 18:13:26,2026-01-07,EXPIRED
P08333,Cereal,2025-06-10,2025-06-27 01:44:59,2028-04-26,AVAILABLE
P08334,Ballpoint Pen,2026-07-12,2026-08-11 07:18:31,2027-06-03,AVAILABLE
P08335,Green Tea,2023-07-12,2023-08-04 13:29:24,2024-06-01,EXPIRED
P08336,Power Bank,2026-01-04,2026-01-20 23:18:15,2026-03-17,EXPIRED
P08337,Ballpoint Pen,2025-04-13,2025-04-23 15:19:08,2026-06-28,EXPIRED
P08338,Bluetooth Speaker,2025-03-11,2025-03-28 07:46:19,2027-12-25,AVAILABLE
P08339,Ballpoint Pen,2026-07-31,2026-08-06 18:54:21,2027-03-31,AVAILABLE
P08340,Laptop Stand,2026-02-21,2026-03-16 18:02:35,2027-12-22,AVAILABLE
P08341,Green Tea,2025-12-13,2026-01-08 04:24:08,2028-06-27,AVAILABLE
P08342,Water Bottle,2024-04-02,2024-04-06 05:21:33,2024-11-14,EXPIRED
P08343,Bluetooth Speaker,2026-02-21,2026-03-23 14:25:25,2027-06-22,AVAILABLE
P08344,Wireless Mouse,2024-06-08,2024-07-04 03:39:28,2025-12-06,EXPIRED
P08345,Green Tea,2025-08-15,2025-08-29 10:45:11,2026-06-05,EXPIRED
P08346,Chocolate,2025-04-01,2025-04-29 19:25:33,2027-03-10,AVAILABLE
P08347,Shampoo,2026-04-28,2026-05-04 02:30:23,2026-10-22,AVAILABLE
P08348,Power Bank,2024-05-21,2024-06-02 22:42:09,2026-02-18,EXPIRED
P08349,Cereal,2024-06-17,2024-07-08 14:01:45,2026-05-17,EXPIRED
P08350,Wireless Mouse,2026-07-05,2026-07-06 11:51:56,2029-01-20,AVAILABLE
P08351,Cereal,2025-12-14,2025-12-16 15:26:26,2027-10-14,AVAILABLE
P08352,Toothpaste,2025-11-26,2025-12-06 03:14:34,2027-05-21,AVAILABLE
P08353,Laptop Stand,2025-07-23,2025-08-06 01:31:34,2026-12-16,AVAILABLE
P08354,Orange Juice,2026-05-27,2026-06-06 17:11:40,2027-03-14,AVAILABLE
P08355,Orange Juice,2023-09-17,2023-09-27 17:34:07,2025-12-17,EXPIRED
P08356,Wireless Mouse,2026-09-20,2026-09-27 11:51:15,2028-07-14,AVAILABLE
P08357,Hand Soap,2025-05-18,2025-06-10 11:19:26,2026-01-21,EXPIRED
P08358,Green Tea,2023-07-22,2023-07-26 20:49:37,2024-03-31,EXPIRED
P08359,Mechanical Keyboard,2026-09-01,2026-09-05 09:43:49,2029-05-05,AVAILABLE
P08360,Notebook,2026-08-05,2026-08-27 21:56:05,2027-08-16,AVAILABLE
P08361,Dish Soap,2026-08-28,2026-09-05 10:33:16,2028-04-25,AVAILABLE
P08362,Wireless Mouse,2023-07-22,2023-07-27 14:30:04,2024-05-24,EXPIRED
P08363,Toothpaste,2025-09-30,2025-10-23 03:58:20,2027-12-27,RESERVED
P08364,Dish Soap,2024-11-23,2024-11-30 19:00:53,2025-07-07,EXPIRED
P08365,Toothpaste,2024-07-31,2024-08-09 15:36:58,2026-01-28,EXPIRED
P08366,Wireless Mouse,2025-12-13,2025-12-14 21:12:01,2026-12-05,AVAILABLE
P08367,Notebook,2026-07-24,2026-07-26 12:16:52,2027-03-09,AVAILABLE
P08368,Ballpoint Pen,2025-03-07,2025-03-18 17:47:18,2025-06-12,EXPIRED
P08369,Bluetooth Speaker,2026-03-03,2026-03-11 14:26:16,2028-01-21,AVAILABLE
P08370,Shampoo,2026-08-03,2026-08-14 17:28:08,2026-10-01,AVAILABLE
P08371,Instant Coffee,2026-01-31,2026-03-01 12:20:26,2027-03-02,AVAILABLE
P08372,Mechanical Keyboard,2023-01-28,2023-02-15 00:23:37,2023-04-20,EXPIRED
P08373,Power Bank,2025-12-12,2026-01-06 17:32:00,2026-01-25,EXPIRED
P08374,Instant Coffee,2023-01-01,2023-01-02 10:59:12,2025-08-22,EXPIRED
P08375,Laundry Detergent,2023-11-11,2023-11-29 12:55:33,2026-08-18,EXPIRED
P08376,Laptop Stand,2026-09-04,2026-10-02 20:09:03,2027-10-29,AVAILABLE
P08377,Toothpaste,2023-05-25,2023-05-27 17:04:57,2025-11-08,EXPIRED
P08378,Notebook,2023-12-15,2023-12-21 06:55:45,2026-08-28,EXPIRED
P08379,Mineral Water,2026-08-19,2026-09-01 05:07:23,2028-03-22,AVAILABLE
P08380,Orange Juice,2023-05-19,2023-06-07 17:03:28,2023-06-23,EXPIRED
P08381,Bluetooth Speaker,2025-07-19,2025-08-12 04:39:42,2026-07-25,EXPIRED
P08382,Ballpoint Pen,2024-09-23,2024-10-21 04:42:35,2027-02-07,AVAILABLE
P08383,Cereal,2026-01-06,2026-01-31 07:19:37,2027-01-14,RESERVED
P08384,Mineral Water,2024-02-15,2024-03-04 18:49:57,2026-12-09,RESERVED
P08385,Green Tea,2026-06-15,2026-06-26 11:38:05,2026-10-31,AVAILABLE
P08386,Bluetooth Speaker,2024-04-15,2024-04-23 11:23:54,2027-03-13,AVAILABLE
P08387,Toothpaste,2023-11-01,2023-11-30 16:41:14,2025-05-21,EXPIRED
P08388,Mineral Water,2026-09-03,2026-09-10 20:33:52,2027-04-20,AVAILABLE
P08389,USB Cable,2026-09-19,2026-10-09 00:22:20,2029-07-14,AVAILABLE
P08390,Water Bottle,2023-02-07,2023-03-02 20:09:37,2025-06-24,EXPIRED
P08391,USB Cable,2024-07-10,2024-08-03 18:38:42,2024-12-03,EXPIRED
P08392,Ballpoint Pen,2024-09-01,2024-09-04 13:29:36,2026-08-03,EXPIRED
P08393,Laptop Stand,2026-08-28,2026-08-30 05:29:38,2029-08-02,AVAILABLE
P08394,Power Bank,2024-07-16,2024-07-27 08:59:34,2025-01-27,EXPIRED
P08395,USB Cable,2026-02-25,2026-03-17 03:30:40,2027-02-21,AVAILABLE
P08396,Green Tea,2024-11-21,2024-12-17 16:19:34,2027-09-07,AVAILABLE
P08397,Notebook,2024-06-11,2024-06-13 01:36:55,2025-07-02,EXPIRED
P08398,Shampoo,2024-01-12,2024-01-30 16:25:22,2024-03-27,EXPIRED
P08399,Hand Soap,2026-09-07,2026-09-13 00:53:03,2026-11-22,AVAILABLE
P08400,Toothpaste,2023-02-12,2023-02-15 18:57:31,2024-10-18,EXPIRED
P08401,Water Bottle,2026-09-08,2026-09-30 10:28:20,2027-08-04,RESERVED
P08402,Ballpoint Pen,2023-09-21,2023-10-02 11:52:57,2025-11-24,EXPIRED
P08403,Shampoo,2025-10-21,2025-10-22 22:44:35,2027-05-23,AVAILABLE
P08404,Ballpoint Pen,2023-01-28,2023-01-29 03:21:44,2023-10-12,EXPIRED
P08405,Bluetooth Speaker,2024-03-08,2024-03-21 04:17:45,2025-04-25,EXPIRED
P08406,Chocolate,2026-06-25,2026-07-16 21:18:50,2029-04-10,RESERVED
P08407,Mechanical Keyboard,2023-01-10,2023-01-15 11:07:36,2023-05-01,EXPIRED
P08408,Mineral Water,2026-08-25,2026-09-09 04:19:44,2028-03-28,AVAILABLE
P08409,Mechanical Keyboard,2026-06-26,2026-07-08 15:44:31,2027-06-17,AVAILABLE
P08410,Laundry Detergent,2025-09-08,2025-09-24 09:29:24,2027-02-17,AVAILABLE
P08411,Laundry Detergent,2024-03-11,2024-03-22 14:08:42,2024-06-09,EXPIRED
P08412,Ballpoint Pen,2023-07-13,2023-08-10 21:03:02,2025-12-14,EXPIRED
P08413,Instant Coffee,2024-06-30,2024-07-21 14:19:40,2025-01-10,EXPIRED
P08414,Dish Soap,2023-01-30,2023-02-26 08:56:49,2023-12-01,EXPIRED
P08415,Mechanical Keyboard,2023-11-12,2023-11-18 06:00:20,2026-08-14,EXPIRED
P08416,Orange Juice,2025-07-24,2025-08-01 06:49:52,2028-01-26,AVAILABLE
P08417,Laptop Stand,2025-10-23,2025-11-20 15:24:22,2028-05-30,AVAILABLE
P08418,Orange Juice,2024-12-11,2024-12-16 10:32:26,2026-11-04,AVAILABLE
P08419,Laundry Detergent,2025-01-07,2025-01-08 23:27:48,2027-04-04,AVAILABLE
P08420,Dish Soap,2025-09-03,2025-09-20 05:42:25,2027-06-29,AVAILABLE
P08421,Hand Soap,2023-08-17,2023-08-25 01:03:03,2024-09-09,EXPIRED
P08422,Cereal,2024-12-22,2024-12-31 12:41:16,2026-12-19,AVAILABLE
P08423,Instant Coffee,2024-08-08,2024-08-23 19:32:22,2025-06-13,EXPIRED
P08424,Notebook,2024-06-27,2024-07-18 20:32:18,2026-03-08,EXPIRED
P08425,Toothpaste,2023-01-13,2023-01-23 03:44:44,2024-11-10,EXPIRED
P08426,Orange Juice,2023-03-14,2023-03-25 21:47:24,2024-06-20,EXPIRED
P08427,Water Bottle,2025-09-14,2025-09-16 13:38:58,2027-08-30,RESERVED
P08428,Power Bank,2023-05-15,2023-06-01 03:37:25,2024-02-16,EXPIRED
P08429,Water Bottle,2025-12-31,2026-01-21 14:54:55,2028-02-14,RESERVED
P08430,Ballpoint Pen,2024-12-14,2024-12-25 18:17:10,2026-01-12,EXPIRED
P08431,Notebook,2025-12-10,2025-12-14 21:12:15,2026-11-15,AVAILABLE
P08432,USB Cable,2026-06-15,2026-07-07 19:29:54,2029-02-15,RESERVED
P08433,USB Cable,2023-06-15,2023-07-02 00:55:06,2025-08-25,EXPIRED
P08434,Toothpaste,2025-08-01,2025-08-11 06:24:03,2027-02-22,AVAILABLE
P08435,Ballpoint Pen,2023-01-06,2023-02-03 18:33:21,2023-12-19,EXPIRED
P08436,Toothpaste,2023-07-23,2023-08-01 07:43:26,2025-02-27,EXPIRED
P08437,Hand Soap,2024-06-01,2024-06-21 06:40:19,2027-03-10,AVAILABLE
P08438,Dish Soap,2025-12-28,2026-01-16 06:45:32,2028-05-31,AVAILABLE
P08439,Mineral Water,2026-07-18,2026-08-11 02:44:59,2029-04-27,AVAILABLE
P08440,Mineral Water,2024-09-20,2024-10-14 10:33:43,2025-02-11,EXPIRED
P08441,Laundry Detergent,2024-08-22,2024-08-29 02:50:39,2027-01-17,RESERVED
P08442,Cereal,2023-11-29,2023-12-23 02:57:44,2026-07-01,EXPIRED
P08443,Notebook,2023-03-16,2023-04-06 00:55:20,2024-05-15,EXPIRED
P08444,USB Cable,2023-10-02,2023-10-16 00:23:20,2026-07-31,EXPIRED
P08445,Chocolate,2023-05-08,2023-05-13 20:51:34,2025-02-14,EXPIRED
P08446,Cereal,2026-06-26,2026-07-08 17:48:28,2028-12-09,AVAILABLE
P08447,Cereal,2025-02-05,2025-02-24 03:40:10,2027-07-06,AVAILABLE
P08448,USB Cable,2024-04-10,2024-04-12 15:33:15,2026-11-19,AVAILABLE
P08449,Power Bank,2025-12-01,2025-12-24 22:15:22,2027-09-20,AVAILABLE
P08450,Laptop Stand,2024-04-28,2024-05-23 23:16:20,2025-05-16,EXPIRED
P08451,Water Bottle,2023-12-28,2024-01-23 11:44:33,2024-05-20,EXPIRED
P08452,Laptop Stand,2024-08-14,2024-08-26 10:53:31,2025-02-18,EXPIRED
P08453,Power Bank,2025-02-23,2025-03-01 22:29:17,2026-05-24,EXPIRED
P08454,Cereal,2023-07-30,2023-08-29 09:38:08,2026-07-17,EXPIRED
P08455,Shampoo,2024-02-16,2024-02-21 15:44:03,2025-01-26,EXPIRED
P08456,Water Bottle,2023-07-24,2023-08-08 08:40:57,2023-10-30,EXPIRED
P08457,Bluetooth Speaker,2025-12-10,2026-01-03 02:02:24,2026-01-14,EXPIRED
P08458,Hand Soap,2025-03-05,2025-03-13 09:17:13,2026-06-03,EXPIRED
P08459,Green Tea,2025-04-30,2025-05-01 05:41:56,2027-07-07,AVAILABLE
P08460,Instant Coffee,2025-01-20,2025-02-02 08:04:45,2027-05-26,RESERVED
P08461,Laptop Stand,2026-04-28,2026-05-24 17:42:31,2026-08-13,EXPIRED
P08462,Laptop Stand,2024-11-08,2024-11-13 03:23:46,2025-06-06,EXPIRED
P08463,Green Tea,2026-08-03,2026-08-27 07:22:54,2027-03-16,AVAILABLE
P08464,Bluetooth Speaker,2026-08-23,2026-08-30 21:24:59,2029-07-27,AVAILABLE
P08465,Mechanical Keyboard,2024-06-23,2024-07-17 23:50:42,2026-04-22,EXPIRED
P08466,Laundry Detergent,2025-01-14,2025-01-20 12:03:40,2025-11-30,EXPIRED
P08467,Instant Coffee,2024-11-14,2024-11-24 20:30:09,2025-11-24,EXPIRED
P08468,Green Tea,2023-03-14,2023-04-12 10:59:46,2025-04-19,EXPIRED
P08469,Instant Coffee,2023-04-04,2023-04-29 12:57:04,2023-12-27,EXPIRED
P08470,Instant Coffee,2026-06-09,2026-06-10 00:17:23,2027-04-11,AVAILABLE
P08471,Orange Juice,2026-07-23,2026-07-29 06:17:03,2029-06-24,AVAILABLE
P08472,Mechanical Keyboard,2025-02-05,2025-02-19 17:50:57,2026-06-11,EXPIRED
P08473,Instant Coffee,2024-11-15,2024-11-27 11:25:15,2027-10-23,AVAILABLE
P08474,Notebook,2026-02-10,2026-02-13 16:49:09,2027-08-27,AVAILABLE
P08475,Ballpoint Pen,2026-02-28,2026-03-25 14:19:33,2028-06-04,AVAILABLE
P08476,Laundry Detergent,2023-03-28,2023-03-30 11:45:23,2026-01-21,EXPIRED
P08477,Water Bottle,2024-02-19,2024-03-20 16:00:29,2024-12-02,EXPIRED
P08478,Mineral Water,2026-07-13,2026-07-26 00:36:43,2028-03-25,AVAILABLE
P08479,Chocolate,2024-05-30,2024-06-14 11:01:06,2027-01-16,AVAILABLE
P08480,Wireless Mouse,2024-11-13,2024-11-27 21:53:25,2026-11-23,AVAILABLE
P08481,Dish Soap,2026-05-04,2026-05-29 19:40:47,2026-08-21,EXPIRED
P08482,Mineral Water,2024-10-23,2024-11-10 12:55:37,2027-09-05,RESERVED
P08483,Bluetooth Speaker,2023-12-02,2023-12-09 05:18:11,2024-03-27,EXPIRED
P08484,Green Tea,2024-05-06,2024-05-07 01:25:15,2024-10-14,EXPIRED
P08485,Notebook,2023-08-04,2023-09-01 01:52:27,2026-04-21,EXPIRED
P08486,Power Bank,2024-05-19,2024-06-01 07:21:37,2024-11-25,EXPIRED
P08487,USB Cable,2024-09-08,2024-10-01 04:53:03,2025-08-19,EXPIRED
P08488,Laundry Detergent,2025-03-25,2025-03-29 04:52:09,2026-07-10,EXPIRED
P08489,Laptop Stand,2026-02-08,2026-02-22 21:54:58,2026-11-12,AVAILABLE
P08490,Wireless Mouse,2023-09-27,2023-10-18 09:59:21,2025-06-28,EXPIRED
P08491,Bluetooth Speaker,2023-10-26,2023-11-04 23:38:09,2024-11-08,EXPIRED
P08492,Chocolate,2024-05-06,2024-05-07 04:14:44,2025-03-01,EXPIRED
P08493,Mechanical Keyboard,2023-01-31,2023-02-01 03:12:08,2025-09-03,EXPIRED
P08494,Dish Soap,2026-05-21,2026-05-27 17:42:43,2027-05-15,AVAILABLE
P08495,Instant Coffee,2024-11-12,2024-11-14 20:37:53,2027-09-08,AVAILABLE
P08496,Power Bank,2024-04-22,2024-05-03 07:48:10,2026-03-13,EXPIRED
P08497,Mineral Water,2023-08-27,2023-09-17 15:26:11,2025-04-22,EXPIRED
P08498,Dish Soap,2024-07-16,2024-07-30 23:31:51,2026-09-23,AVAILABLE
P08499,Mechanical Keyboard,2026-01-05,2026-01-30 19:55:29,2028-08-30,AVAILABLE
P08500,Orange Juice,2024-03-17,2024-03-30 02:57:17,2024-04-23,EXPIRED
P08501,Laundry Detergent,2024-01-23,2024-01-24 20:29:02,2024-06-11,EXPIRED
P08502,Mineral Water,2024-05-18,2024-06-16 07:24:03,2025-03-07,EXPIRED
P08503,Hand Soap,2024-01-20,2024-02-19 03:46:21,2026-07-04,EXPIRED
P08504,Hand Soap,2023-12-02,2023-12-16 02:31:47,2025-02-09,EXPIRED
P08505,Shampoo,2024-01-19,2024-02-07 04:18:20,2026-10-08,RESERVED
P08506,Toothpaste,2025-07-20,2025-07-27 17:46:47,2026-08-27,EXPIRED
P08507,Chocolate,2024-02-02,2024-02-19 04:04:17,2026-08-05,EXPIRED
P08508,Laptop Stand,2026-05-01,2026-05-07 05:11:10,2027-08-30,AVAILABLE
P08509,Dish Soap,2023-06-19,2023-06-26 16:59:20,2024-07-14,EXPIRED
P08510,Laptop Stand,2024-03-21,2024-04-01 19:01:24,2025-02-10,EXPIRED
P08511,Hand Soap,2023-02-26,2023-03-23 18:55:45,2024-11-13,EXPIRED
P08512,Mechanical Keyboard,2023-07-16,2023-07-25 09:04:10,2025-05-13,EXPIRED
P08513,Cereal,2023-11-25,2023-12-01 18:09:16,2026-01-20,EXPIRED
P08514,Mineral Water,2025-06-25,2025-07-17 00:33:42,2026-10-19,AVAILABLE
P08515,Instant Coffee,2026-08-12,2026-08-24 01:17:26,2027-07-28,RESERVED
P08516,Ballpoint Pen,2024-01-23,2024-01-30 20:29:17,2024-10-10,EXPIRED
P08517,Orange Juice,2024-02-07,2024-03-06 10:35:52,2025-06-30,EXPIRED
P08518,Water Bottle,2025-12-05,2025-12-20 16:41:37,2028-01-21,AVAILABLE
P08519,USB Cable,2026-06-02,2026-06-03 10:15:48,2026-09-06,EXPIRED
P08520,Notebook,2026-08-01,2026-08-25 08:21:35,2029-05-14,AVAILABLE
P08521,Notebook,2024-12-08,2024-12-10 16:44:11,2026-12-15,AVAILABLE
P08522,Bluetooth Speaker,2024-04-05,2024-04-11 23:44:43,2025-05-31,EXPIRED
P08523,Wireless Mouse,2023-01-12,2023-01-28 00:35:26,2023-07-04,EXPIRED
P08524,Laundry Detergent,2025-06-11,2025-07-01 09:32:52,2027-03-13,AVAILABLE
P08525,Toothpaste,2024-08-06,2024-08-21 23:40:48,2026-08-22,EXPIRED
P08526,Laptop Stand,2026-06-23,2026-06-27 08:35:15,2028-08-12,RESERVED
P08527,Mineral Water,2025-01-13,2025-01-15 17:40:49,2027-04-03,AVAILABLE
P08528,Bluetooth Speaker,2023-10-13,2023-10-28 21:00:47,2024-10-30,EXPIRED
P08529,Cereal,2023-09-24,2023-10-16 21:23:51,2025-04-17,EXPIRED
P08530,Power Bank,2023-08-15,2023-09-08 21:03:57,2025-10-06,EXPIRED
P08531,Orange Juice,2025-04-20,2025-04-26 20:19:04,2026-03-08,EXPIRED
P08532,Shampoo,2026-09-13,2026-09-27 14:26:57,2029-08-17,AVAILABLE
P08533,Notebook,2024-06-27,2024-06-29 23:20:36,2026-10-28,AVAILABLE
P08534,Hand Soap,2023-03-14,2023-03-22 06:27:52,2024-10-10,EXPIRED
P08535,Laptop Stand,2024-08-14,2024-09-10 10:48:12,2025-07-29,EXPIRED
P08536,Wireless Mouse,2025-05-30,2025-06-10 08:54:46,2026-10-02,AVAILABLE
P08537,Shampoo,2026-07-22,2026-07-25 09:14:19,2026-12-19,RESERVED
P08538,Water Bottle,2025-09-06,2025-09-09 11:09:56,2027-04-04,AVAILABLE
P08539,Power Bank,2023-03-30,2023-04-19 02:21:43,2025-08-18,EXPIRED
P08540,Laundry Detergent,2024-05-21,2024-06-11 00:39:58,2026-07-07,EXPIRED
P08541,Instant Coffee,2023-06-09,2023-07-03 05:10:23,2024-06-07,EXPIRED
P08542,Mineral Water,2024-07-18,2024-08-06 14:18:28,2027-03-24,AVAILABLE
P08543,Shampoo,2025-06-16,2025-07-07 20:42:24,2027-03-02,AVAILABLE
P08544,Laptop Stand,2025-11-02,2025-11-16 20:59:55,2027-03-23,AVAILABLE
P08545,Toothpaste,2026-09-11,2026-10-05 00:29:33,2027-03-22,RESERVED
P08546,Mechanical Keyboard,2023-05-22,2023-06-15 01:06:08,2025-02-12,EXPIRED
P08547,Chocolate,2025-12-08,2026-01-02 00:23:25,2027-09-07,AVAILABLE
P08548,Power Bank,2023-08-19,2023-09-12 16:30:19,2023-10-28,EXPIRED
P08549,Wireless Mouse,2024-07-26,2024-08-04 18:04:52,2024-12-14,EXPIRED
P08550,Mechanical Keyboard,2025-06-18,2025-06-24 22:12:44,2025-12-11,EXPIRED
P08551,Chocolate,2026-03-13,2026-03-19 00:18:36,2027-06-11,AVAILABLE
P08552,Shampoo,2024-08-15,2024-08-17 08:05:08,2025-02-11,EXPIRED
P08553,Mechanical Keyboard,2025-07-27,2025-07-29 21:54:17,2026-10-23,AVAILABLE
P08554,Wireless Mouse,2024-12-13,2024-12-25 00:13:05,2027-01-28,RESERVED
P08555,Dish Soap,2025-11-17,2025-12-02 17:20:02,2028-02-17,AVAILABLE
P08556,Wireless Mouse,2025-05-31,2025-06-15 11:41:07,2026-12-29,AVAILABLE
P08557,Green Tea,2025-12-05,2025-12-13 11:59:04,2027-11-15,AVAILABLE
P08558,Wireless Mouse,2026-03-06,2026-03-18 03:17:46,2026-12-30,AVAILABLE
P08559,Hand Soap,2023-04-16,2023-05-08 04:04:21,2024-08-29,EXPIRED
P08560,Laundry Detergent,2025-03-06,2025-03-10 03:21:07,2025-12-01,EXPIRED
P08561,USB Cable,2025-06-08,2025-06-14 23:30:54,2026-01-21,EXPIRED
P08562,Green Tea,2024-03-01,2024-03-26 11:39:12,2025-09-21,EXPIRED
P08563,Power Bank,2023-03-15,2023-03-28 03:41:54,2025-08-24,EXPIRED
P08564,Cereal,2023-01-22,2023-02-12 08:44:55,2025-12-08,EXPIRED
P08565,Laptop Stand,2024-10-12,2024-10-24 06:07:54,2025-01-23,EXPIRED
P08566,Hand Soap,2024-02-14,2024-03-01 02:11:09,2024-03-29,EXPIRED
P08567,Toothpaste,2023-10-25,2023-11-05 23:02:34,2025-08-12,EXPIRED
P08568,Cereal,2023-12-29,2024-01-08 00:35:33,2026-07-10,EXPIRED
P08569,Mechanical Keyboard,2026-06-02,2026-06-16 21:37:08,2028-04-12,AVAILABLE
P08570,Instant Coffee,2025-04-14,2025-04-16 03:43:00,2026-09-12,EXPIRED
P08571,USB Cable,2026-04-24,2026-04-28 22:53:17,2026-09-21,AVAILABLE
P08572,Ballpoint Pen,2026-06-05,2026-06-27 16:07:10,2029-01-15,RESERVED
P08573,Power Bank,2026-04-17,2026-04-22 21:44:54,2027-05-30,AVAILABLE
P08574,Dish Soap,2025-07-05,2025-08-02 09:46:04,2027-06-21,RESERVED
P08575,Notebook,2024-06-10,2024-06-30 04:51:22,2026-01-03,EXPIRED
P08576,Water Bottle,2024-09-02,2024-09-25 10:52:02,2025-08-02,EXPIRED
P08577,Mineral Water,2025-05-23,2025-06-01 20:11:30,2026-11-01,AVAILABLE
P08578,Shampoo,2026-07-04,2026-07-24 12:53:27,2028-02-24,AVAILABLE
P08579,USB Cable,2023-06-20,2023-06-22 10:04:49,2024-07-04,EXPIRED
P08580,Notebook,2026-08-04,2026-08-28 04:44:56,2029-04-19,AVAILABLE
P08581,Green Tea,2024-01-23,2024-01-24 23:27:31,2026-10-13,AVAILABLE
P08582,Ballpoint Pen,2025-11-24,2025-12-02 21:24:29,2028-07-20,AVAILABLE
P08583,USB Cable,2023-01-24,2023-02-09 00:32:44,2023-11-25,EXPIRED
P08584,Green Tea,2023-04-21,2023-05-08 19:50:14,2025-05-24,EXPIRED
P08585,USB Cable,2024-03-24,2024-03-31 23:48:06,2026-04-20,EXPIRED
P08586,Toothpaste,2026-03-26,2026-04-01 01:35:11,2027-09-16,AVAILABLE
P08587,Mineral Water,2023-06-21,2023-07-18 22:24:41,2024-06-20,EXPIRED
P08588,Wireless Mouse,2023-06-18,2023-07-03 04:37:51,2025-05-14,EXPIRED
P08589,Power Bank,2023-10-15,2023-10-28 20:53:55,2026-02-12,EXPIRED
P08590,Mechanical Keyboard,2026-02-25,2026-03-27 13:37:27,2026-11-08,AVAILABLE
P08591,Wireless Mouse,2026-02-09,2026-02-18 00:43:15,2026-05-05,EXPIRED
P08592,Notebook,2024-01-05,2024-01-27 20:42:30,2026-04-14,EXPIRED
P08593,Hand Soap,2024-03-19,2024-04-13 13:01:49,2026-08-20,EXPIRED
P08594,Instant Coffee,2024-02-28,2024-03-06 18:38:41,2026-03-08,EXPIRED
P08595,Mechanical Keyboard,2025-03-12,2025-03-25 22:25:41,2028-01-16,AVAILABLE
P08596,Wireless Mouse,2024-11-28,2024-12-10 00:33:41,2025-02-20,EXPIRED
P08597,Mechanical Keyboard,2024-11-26,2024-12-23 01:43:38,2025-04-14,EXPIRED
P08598,Laundry Detergent,2024-03-22,2024-03-24 13:40:39,2025-05-08,EXPIRED
P08599,Orange Juice,2023-04-09,2023-05-02 22:37:48,2026-03-08,EXPIRED
P08600,Mechanical Keyboard,2024-12-20,2025-01-01 13:59:18,2026-10-19,AVAILABLE
P08601,Notebook,2026-03-21,2026-04-14 09:49:04,2027-01-04,AVAILABLE
P08602,Water Bottle,2025-05-05,2025-05-08 12:03:23,2025-06-30,EXPIRED
P08603,Laptop Stand,2026-05-06,2026-05-27 18:39:02,2028-11-22,AVAILABLE
P08604,USB Cable,2026-04-05,2026-04-09 20:32:07,2028-01-30,AVAILABLE
P08605,Laundry Detergent,2024-03-07,2024-03-21 15:33:16,2024-05-05,EXPIRED
P08606,Instant Coffee,2023-10-02,2023-10-29 02:28:28,2025-05-25,EXPIRED
P08607,Notebook,2023-07-11,2023-07-15 15:27:28,2025-06-21,EXPIRED
P08608,Orange Juice,2023-02-17,2023-03-12 21:50:02,2024-10-10,EXPIRED
P08609,Water Bottle,2025-10-08,2025-10-19 20:55:12,2026-06-10,EXPIRED
P08610,Cereal,2025-07-01,2025-07-13 20:42:55,2026-04-27,EXPIRED
P08611,Laptop Stand,2026-06-25,2026-07-06 01:45:34,2027-12-14,AVAILABLE
P08612,Mineral Water,2023-03-15,2023-04-14 06:37:03,2024-06-23,EXPIRED
P08613,Shampoo,2025-10-12,2025-10-22 17:27:28,2027-11-18,AVAILABLE
P08614,Hand Soap,2025-01-22,2025-02-19 06:49:50,2026-12-18,AVAILABLE
P08615,Cereal,2024-05-23,2024-06-01 21:44:31,2026-01-25,EXPIRED
P08616,Water Bottle,2026-05-10,2026-06-09 04:31:00,2029-05-05,AVAILABLE
P08617,Laptop Stand,2023-04-27,2023-05-12 17:02:48,2023-07-18,EXPIRED
P08618,Water Bottle,2025-10-05,2025-10-23 02:54:00,2026-06-28,EXPIRED
P08619,Wireless Mouse,2024-05-25,2024-06-15 04:51:55,2024-07-05,EXPIRED
P08620,Dish Soap,2023-11-08,2023-12-06 07:16:58,2024-06-23,EXPIRED
P08621,Mineral Water,2023-01-20,2023-02-09 21:39:01,2025-09-26,EXPIRED
P08622,Orange Juice,2025-09-28,2025-10-21 16:34:51,2027-10-22,AVAILABLE
P08623,Mineral Water,2025-03-27,2025-03-30 18:01:31,2027-07-16,AVAILABLE
P08624,Chocolate,2024-06-28,2024-07-27 19:03:17,2025-10-28,EXPIRED
P08625,Notebook,2024-08-14,2024-09-07 21:45:57,2026-12-08,RESERVED
P08626,USB Cable,2025-06-08,2025-06-29 04:08:44,2026-06-18,EXPIRED
P08627,Toothpaste,2025-06-28,2025-07-03 13:06:01,2027-06-25,AVAILABLE
P08628,Mechanical Keyboard,2023-12-13,2024-01-06 12:01:47,2025-01-14,EXPIRED
P08629,Dish Soap,2026-08-23,2026-09-02 13:22:46,2028-07-31,AVAILABLE
P08630,Bluetooth Speaker,2023-07-06,2023-07-29 16:37:20,2025-09-27,EXPIRED
P08631,Laundry Detergent,2025-11-04,2025-11-30 12:57:16,2027-02-21,AVAILABLE
P08632,Notebook,2025-07-10,2025-07-19 11:12:56,2025-12-16,EXPIRED
P08633,Laundry Detergent,2023-03-29,2023-04-04 07:34:18,2025-10-16,EXPIRED
P08634,Shampoo,2023-06-22,2023-07-18 20:19:19,2024-12-25,EXPIRED
P08635,Instant Coffee,2024-04-04,2024-04-26 21:49:28,2025-08-21,EXPIRED
P08636,Mineral Water,2026-08-12,2026-09-02 01:39:54,2027-01-15,AVAILABLE
P08637,Cereal,2025-06-16,2025-06-27 07:49:47,2028-02-29,AVAILABLE
P08638,Chocolate,2025-06-25,2025-07-08 06:06:33,2026-10-14,RESERVED
P08639,Green Tea,2024-01-04,2024-01-27 18:01:00,2024-12-23,EXPIRED
P08640,Chocolate,2026-04-30,2026-05-06 20:31:34,2028-04-29,AVAILABLE
P08641,Water Bottle,2024-08-27,2024-09-09 23:42:05,2026-07-07,EXPIRED
P08642,USB Cable,2023-11-23,2023-11-27 13:31:25,2024-01-01,EXPIRED
P08643,Dish Soap,2026-05-31,2026-06-14 01:05:01,2028-08-12,AVAILABLE
P08644,Cereal,2025-11-01,2025-11-30 19:28:32,2026-10-24,RESERVED
P08645,Chocolate,2023-09-23,2023-10-17 11:54:26,2025-10-30,EXPIRED
P08646,Laundry Detergent,2023-09-25,2023-10-20 18:13:35,2025-08-30,EXPIRED
P08647,Green Tea,2026-07-31,2026-08-30 01:40:42,2028-05-06,RESERVED
P08648,Chocolate,2026-07-06,2026-07-17 00:44:14,2028-10-30,AVAILABLE
P08649,Dish Soap,2024-02-11,2024-03-06 08:24:24,2024-04-27,EXPIRED
P08650,Dish Soap,2023-09-03,2023-09-12 09:38:33,2025-12-12,EXPIRED
P08651,Mechanical Keyboard,2023-10-09,2023-10-29 22:25:50,2025-09-15,EXPIRED
P08652,Instant Coffee,2024-01-11,2024-02-02 17:45:57,2025-05-11,EXPIRED
P08653,USB Cable,2024-12-06,2024-12-28 06:01:30,2025-02-08,EXPIRED
P08654,Toothpaste,2026-05-15,2026-06-10 03:39:02,2028-01-31,RESERVED
P08655,Dish Soap,2025-10-13,2025-10-30 13:01:04,2027-11-17,AVAILABLE
P08656,Dish Soap,2026-07-29,2026-08-24 07:58:15,2028-03-17,AVAILABLE
P08657,USB Cable,2024-01-03,2024-01-23 16:09:38,2025-07-01,EXPIRED
P08658,Orange Juice,2024-07-13,2024-08-07 02:32:13,2025-09-24,EXPIRED
P08659,Hand Soap,2026-02-21,2026-03-10 03:19:41,2028-12-23,RESERVED
P08660,Chocolate,2023-10-24,2023-11-22 11:01:29,2025-08-15,EXPIRED
P08661,Instant Coffee,2025-12-13,2026-01-10 04:02:52,2027-02-25,AVAILABLE
P08662,Orange Juice,2023-05-02,2023-05-23 22:51:03,2025-11-24,EXPIRED
P08663,Dish Soap,2025-05-26,2025-06-10 14:55:21,2027-05-10,AVAILABLE
P08664,Mechanical Keyboard,2024-10-19,2024-10-26 23:20:30,2027-01-12,RESERVED
P08665,Mechanical Keyboard,2026-08-28,2026-09-05 12:54:28,2027-11-28,AVAILABLE
P08666,Mineral Water,2023-05-20,2023-05-29 05:16:30,2025-01-14,EXPIRED
P08667,USB Cable,2024-12-30,2025-01-24 02:53:27,2026-05-02,EXPIRED
P08668,Bluetooth Speaker,2026-06-15,2026-06-26 13:26:45,2026-11-23,RESERVED
P08669,Green Tea,2025-11-07,2025-12-06 22:10:44,2027-06-01,RESERVED
P08670,Instant Coffee,2025-05-03,2025-05-13 17:21:04,2027-11-27,AVAILABLE
P08671,Laptop Stand,2025-07-09,2025-07-31 11:47:31,2028-04-04,AVAILABLE
P08672,Mechanical Keyboard,2025-03-03,2025-03-06 08:55:58,2027-06-11,AVAILABLE
P08673,USB Cable,2025-10-05,2025-10-27 08:49:05,2027-12-17,AVAILABLE
P08674,Wireless Mouse,2023-05-04,2023-05-06 23:37:09,2025-04-03,EXPIRED
P08675,Shampoo,2025-11-12,2025-12-08 06:57:54,2027-10-18,AVAILABLE
P08676,Shampoo,2023-09-16,2023-10-01 16:15:40,2026-06-12,EXPIRED
P08677,Hand Soap,2025-09-07,2025-09-20 10:16:00,2026-07-08,EXPIRED
P08678,Instant Coffee,2024-09-01,2024-09-17 03:18:22,2025-05-23,EXPIRED
P08679,Water Bottle,2025-07-14,2025-07-23 21:56:00,2026-05-01,EXPIRED
P08680,Laundry Detergent,2026-08-19,2026-09-14 05:26:52,2028-09-16,RESERVED
P08681,Shampoo,2024-12-01,2024-12-07 18:14:58,2027-02-09,AVAILABLE
P08682,Orange Juice,2025-03-06,2025-03-12 14:23:48,2026-09-02,EXPIRED
P08683,Cereal,2024-06-13,2024-06-14 07:49:19,2027-05-23,AVAILABLE
P08684,Instant Coffee,2026-05-24,2026-06-08 11:39:22,2028-04-27,AVAILABLE
P08685,Mineral Water,2026-09-06,2026-09-16 20:10:11,2027-01-14,AVAILABLE
P08686,Green Tea,2025-06-16,2025-06-18 10:16:56,2026-12-30,AVAILABLE
P08687,Mineral Water,2025-01-03,2025-01-20 22:44:12,2025-02-24,EXPIRED
P08688,USB Cable,2026-02-25,2026-03-21 20:29:24,2027-02-26,AVAILABLE
P08689,Mechanical Keyboard,2024-07-12,2024-08-09 07:32:34,2026-06-20,EXPIRED
P08690,Bluetooth Speaker,2025-11-29,2025-12-14 02:54:56,2027-12-22,RESERVED
P08691,Dish Soap,2024-04-22,2024-05-01 20:41:49,2025-11-18,EXPIRED
P08692,Instant Coffee,2023-02-20,2023-02-25 18:39:44,2025-10-31,EXPIRED
P08693,Instant Coffee,2026-01-29,2026-02-09 09:17:55,2027-02-24,AVAILABLE
P08694,Mechanical Keyboard,2023-11-16,2023-12-06 08:52:56,2023-12-31,EXPIRED
P08695,Chocolate,2025-05-18,2025-06-04 16:24:44,2025-09-20,EXPIRED
P08696,Laundry Detergent,2025-07-13,2025-07-26 06:56:57,2027-01-16,RESERVED
P08697,Laptop Stand,2025-09-25,2025-10-01 09:28:51,2028-06-04,AVAILABLE
P08698,Power Bank,2024-12-19,2025-01-03 17:29:12,2027-09-28,AVAILABLE
P08699,USB Cable,2024-11-30,2024-12-29 13:07:53,2027-04-05,AVAILABLE
P08700,USB Cable,2025-09-28,2025-10-05 12:59:30,2026-04-21,EXPIRED
P08701,Instant Coffee,2025-12-16,2026-01-09 15:12:04,2027-09-04,AVAILABLE
P08702,Water Bottle,2023-06-04,2023-06-23 22:53:07,2025-09-25,EXPIRED
P08703,Shampoo,2025-04-30,2025-05-28 22:07:27,2026-05-12,EXPIRED
P08704,Chocolate,2026-09-15,2026-09-28 19:46:34,2029-03-16,AVAILABLE
P08705,Mineral Water,2023-12-19,2024-01-18 23:04:32,2024-10-27,EXPIRED
P08706,Laptop Stand,2024-10-01,2024-10-16 18:40:40,2025-11-06,EXPIRED
P08707,Bluetooth Speaker,2024-06-11,2024-06-27 12:41:56,2026-11-25,AVAILABLE
P08708,Mechanical Keyboard,2025-07-22,2025-07-26 12:53:28,2026-02-25,EXPIRED
P08709,Green Tea,2025-11-28,2025-12-20 18:22:29,2026-10-12,AVAILABLE
P08710,Toothpaste,2026-01-04,2026-01-16 22:11:12,2027-11-11,AVAILABLE
P08711,Ballpoint Pen,2025-10-26,2025-10-28 00:50:39,2026-12-17,AVAILABLE
P08712,USB Cable,2024-04-01,2024-04-26 14:15:16,2026-03-30,EXPIRED
P08713,Green Tea,2023-09-21,2023-10-01 15:53:55,2024-05-04,EXPIRED
P08714,USB Cable,2024-12-09,2025-01-07 10:33:11,2026-01-13,EXPIRED
P08715,USB Cable,2026-02-15,2026-02-19 18:21:05,2028-09-12,AVAILABLE
P08716,Ballpoint Pen,2023-01-04,2023-01-19 00:27:29,2025-09-26,EXPIRED
P08717,Shampoo,2026-05-25,2026-06-01 03:13:06,2028-09-02,AVAILABLE
P08718,Cereal,2024-05-14,2024-06-01 06:12:25,2026-02-09,EXPIRED
P08719,Laptop Stand,2024-12-15,2024-12-26 00:54:14,2027-01-22,AVAILABLE
P08720,Instant Coffee,2023-12-25,2024-01-21 23:05:02,2024-08-16,EXPIRED
P08721,Laptop Stand,2024-11-21,2024-12-01 22:25:28,2026-10-22,AVAILABLE
P08722,USB Cable,2024-08-21,2024-09-09 18:42:38,2026-09-23,AVAILABLE
P08723,Toothpaste,2025-08-23,2025-08-25 07:06:44,2028-06-01,AVAILABLE
P08724,Orange Juice,2025-05-27,2025-06-14 21:46:08,2027-07-23,AVAILABLE
P08725,Water Bottle,2024-01-18,2024-01-20 02:57:17,2025-05-05,EXPIRED
P08726,Cereal,2024-09-19,2024-10-01 12:51:58,2025-11-18,EXPIRED
P08727,Mineral Water,2025-08-22,2025-09-11 16:32:43,2027-01-05,AVAILABLE
P08728,Dish Soap,2025-06-06,2025-06-14 13:40:54,2027-03-13,RESERVED
P08729,Chocolate,2024-09-25,2024-10-24 18:32:56,2025-06-21,EXPIRED
P08730,Wireless Mouse,2026-09-17,2026-09-30 06:48:08,2029-02-07,AVAILABLE
P08731,Water Bottle,2026-03-02,2026-03-07 20:01:24,2026-05-18,EXPIRED
P08732,Green Tea,2023-10-15,2023-11-12 18:18:09,2024-08-27,EXPIRED
P08733,USB Cable,2023-07-03,2023-07-23 05:17:28,2025-01-20,EXPIRED
P08734,Water Bottle,2026-08-08,2026-09-02 20:21:03,2029-02-05,AVAILABLE
P08735,Hand Soap,2026-01-13,2026-02-11 05:03:36,2027-04-12,AVAILABLE
P08736,Hand Soap,2023-10-03,2023-10-31 03:06:08,2023-12-09,EXPIRED
P08737,Water Bottle,2025-11-13,2025-11-18 23:37:39,2028-10-12,AVAILABLE
P08738,Notebook,2026-05-05,2026-06-03 01:06:23,2026-06-09,EXPIRED
P08739,Orange Juice,2026-06-27,2026-07-09 09:31:27,2027-01-04,AVAILABLE
P08740,Laundry Detergent,2023-05-05,2023-05-29 20:24:32,2023-08-13,EXPIRED
P08741,Instant Coffee,2023-03-20,2023-03-30 23:54:01,2023-05-01,EXPIRED
P08742,Cereal,2024-07-07,2024-08-04 13:33:01,2025-01-15,EXPIRED
P08743,Water Bottle,2023-08-31,2023-09-27 08:13:58,2025-02-03,EXPIRED
P08744,Shampoo,2023-01-02,2023-02-01 11:31:16,2024-03-08,EXPIRED
P08745,Laptop Stand,2023-07-29,2023-08-22 03:07:58,2025-08-01,EXPIRED
P08746,Green Tea,2026-03-22,2026-04-02 19:40:47,2027-01-12,AVAILABLE
P08747,USB Cable,2025-08-28,2025-09-17 23:06:38,2027-11-12,AVAILABLE
P08748,Mechanical Keyboard,2026-05-18,2026-06-15 02:15:24,2028-02-06,AVAILABLE
P08749,Hand Soap,2026-08-10,2026-08-24 10:44:36,2027-05-30,AVAILABLE
P08750,Orange Juice,2026-03-21,2026-03-31 17:40:13,2028-07-12,AVAILABLE
P08751,Notebook,2023-02-25,2023-03-26 02:26:52,2026-02-23,EXPIRED
P08752,Wireless Mouse,2023-08-08,2023-09-02 02:21:57,2024-11-23,EXPIRED
P08753,Shampoo,2023-02-06,2023-02-26 12:18:13,2024-11-10,EXPIRED
P08754,Orange Juice,2026-07-17,2026-08-14 06:41:17,2029-05-21,AVAILABLE
P08755,Bluetooth Speaker,2023-05-01,2023-05-02 18:26:02,2024-01-24,EXPIRED
P08756,Orange Juice,2024-02-07,2024-02-18 06:51:40,2024-05-06,EXPIRED
P08757,Orange Juice,2024-03-27,2024-04-02 11:27:47,2025-04-14,EXPIRED
P08758,Chocolate,2026-02-22,2026-03-12 23:54:35,2026-04-28,EXPIRED
P08759,Chocolate,2026-05-05,2026-05-21 01:16:26,2027-12-21,AVAILABLE
P08760,Cereal,2024-10-22,2024-11-03 03:43:25,2026-01-25,EXPIRED
P08761,Laptop Stand,2024-08-02,2024-08-04 10:57:48,2027-03-12,RESERVED
P08762,Chocolate,2023-07-24,2023-07-27 20:36:13,2025-09-17,EXPIRED
P08763,Water Bottle,2026-03-06,2026-03-10 20:00:15,2029-02-18,RESERVED
P08764,Notebook,2023-05-31,2023-06-23 12:52:49,2025-09-26,EXPIRED
P08765,Hand Soap,2025-06-21,2025-07-13 00:39:55,2027-07-28,AVAILABLE
P08766,USB Cable,2025-11-05,2025-12-05 10:43:32,2028-01-19,AVAILABLE
P08767,Mechanical Keyboard,2024-06-18,2024-07-11 06:38:16,2025-05-09,EXPIRED
P08768,Notebook,2023-01-29,2023-01-31 16:43:42,2023-12-17,EXPIRED
P08769,Cereal,2026-01-10,2026-02-06 20:20:30,2028-12-27,AVAILABLE
P08770,Ballpoint Pen,2026-01-19,2026-01-21 06:30:01,2027-05-02,AVAILABLE
P08771,Hand Soap,2024-02-27,2024-03-23 02:09:03,2026-04-21,EXPIRED
P08772,Laundry Detergent,2026-02-10,2026-02-24 18:41:44,2027-11-28,AVAILABLE
P08773,Orange Juice,2024-02-25,2024-03-19 01:29:16,2027-02-24,AVAILABLE
P08774,Laundry Detergent,2023-06-09,2023-07-05 06:16:01,2025-06-22,EXPIRED
P08775,Power Bank,2024-07-14,2024-07-15 10:03:47,2025-01-07,EXPIRED
P08776,Laundry Detergent,2023-07-26,2023-08-03 22:54:45,2025-10-24,EXPIRED
P08777,USB Cable,2025-10-09,2025-11-07 01:00:02,2027-05-27,AVAILABLE
P08778,Orange Juice,2024-09-15,2024-10-09 21:06:46,2025-07-18,EXPIRED
P08779,Water Bottle,2024-05-28,2024-06-14 03:00:55,2026-01-30,EXPIRED
P08780,Cereal,2023-12-05,2023-12-16 10:56:15,2026-03-02,EXPIRED
P08781,Bluetooth Speaker,2024-10-23,2024-11-19 11:27:05,2026-06-01,EXPIRED
P08782,Green Tea,2023-07-27,2023-08-26 04:42:45,2026-02-23,EXPIRED
P08783,Mechanical Keyboard,2023-05-09,2023-06-08 01:39:12,2024-02-27,EXPIRED
P08784,Power Bank,2024-11-13,2024-11-18 18:16:06,2027-09-25,AVAILABLE
P08785,Power Bank,2023-08-15,2023-08-19 09:32:14,2024-08-01,EXPIRED
P08786,Green Tea,2023-03-19,2023-04-08 12:47:21,2024-01-20,EXPIRED
P08787,Shampoo,2023-06-06,2023-06-11 03:24:52,2025-10-28,EXPIRED
P08788,Notebook,2024-09-03,2024-09-20 02:58:44,2025-02-03,EXPIRED
P08789,Wireless Mouse,2023-06-07,2023-06-10 05:45:13,2024-09-28,EXPIRED
P08790,Wireless Mouse,2023-09-09,2023-09-23 14:37:52,2025-11-28,EXPIRED
P08791,Cereal,2025-01-25,2025-02-15 12:41:29,2026-07-12,EXPIRED
P08792,Laptop Stand,2024-03-29,2024-04-16 23:41:51,2025-05-26,EXPIRED
P08793,Mineral Water,2025-10-31,2025-11-10 03:18:15,2027-08-21,AVAILABLE
P08794,Mineral Water,2023-12-14,2023-12-20 16:01:47,2026-10-05,AVAILABLE
P08795,Ballpoint Pen,2026-08-10,2026-08-12 10:12:32,2026-10-06,AVAILABLE
P08796,Ballpoint Pen,2025-01-22,2025-01-23 19:48:57,2026-08-28,EXPIRED
P08797,Laptop Stand,2025-12-10,2025-12-31 02:27:34,2027-04-27,AVAILABLE
P08798,Bluetooth Speaker,2024-11-09,2024-11-24 15:11:05,2025-01-31,EXPIRED
P08799,Dish Soap,2025-10-01,2025-10-07 14:18:59,2026-07-08,EXPIRED
P08800,Mechanical Keyboard,2025-02-02,2025-02-21 02:58:58,2027-02-18,RESERVED
P08801,Toothpaste,2026-03-18,2026-04-04 23:53:47,2026-10-06,AVAILABLE
P08802,Cereal,2024-11-19,2024-11-22 17:19:37,2026-12-20,RESERVED
P08803,Orange Juice,2023-12-09,2023-12-29 13:16:15,2025-10-19,EXPIRED
P08804,Bluetooth Speaker,2023-10-10,2023-10-14 15:12:08,2025-07-26,EXPIRED
P08805,Bluetooth Speaker,2024-06-25,2024-07-20 16:30:59,2025-07-11,EXPIRED
P08806,Notebook,2025-12-31,2026-01-02 21:10:01,2026-12-13,AVAILABLE
P08807,USB Cable,2026-08-10,2026-09-09 14:11:24,2028-06-13,AVAILABLE
P08808,Instant Coffee,2024-06-22,2024-06-27 01:19:40,2026-06-09,EXPIRED
P08809,Hand Soap,2025-11-22,2025-12-17 03:15:06,2027-08-09,AVAILABLE
P08810,Mineral Water,2023-10-08,2023-11-01 11:14:03,2025-01-27,EXPIRED
P08811,Mechanical Keyboard,2023-10-11,2023-10-20 02:14:01,2023-12-11,EXPIRED
P08812,Power Bank,2023-08-20,2023-08-27 02:18:27,2025-05-30,EXPIRED
P08813,Chocolate,2024-01-14,2024-01-17 09:15:29,2026-10-19,AVAILABLE
P08814,Wireless Mouse,2025-01-30,2025-02-10 21:58:39,2025-12-08,EXPIRED
P08815,Bluetooth Speaker,2025-09-06,2025-09-22 00:42:08,2028-02-28,AVAILABLE
P08816,Chocolate,2026-02-27,2026-03-14 12:39:59,2028-11-21,AVAILABLE
P08817,Notebook,2025-11-27,2025-12-27 14:44:11,2027-12-16,AVAILABLE
P08818,Notebook,2025-06-12,2025-07-03 09:04:04,2026-09-18,EXPIRED
P08819,Orange Juice,2023-02-01,2023-03-01 14:44:27,2024-10-16,EXPIRED
P08820,Ballpoint Pen,2026-06-29,2026-07-12 14:10:44,2029-01-29,RESERVED
P08821,Mineral Water,2024-01-25,2024-02-01 18:26:32,2024-04-17,EXPIRED
P08822,Mechanical Keyboard,2025-06-26,2025-06-30 03:39:55,2027-02-24,AVAILABLE
P08823,Cereal,2023-04-08,2023-04-30 11:40:11,2024-01-25,EXPIRED
P08824,Mechanical Keyboard,2023-07-14,2023-07-17 04:56:53,2026-04-29,EXPIRED
P08825,Wireless Mouse,2024-07-31,2024-08-05 04:44:23,2025-11-30,EXPIRED
P08826,Instant Coffee,2026-08-22,2026-09-14 04:13:48,2027-03-15,AVAILABLE
P08827,Instant Coffee,2024-03-10,2024-03-14 13:57:04,2026-09-09,EXPIRED
P08828,Mineral Water,2026-06-26,2026-07-25 21:30:19,2028-04-15,AVAILABLE
P08829,Notebook,2025-09-23,2025-09-25 15:07:07,2027-08-30,AVAILABLE
P08830,Power Bank,2023-08-30,2023-09-11 15:34:57,2026-04-15,EXPIRED
P08831,Bluetooth Speaker,2024-05-06,2024-05-25 01:58:12,2027-03-15,AVAILABLE
P08832,Cereal,2026-08-18,2026-08-30 16:25:00,2027-09-24,AVAILABLE
P08833,Chocolate,2023-09-24,2023-10-01 12:55:11,2025-07-04,EXPIRED
P08834,Cereal,2025-11-09,2025-11-27 23:18:45,2028-01-18,RESERVED
P08835,Notebook,2024-02-27,2024-03-13 02:51:17,2026-10-29,RESERVED
P08836,Laundry Detergent,2025-10-14,2025-10-26 00:33:42,2025-12-30,EXPIRED
P08837,Orange Juice,2026-08-16,2026-09-08 14:40:04,2027-01-31,AVAILABLE
P08838,Dish Soap,2024-06-12,2024-07-03 09:17:03,2024-11-12,EXPIRED
P08839,Bluetooth Speaker,2025-09-25,2025-10-22 08:49:32,2027-04-01,AVAILABLE
P08840,Green Tea,2024-09-20,2024-10-20 07:28:38,2025-12-13,EXPIRED
P08841,Mineral Water,2025-03-09,2025-03-23 01:18:19,2027-06-30,RESERVED
P08842,Toothpaste,2023-08-28,2023-09-01 17:33:04,2026-01-07,EXPIRED
P08843,USB Cable,2025-12-13,2025-12-19 23:31:45,2028-07-02,RESERVED
P08844,Instant Coffee,2024-08-28,2024-09-24 14:29:18,2027-01-30,AVAILABLE
P08845,Dish Soap,2024-08-20,2024-09-01 22:08:29,2026-01-13,EXPIRED
P08846,Instant Coffee,2026-08-08,2026-08-29 20:06:40,2029-07-30,AVAILABLE
P08847,Power Bank,2024-10-12,2024-10-26 15:20:54,2026-06-17,EXPIRED
P08848,Power Bank,2024-03-13,2024-04-08 10:17:40,2026-04-02,EXPIRED
P08849,Cereal,2026-09-17,2026-10-02 19:29:40,2026-12-17,RESERVED
P08850,Toothpaste,2026-05-16,2026-06-11 23:03:30,2028-12-06,RESERVED
P08851,Mechanical Keyboard,2024-09-24,2024-10-15 20:23:21,2025-12-29,EXPIRED
P08852,Wireless Mouse,2023-02-10,2023-02-13 15:12:06,2024-08-29,EXPIRED
P08853,Power Bank,2023-11-06,2023-11-22 05:22:37,2024-11-29,EXPIRED
P08854,Power Bank,2026-07-31,2026-08-06 18:40:35,2028-08-30,AVAILABLE
P08855,Toothpaste,2023-09-18,2023-09-27 01:23:23,2025-09-17,EXPIRED
P08856,Laptop Stand,2024-10-30,2024-11-27 03:31:30,2026-07-13,EXPIRED
P08857,Laundry Detergent,2024-12-28,2025-01-11 10:09:59,2027-05-03,AVAILABLE
P08858,Bluetooth Speaker,2024-07-06,2024-07-13 14:19:09,2027-06-05,RESERVED
P08859,Bluetooth Speaker,2023-11-12,2023-11-13 05:08:03,2025-06-27,EXPIRED
P08860,USB Cable,2023-01-08,2023-01-22 09:57:36,2025-05-18,EXPIRED
P08861,Mechanical Keyboard,2025-07-26,2025-08-01 12:21:10,2025-12-29,EXPIRED
P08862,Power Bank,2024-07-24,2024-08-10 14:26:03,2026-12-13,AVAILABLE
P08863,Instant Coffee,2025-06-18,2025-06-24 11:02:03,2026-11-18,AVAILABLE
P08864,Power Bank,2026-03-19,2026-03-30 12:46:53,2027-05-22,AVAILABLE
P08865,Mechanical Keyboard,2025-02-05,2025-03-01 00:27:46,2027-02-16,AVAILABLE
P08866,Mineral Water,2026-03-09,2026-03-22 20:07:43,2028-02-24,AVAILABLE
P08867,Dish Soap,2024-06-03,2024-06-12 21:22:08,2025-09-21,EXPIRED
P08868,Mineral Water,2024-05-27,2024-06-15 08:04:06,2024-08-20,EXPIRED
P08869,Mechanical Keyboard,2023-12-16,2023-12-18 17:36:24,2026-10-17,AVAILABLE
P08870,Mechanical Keyboard,2024-09-01,2024-09-03 13:09:15,2025-10-17,EXPIRED
P08871,Power Bank,2025-01-12,2025-01-16 22:53:29,2026-11-18,AVAILABLE
P08872,Ballpoint Pen,2025-02-09,2025-02-25 18:50:11,2027-06-24,AVAILABLE
P08873,Cereal,2025-12-07,2025-12-21 11:14:05,2027-07-14,RESERVED
P08874,Water Bottle,2024-07-07,2024-08-05 05:11:02,2027-05-17,AVAILABLE
P08875,Chocolate,2024-03-20,2024-03-23 21:02:59,2026-11-07,AVAILABLE
P08876,Laptop Stand,2023-12-06,2023-12-11 17:29:16,2025-11-15,EXPIRED
P08877,Dish Soap,2026-03-06,2026-03-13 23:25:31,2027-11-26,AVAILABLE
P08878,Laundry Detergent,2025-03-25,2025-03-27 02:31:49,2027-07-05,RESERVED
P08879,Hand Soap,2025-12-21,2026-01-05 06:57:32,2028-12-11,AVAILABLE
P08880,Power Bank,2023-08-01,2023-08-04 06:02:41,2025-08-16,EXPIRED
P08881,Laptop Stand,2026-04-03,2026-04-08 06:33:14,2028-05-17,AVAILABLE
P08882,Bluetooth Speaker,2024-03-06,2024-03-21 15:21:02,2025-10-09,EXPIRED
P08883,Chocolate,2025-12-09,2026-01-04 00:25:41,2027-05-18,RESERVED
P08884,Laptop Stand,2024-06-24,2024-07-03 17:43:39,2026-10-19,AVAILABLE
P08885,Green Tea,2025-04-19,2025-04-21 08:54:07,2026-04-30,EXPIRED
P08886,Shampoo,2023-08-03,2023-08-16 23:47:23,2025-06-28,EXPIRED
P08887,Chocolate,2023-09-23,2023-10-08 18:15:12,2026-06-09,EXPIRED
P08888,Mechanical Keyboard,2023-09-28,2023-10-02 09:42:24,2024-04-03,EXPIRED
P08889,Mineral Water,2026-06-08,2026-07-05 23:48:02,2028-04-06,AVAILABLE
P08890,Mineral Water,2023-05-30,2023-06-01 04:39:54,2025-11-20,EXPIRED
P08891,Orange Juice,2024-06-23,2024-07-03 02:37:47,2024-10-22,EXPIRED
P08892,Green Tea,2024-02-11,2024-02-27 14:55:02,2025-02-16,EXPIRED
P08893,Ballpoint Pen,2026-09-14,2026-09-28 14:59:56,2026-12-20,AVAILABLE
P08894,Wireless Mouse,2024-02-26,2024-03-08 13:49:52,2025-03-06,EXPIRED
P08895,Instant Coffee,2025-07-12,2025-08-08 05:48:17,2027-11-02,RESERVED
P08896,Green Tea,2024-10-28,2024-11-23 12:00:18,2026-11-28,AVAILABLE
P08897,USB Cable,2026-04-13,2026-05-02 01:58:25,2028-02-27,AVAILABLE
P08898,Instant Coffee,2023-12-27,2024-01-24 05:43:25,2026-10-15,AVAILABLE
P08899,USB Cable,2023-08-25,2023-08-28 15:32:21,2024-05-14,EXPIRED
P08900,Laptop Stand,2024-12-12,2025-01-01 22:10:43,2027-07-30,AVAILABLE
P08901,Notebook,2023-06-08,2023-06-21 19:18:08,2024-05-01,EXPIRED
P08902,Bluetooth Speaker,2026-05-27,2026-06-01 11:15:34,2027-12-04,AVAILABLE
P08903,Laundry Detergent,2025-06-26,2025-07-07 15:59:24,2026-01-19,EXPIRED
P08904,Hand Soap,2025-04-09,2025-04-21 21:31:10,2026-04-01,EXPIRED
P08905,Green Tea,2025-01-15,2025-02-11 16:57:52,2028-01-15,AVAILABLE
P08906,Shampoo,2025-06-05,2025-06-06 15:37:35,2026-09-20,EXPIRED
P08907,Instant Coffee,2026-09-19,2026-09-29 01:32:12,2027-11-21,AVAILABLE
P08908,Dish Soap,2024-03-22,2024-04-04 20:07:22,2025-04-29,EXPIRED
P08909,Mineral Water,2025-04-29,2025-05-16 12:24:41,2028-04-23,AVAILABLE
P08910,Laundry Detergent,2023-02-15,2023-03-03 18:23:26,2025-02-01,EXPIRED
P08911,Instant Coffee,2023-04-15,2023-04-16 01:11:51,2024-03-03,EXPIRED
P08912,Hand Soap,2025-01-16,2025-01-17 19:12:44,2027-06-02,RESERVED
P08913,Wireless Mouse,2024-07-29,2024-08-14 00:39:09,2024-11-09,EXPIRED
P08914,Instant Coffee,2024-03-30,2024-04-14 02:16:09,2024-12-13,EXPIRED
P08915,Water Bottle,2025-08-25,2025-09-04 14:52:11,2028-07-11,AVAILABLE
P08916,Instant Coffee,2026-03-31,2026-04-06 20:09:43,2028-08-11,RESERVED
P08917,Dish Soap,2026-06-28,2026-07-07 18:20:16,2027-06-16,AVAILABLE
P08918,Shampoo,2023-09-15,2023-10-05 07:46:46,2025-03-02,EXPIRED
P08919,Mineral Water,2026-03-21,2026-04-18 16:13:09,2028-01-13,AVAILABLE
P08920,Hand Soap,2023-12-23,2024-01-18 16:05:50,2025-12-29,EXPIRED
P08921,Ballpoint Pen,2025-10-25,2025-10-29 20:58:42,2028-03-25,AVAILABLE
P08922,Dish Soap,2023-02-22,2023-03-13 16:52:48,2023-05-26,EXPIRED
P08923,Ballpoint Pen,2025-12-30,2026-01-17 23:03:16,2026-03-09,EXPIRED
P08924,Ballpoint Pen,2024-03-01,2024-03-09 12:46:11,2026-09-13,EXPIRED
P08925,Bluetooth Speaker,2024-07-04,2024-07-29 09:21:53,2025-04-20,EXPIRED
P08926,Laptop Stand,2025-09-18,2025-09-30 19:16:08,2027-12-25,AVAILABLE
P08927,Instant Coffee,2023-10-02,2023-10-25 22:45:45,2026-07-19,EXPIRED
P08928,Laptop Stand,2024-01-15,2024-02-13 04:06:51,2025-11-20,EXPIRED
P08929,Orange Juice,2024-05-02,2024-05-07 10:03:49,2024-12-15,EXPIRED
P08930,Mineral Water,2026-06-20,2026-07-18 18:12:49,2027-08-04,AVAILABLE
P08931,Toothpaste,2024-06-03,2024-06-15 03:05:45,2026-09-19,EXPIRED
P08932,Cereal,2023-05-21,2023-06-04 00:34:25,2024-06-09,EXPIRED
P08933,Chocolate,2026-04-29,2026-05-25 10:56:06,2027-09-01,AVAILABLE
P08934,Notebook,2025-05-20,2025-06-03 23:00:47,2027-05-18,AVAILABLE
P08935,Cereal,2023-11-02,2023-11-23 18:25:25,2025-08-17,EXPIRED
P08936,Hand Soap,2023-05-15,2023-06-06 02:32:05,2024-08-21,EXPIRED
P08937,Bluetooth Speaker,2026-09-10,2026-09-11 14:09:12,2027-06-10,AVAILABLE
P08938,USB Cable,2026-01-05,2026-01-14 12:21:59,2028-02-21,AVAILABLE
P08939,Shampoo,2024-03-21,2024-04-04 18:44:42,2027-02-25,AVAILABLE
P08940,USB Cable,2025-02-13,2025-02-28 23:55:26,2027-03-23,AVAILABLE
P08941,Ballpoint Pen,2026-06-21,2026-07-16 18:04:38,2028-09-04,AVAILABLE
P08942,Notebook,2025-06-25,2025-07-08 01:47:11,2026-05-03,EXPIRED
P08943,Water Bottle,2025-02-13,2025-02-22 09:36:45,2027-02-24,RESERVED
P08944,Power Bank,2024-08-15,2024-08-23 14:42:00,2026-03-18,EXPIRED
P08945,Water Bottle,2024-05-30,2024-06-04 09:38:06,2026-11-02,AVAILABLE
P08946,Shampoo,2024-02-09,2024-02-13 15:29:30,2025-09-17,EXPIRED
P08947,Green Tea,2023-10-30,2023-11-05 04:06:54,2024-12-13,EXPIRED
P08948,Chocolate,2023-09-26,2023-10-17 03:51:45,2026-07-04,EXPIRED
P08949,Water Bottle,2025-11-17,2025-11-20 21:46:55,2026-02-12,EXPIRED
P08950,Instant Coffee,2024-06-11,2024-06-26 06:06:29,2026-05-11,EXPIRED
P08951,Power Bank,2023-03-06,2023-03-28 05:37:59,2025-04-22,EXPIRED
P08952,Laundry Detergent,2024-04-29,2024-05-23 17:20:00,2027-03-31,RESERVED
P08953,Water Bottle,2024-04-26,2024-05-02 15:06:01,2026-01-27,EXPIRED
P08954,Cereal,2024-02-29,2024-03-24 10:05:13,2026-01-09,EXPIRED
P08955,Shampoo,2024-02-18,2024-03-11 22:18:14,2024-07-31,EXPIRED
P08956,Toothpaste,2023-06-09,2023-06-29 21:40:04,2025-08-26,EXPIRED
P08957,Instant Coffee,2024-02-05,2024-03-01 11:16:28,2024-08-27,EXPIRED
P08958,Orange Juice,2024-06-17,2024-07-15 06:15:59,2027-05-19,AVAILABLE
P08959,Cereal,2024-09-11,2024-09-15 15:51:26,2025-07-26,EXPIRED
P08960,Bluetooth Speaker,2023-03-08,2023-03-21 17:08:36,2024-09-09,EXPIRED
P08961,Cereal,2026-02-02,2026-02-25 01:11:59,2029-01-16,AVAILABLE
P08962,Orange Juice,2025-08-01,2025-08-05 21:35:26,2026-03-23,EXPIRED
P08963,Notebook,2026-09-21,2026-10-12 16:05:27,2027-10-16,AVAILABLE
P08964,Chocolate,2026-05-07,2026-05-27 06:06:58,2028-02-15,AVAILABLE
P08965,Instant Coffee,2025-05-06,2025-05-17 03:12:13,2028-04-29,AVAILABLE
P08966,Power Bank,2024-04-01,2024-04-15 14:44:18,2026-06-30,EXPIRED
P08967,USB Cable,2025-06-01,2025-06-05 13:52:00,2027-04-14,AVAILABLE
P08968,Instant Coffee,2024-04-08,2024-04-23 21:01:30,2025-09-05,EXPIRED
P08969,Mineral Water,2025-08-19,2025-08-22 04:31:44,2027-03-03,AVAILABLE
P08970,Wireless Mouse,2025-05-05,2025-05-25 11:15:51,2025-11-10,EXPIRED
P08971,Laptop Stand,2023-08-10,2023-08-25 16:52:49,2025-05-20,EXPIRED
P08972,Wireless Mouse,2026-09-19,2026-10-11 12:39:49,2029-04-29,AVAILABLE
P08973,Ballpoint Pen,2025-05-22,2025-06-06 04:54:03,2026-12-31,AVAILABLE
P08974,Laundry Detergent,2025-05-30,2025-06-05 19:12:04,2026-01-31,EXPIRED
P08975,Mineral Water,2025-06-27,2025-07-15 20:28:20,2027-09-23,RESERVED
P08976,Green Tea,2025-10-03,2025-10-12 00:56:49,2026-06-29,EXPIRED
P08977,Ballpoint Pen,2023-10-22,2023-11-12 11:22:15,2024-07-25,EXPIRED
P08978,Toothpaste,2024-11-16,2024-11-27 00:16:25,2025-07-14,EXPIRED
P08979,Shampoo,2023-08-18,2023-08-28 22:14:34,2025-03-26,EXPIRED
P08980,Mechanical Keyboard,2024-04-09,2024-04-29 14:08:54,2026-06-23,EXPIRED
P08981,Hand Soap,2024-11-19,2024-11-29 11:28:26,2025-04-15,EXPIRED
P08982,Notebook,2024-08-25,2024-08-28 08:08:22,2025-01-28,EXPIRED
P08983,Ballpoint Pen,2024-12-23,2025-01-05 06:26:43,2025-05-17,EXPIRED
P08984,Water Bottle,2025-11-09,2025-11-20 20:20:10,2028-10-12,AVAILABLE
P08985,Laptop Stand,2024-01-24,2024-01-28 06:09:39,2026-07-17,EXPIRED
P08986,Hand Soap,2025-11-14,2025-11-21 09:12:59,2027-12-19,AVAILABLE
P08987,Orange Juice,2026-06-18,2026-07-07 03:55:38,2029-02-20,AVAILABLE
P08988,Shampoo,2024-05-21,2024-06-07 11:32:59,2026-08-31,EXPIRED
P08989,Notebook,2023-10-31,2023-11-05 10:45:41,2025-06-04,EXPIRED
P08990,Instant Coffee,2025-09-25,2025-10-18 13:12:26,2028-02-01,AVAILABLE
P08991,Dish Soap,2025-10-15,2025-10-19 02:29:51,2026-07-09,EXPIRED
P08992,Shampoo,2025-01-29,2025-02-26 06:40:21,2027-01-10,AVAILABLE
P08993,Water Bottle,2026-05-25,2026-06-03 11:51:03,2028-11-10,RESERVED
P08994,Notebook,2025-12-03,2025-12-23 10:32:49,2026-09-22,AVAILABLE
P08995,Green Tea,2026-01-07,2026-01-21 07:50:51,2026-06-11,EXPIRED
P08996,Ballpoint Pen,2026-03-21,2026-04-14 14:45:09,2028-03-03,AVAILABLE
P08997,Green Tea,2023-09-06,2023-09-21 18:13:44,2025-06-09,EXPIRED
P08998,Instant Coffee,2023-06-24,2023-07-04 18:45:07,2025-01-13,EXPIRED
P08999,Laptop Stand,2023-05-26,2023-06-07 08:19:46,2023-08-31,EXPIRED
P09000,Notebook,2025-04-02,2025-04-17 12:09:19,2026-02-18,EXPIRED
P09001,Laundry Detergent,2025-01-08,2025-01-24 08:02:19,2025-03-25,EXPIRED
P09002,Orange Juice,2023-11-22,2023-12-16 21:44:31,2026-07-31,EXPIRED
P09003,Wireless Mouse,2024-02-16,2024-02-28 08:58:29,2026-08-16,EXPIRED
P09004,Mineral Water,2024-04-19,2024-04-21 14:50:42,2026-11-09,AVAILABLE
P09005,Ballpoint Pen,2025-09-27,2025-10-08 02:42:41,2025-10-27,EXPIRED
P09006,Notebook,2023-02-27,2023-03-12 22:41:22,2023-10-16,EXPIRED
P09007,Ballpoint Pen,2024-08-02,2024-08-03 15:10:52,2025-12-12,EXPIRED
P09008,Green Tea,2025-04-15,2025-04-19 11:46:02,2026-11-22,AVAILABLE
P09009,USB Cable,2025-10-19,2025-10-21 16:09:36,2026-09-24,AVAILABLE
P09010,Mechanical Keyboard,2026-04-18,2026-04-23 10:05:48,2027-07-23,AVAILABLE
P09011,Wireless Mouse,2023-01-09,2023-01-15 18:44:22,2023-05-10,EXPIRED
P09012,USB Cable,2023-07-11,2023-07-21 14:16:57,2026-02-07,EXPIRED
P09013,Laptop Stand,2026-06-17,2026-07-06 01:45:22,2028-08-13,AVAILABLE
P09014,Bluetooth Speaker,2024-05-07,2024-05-23 16:12:44,2024-08-02,EXPIRED
P09015,Green Tea,2026-06-09,2026-07-09 15:22:30,2028-02-28,AVAILABLE
P09016,Mineral Water,2026-01-19,2026-01-29 09:08:52,2028-04-10,AVAILABLE
P09017,Water Bottle,2024-03-07,2024-04-03 07:49:57,2025-12-26,EXPIRED
P09018,Shampoo,2024-12-02,2024-12-05 18:58:02,2026-03-01,EXPIRED
P09019,Chocolate,2026-02-23,2026-03-02 01:35:08,2027-11-18,AVAILABLE
P09020,Water Bottle,2023-03-26,2023-03-30 13:50:03,2025-08-02,EXPIRED
P09021,Green Tea,2026-09-16,2026-10-14 23:16:51,2027-01-08,AVAILABLE
P09022,Orange Juice,2026-08-01,2026-08-25 18:15:55,2028-04-17,AVAILABLE
P09023,Hand Soap,2025-09-18,2025-10-12 20:12:13,2027-05-24,RESERVED
P09024,Instant Coffee,2026-07-15,2026-07-17 22:53:58,2029-02-28,AVAILABLE
P09025,Laundry Detergent,2023-11-08,2023-12-05 03:40:54,2024-10-29,EXPIRED
P09026,USB Cable,2025-02-23,2025-03-17 00:56:27,2026-04-14,EXPIRED
P09027,Notebook,2023-12-04,2023-12-12 02:33:59,2026-02-11,EXPIRED
P09028,Toothpaste,2026-07-24,2026-08-15 16:07:43,2027-02-12,RESERVED
P09029,Wireless Mouse,2026-01-19,2026-02-14 01:09:59,2027-06-15,AVAILABLE
P09030,Laundry Detergent,2024-05-08,2024-06-06 12:36:43,2027-02-14,AVAILABLE
P09031,Bluetooth Speaker,2024-12-29,2025-01-13 19:56:20,2026-06-03,EXPIRED
P09032,Orange Juice,2025-05-16,2025-05-26 08:42:04,2025-11-04,EXPIRED
P09033,Ballpoint Pen,2026-09-04,2026-09-26 06:22:18,2029-04-15,RESERVED
P09034,Laptop Stand,2025-12-07,2025-12-20 07:37:36,2028-03-19,AVAILABLE
P09035,Chocolate,2023-02-04,2023-02-26 05:14:32,2024-08-24,EXPIRED
P09036,Ballpoint Pen,2023-10-22,2023-10-24 07:04:30,2025-10-27,EXPIRED
P09037,Ballpoint Pen,2023-06-04,2023-06-13 10:00:38,2023-10-02,EXPIRED
P09038,Ballpoint Pen,2026-08-09,2026-08-10 20:12:39,2028-09-24,AVAILABLE
P09039,Bluetooth Speaker,2025-12-03,2026-01-01 12:39:15,2027-11-29,AVAILABLE
P09040,Notebook,2026-08-02,2026-08-28 02:01:24,2029-05-12,AVAILABLE
P09041,Instant Coffee,2024-03-12,2024-04-11 16:11:28,2026-06-06,EXPIRED
P09042,Cereal,2024-03-19,2024-04-13 09:34:42,2024-08-03,EXPIRED
P09043,Laptop Stand,2024-09-06,2024-09-25 12:25:33,2025-09-21,EXPIRED
P09044,Instant Coffee,2026-02-15,2026-02-27 17:22:46,2028-01-24,RESERVED
P09045,Laptop Stand,2023-02-25,2023-02-28 00:43:59,2023-11-11,EXPIRED
P09046,Orange Juice,2024-09-27,2024-10-07 09:35:54,2026-07-23,EXPIRED
P09047,Hand Soap,2026-05-02,2026-05-07 00:28:17,2026-09-25,AVAILABLE
P09048,Power Bank,2026-01-30,2026-02-27 14:00:12,2026-12-01,AVAILABLE
P09049,Power Bank,2026-08-27,2026-09-11 14:21:39,2027-01-15,AVAILABLE
P09050,Orange Juice,2024-05-29,2024-06-22 20:38:33,2025-11-03,EXPIRED
P09051,Notebook,2023-06-02,2023-06-03 06:11:00,2025-01-13,EXPIRED
P09052,Power Bank,2023-04-17,2023-04-25 20:31:08,2026-03-22,EXPIRED
P09053,USB Cable,2023-04-23,2023-04-28 19:29:11,2025-04-21,EXPIRED
P09054,Toothpaste,2024-10-31,2024-11-12 03:09:27,2026-02-12,EXPIRED
P09055,Toothpaste,2023-04-25,2023-05-16 01:31:48,2025-10-14,EXPIRED
P09056,Water Bottle,2024-03-01,2024-03-24 00:50:11,2025-02-18,EXPIRED
P09057,Orange Juice,2023-07-31,2023-08-15 12:27:27,2024-08-20,EXPIRED
P09058,Power Bank,2023-12-03,2023-12-19 09:26:10,2024-07-22,EXPIRED
P09059,Water Bottle,2024-03-14,2024-03-24 11:36:56,2026-03-25,EXPIRED
P09060,Laundry Detergent,2023-12-29,2024-01-19 19:23:25,2026-01-14,EXPIRED
P09061,Mineral Water,2023-11-23,2023-11-26 18:10:38,2025-10-20,EXPIRED
P09062,Ballpoint Pen,2023-03-09,2023-03-28 23:36:19,2024-12-06,EXPIRED
P09063,USB Cable,2024-09-03,2024-09-19 11:58:13,2027-03-21,AVAILABLE
P09064,Water Bottle,2025-07-14,2025-08-08 17:58:45,2026-08-07,EXPIRED
P09065,Orange Juice,2025-05-04,2025-06-03 09:49:32,2027-05-28,AVAILABLE
P09066,Shampoo,2024-09-30,2024-10-16 13:26:37,2026-11-02,RESERVED
P09067,Cereal,2025-10-14,2025-10-30 23:00:20,2026-07-11,EXPIRED
P09068,Laundry Detergent,2025-04-13,2025-05-11 11:53:03,2027-08-02,AVAILABLE
P09069,Ballpoint Pen,2026-04-05,2026-04-19 08:55:21,2026-09-18,EXPIRED
P09070,Power Bank,2025-02-05,2025-02-24 20:00:20,2025-12-13,EXPIRED
P09071,Cereal,2025-04-25,2025-05-12 14:00:19,2026-04-29,EXPIRED
P09072,Shampoo,2024-06-21,2024-07-04 19:31:39,2026-07-22,EXPIRED
P09073,Mechanical Keyboard,2026-01-22,2026-01-24 09:44:25,2028-06-04,AVAILABLE
P09074,Mineral Water,2024-03-27,2024-04-13 22:50:52,2025-05-06,EXPIRED
P09075,Dish Soap,2025-01-30,2025-02-01 22:18:06,2027-07-04,AVAILABLE
P09076,Toothpaste,2024-11-07,2024-11-08 20:40:10,2025-02-01,EXPIRED
P09077,Ballpoint Pen,2023-11-20,2023-11-26 10:11:07,2024-12-31,EXPIRED
P09078,Instant Coffee,2026-02-23,2026-02-24 05:37:52,2027-10-22,AVAILABLE
P09079,Mineral Water,2023-10-03,2023-11-01 15:24:15,2025-08-26,EXPIRED
P09080,Power Bank,2024-08-24,2024-09-10 14:16:37,2027-05-16,RESERVED
P09081,USB Cable,2024-10-07,2024-10-29 03:08:43,2026-09-10,EXPIRED
P09082,Green Tea,2025-01-27,2025-02-21 17:38:15,2026-11-29,AVAILABLE
P09083,Instant Coffee,2024-11-09,2024-11-26 21:18:36,2025-04-24,EXPIRED
P09084,Shampoo,2026-04-24,2026-05-06 07:22:59,2028-04-18,AVAILABLE
P09085,Bluetooth Speaker,2026-01-31,2026-02-23 15:41:43,2027-12-20,AVAILABLE
P09086,Bluetooth Speaker,2023-01-15,2023-02-03 22:02:04,2023-08-16,EXPIRED
P09087,Hand Soap,2024-09-10,2024-10-05 18:29:15,2025-02-16,EXPIRED
P09088,Power Bank,2023-06-12,2023-06-22 19:27:15,2024-09-13,EXPIRED
P09089,Shampoo,2023-02-22,2023-03-13 17:39:45,2023-10-07,EXPIRED
P09090,Mechanical Keyboard,2024-10-06,2024-10-28 00:18:43,2026-08-26,EXPIRED
P09091,Ballpoint Pen,2025-03-08,2025-03-29 03:39:41,2027-10-20,RESERVED
P09092,Green Tea,2023-05-07,2023-05-08 22:23:39,2026-03-07,EXPIRED
P09093,Orange Juice,2025-11-30,2025-12-07 08:58:43,2027-08-17,AVAILABLE
P09094,Ballpoint Pen,2024-07-12,2024-07-18 02:01:45,2026-04-16,EXPIRED
P09095,Laptop Stand,2023-02-04,2023-02-26 16:57:18,2023-09-05,EXPIRED
P09096,Dish Soap,2024-01-18,2024-02-05 20:59:26,2025-12-04,EXPIRED
P09097,Green Tea,2026-03-13,2026-03-15 14:35:28,2027-04-03,AVAILABLE
P09098,Cereal,2023-03-13,2023-04-05 11:19:07,2025-02-25,EXPIRED
P09099,Power Bank,2026-05-26,2026-05-28 18:13:29,2028-07-21,AVAILABLE
P09100,Toothpaste,2023-01-05,2023-02-01 14:53:50,2025-03-21,EXPIRED
P09101,Wireless Mouse,2025-04-03,2025-04-06 21:27:37,2026-11-18,AVAILABLE
P09102,Water Bottle,2025-01-17,2025-02-13 03:10:52,2026-08-07,EXPIRED
P09103,Laundry Detergent,2024-02-24,2024-03-08 19:20:49,2026-04-01,EXPIRED
P09104,Notebook,2025-01-16,2025-02-03 05:31:29,2025-06-21,EXPIRED
P09105,Shampoo,2026-04-09,2026-04-29 04:56:08,2028-09-06,AVAILABLE
P09106,Power Bank,2025-02-06,2025-02-19 18:43:42,2026-08-05,EXPIRED
P09107,Ballpoint Pen,2023-02-28,2023-03-14 00:54:33,2024-03-28,EXPIRED
P09108,Hand Soap,2025-05-19,2025-05-23 00:00:10,2026-09-22,AVAILABLE
P09109,USB Cable,2026-09-09,2026-09-14 00:59:39,2028-03-22,AVAILABLE
P09110,Notebook,2025-02-24,2025-03-15 03:21:49,2027-11-12,AVAILABLE
P09111,Green Tea,2026-05-15,2026-05-24 06:35:22,2028-10-27,AVAILABLE
P09112,Water Bottle,2025-09-03,2025-09-15 18:55:32,2027-04-06,AVAILABLE
P09113,USB Cable,2024-05-12,2024-06-05 17:47:30,2027-03-27,AVAILABLE
P09114,Power Bank,2026-02-23,2026-03-12 02:40:50,2026-09-20,EXPIRED
P09115,Power Bank,2024-04-17,2024-04-25 15:39:20,2025-04-09,EXPIRED
P09116,Water Bottle,2024-02-18,2024-02-22 08:15:10,2025-10-04,EXPIRED
P09117,USB Cable,2026-07-13,2026-08-11 14:00:42,2029-03-21,AVAILABLE
P09118,Bluetooth Speaker,2025-09-29,2025-10-16 15:49:38,2028-02-28,AVAILABLE
P09119,Instant Coffee,2025-11-10,2025-11-26 19:41:02,2028-10-24,RESERVED
P09120,USB Cable,2024-01-29,2024-02-20 05:11:47,2024-06-10,EXPIRED
P09121,Dish Soap,2023-10-18,2023-10-24 01:19:18,2026-10-15,AVAILABLE
P09122,Instant Coffee,2024-10-13,2024-10-17 19:31:32,2025-05-31,EXPIRED
P09123,Shampoo,2024-06-07,2024-06-26 11:30:07,2024-09-15,EXPIRED
P09124,Chocolate,2023-10-17,2023-11-08 10:39:37,2023-12-20,EXPIRED
P09125,Wireless Mouse,2026-07-18,2026-07-24 16:18:10,2027-05-16,AVAILABLE
P09126,Power Bank,2025-10-18,2025-10-20 22:07:34,2027-02-17,RESERVED
P09127,Power Bank,2024-05-03,2024-05-19 15:43:17,2025-08-05,EXPIRED
P09128,Green Tea,2023-03-13,2023-03-21 01:53:21,2025-12-05,EXPIRED
P09129,Notebook,2023-12-16,2023-12-27 22:51:40,2024-07-19,EXPIRED
P09130,Hand Soap,2024-04-02,2024-04-10 07:58:22,2024-12-23,EXPIRED
P09131,Instant Coffee,2025-04-16,2025-05-03 05:48:10,2025-08-20,EXPIRED
P09132,USB Cable,2026-07-10,2026-08-08 10:54:09,2029-05-01,AVAILABLE
P09133,Shampoo,2026-02-06,2026-02-18 09:25:11,2026-08-21,EXPIRED
P09134,USB Cable,2025-02-28,2025-03-15 00:40:03,2027-08-01,AVAILABLE
P09135,Mechanical Keyboard,2025-11-18,2025-11-23 03:52:08,2027-06-19,AVAILABLE
P09136,Toothpaste,2026-09-06,2026-09-19 13:18:46,2028-08-27,RESERVED
P09137,Water Bottle,2025-03-07,2025-03-12 18:08:07,2026-08-21,EXPIRED
P09138,Cereal,2023-03-31,2023-04-21 03:06:15,2024-11-04,EXPIRED
P09139,Green Tea,2026-05-25,2026-06-07 17:58:44,2028-04-22,AVAILABLE
P09140,Notebook,2023-09-29,2023-10-26 18:05:53,2025-06-04,EXPIRED
P09141,Dish Soap,2026-04-14,2026-05-14 18:16:22,2027-11-21,RESERVED
P09142,Notebook,2024-07-23,2024-08-16 19:28:09,2026-08-12,EXPIRED
P09143,Chocolate,2025-08-12,2025-09-08 04:42:57,2026-01-01,EXPIRED
P09144,Chocolate,2025-09-29,2025-10-08 09:08:43,2026-06-06,EXPIRED
P09145,Toothpaste,2025-01-08,2025-01-22 07:36:16,2025-02-10,EXPIRED
P09146,Green Tea,2025-02-25,2025-03-08 03:55:18,2026-12-03,AVAILABLE
P09147,Chocolate,2025-05-11,2025-06-03 11:31:19,2028-05-03,AVAILABLE
P09148,Chocolate,2024-10-13,2024-10-19 10:08:45,2027-09-25,AVAILABLE
P09149,Laundry Detergent,2025-03-17,2025-03-27 12:20:55,2025-05-21,EXPIRED
P09150,Laundry Detergent,2026-06-04,2026-06-12 00:16:15,2026-12-19,AVAILABLE
P09151,Laundry Detergent,2024-08-24,2024-08-29 02:15:38,2025-04-11,EXPIRED
P09152,Instant Coffee,2025-06-13,2025-07-06 19:39:31,2027-06-09,AVAILABLE
P09153,Dish Soap,2024-03-24,2024-04-13 06:31:31,2027-01-08,AVAILABLE
P09154,Toothpaste,2023-09-07,2023-09-19 08:53:09,2024-09-05,EXPIRED
P09155,Green Tea,2023-08-25,2023-08-31 10:48:50,2023-09-27,EXPIRED
P09156,Water Bottle,2025-12-15,2026-01-06 06:17:48,2026-08-02,EXPIRED
P09157,Laptop Stand,2024-08-12,2024-08-28 04:11:14,2027-04-01,AVAILABLE
P09158,Mechanical Keyboard,2025-06-29,2025-07-09 02:38:30,2027-07-06,AVAILABLE
P09159,Hand Soap,2023-04-11,2023-05-03 01:54:27,2024-09-05,EXPIRED
P09160,Laptop Stand,2024-04-25,2024-05-15 19:35:42,2027-02-21,AVAILABLE
P09161,Water Bottle,2024-04-08,2024-04-20 05:06:00,2026-04-07,EXPIRED
P09162,Dish Soap,2024-01-23,2024-02-13 14:23:22,2025-02-23,EXPIRED
P09163,Shampoo,2024-04-08,2024-04-14 02:33:38,2025-12-04,EXPIRED
P09164,Orange Juice,2023-07-24,2023-08-17 01:35:33,2025-08-01,EXPIRED
P09165,Dish Soap,2026-02-28,2026-03-23 22:37:33,2026-10-07,AVAILABLE
P09166,Power Bank,2023-07-24,2023-08-19 19:39:17,2024-08-28,EXPIRED
P09167,Laundry Detergent,2023-09-03,2023-09-19 22:35:15,2025-05-09,EXPIRED
P09168,Bluetooth Speaker,2026-08-08,2026-08-09 13:16:12,2027-10-22,RESERVED
P09169,Notebook,2026-09-05,2026-10-04 10:21:12,2028-06-28,AVAILABLE
P09170,Water Bottle,2024-08-04,2024-08-23 21:29:45,2025-03-24,EXPIRED
P09171,Ballpoint Pen,2025-06-29,2025-07-04 20:00:17,2025-11-09,EXPIRED
P09172,Notebook,2024-03-17,2024-03-23 09:09:17,2025-05-22,EXPIRED
P09173,Mechanical Keyboard,2023-02-20,2023-03-12 20:05:43,2025-10-18,EXPIRED
P09174,Instant Coffee,2023-08-17,2023-08-30 06:14:08,2025-05-08,EXPIRED
P09175,Instant Coffee,2023-01-08,2023-01-30 16:41:50,2025-11-22,EXPIRED
P09176,Laptop Stand,2024-09-18,2024-09-27 15:32:15,2024-12-15,EXPIRED
P09177,Hand Soap,2023-09-01,2023-09-30 04:05:58,2024-09-07,EXPIRED
P09178,Orange Juice,2025-10-12,2025-11-01 17:37:27,2026-04-19,EXPIRED
P09179,Mechanical Keyboard,2023-10-28,2023-11-07 03:36:32,2024-11-27,EXPIRED
P09180,Hand Soap,2023-11-30,2023-12-09 09:41:39,2026-01-05,EXPIRED
P09181,Laptop Stand,2023-03-18,2023-04-02 12:36:37,2023-09-21,EXPIRED
P09182,Orange Juice,2023-10-21,2023-11-17 17:13:05,2024-05-22,EXPIRED
P09183,Notebook,2025-08-07,2025-08-23 16:36:22,2026-04-12,EXPIRED
P09184,Shampoo,2025-04-10,2025-04-22 01:59:06,2025-08-16,EXPIRED
P09185,Mechanical Keyboard,2025-02-01,2025-02-10 09:01:48,2025-12-22,EXPIRED
P09186,Toothpaste,2025-06-15,2025-06-28 01:07:42,2026-03-30,EXPIRED
P09187,Instant Coffee,2023-07-19,2023-08-01 04:21:53,2026-04-09,EXPIRED
P09188,Orange Juice,2023-07-08,2023-07-09 01:01:13,2025-10-05,EXPIRED
P09189,Shampoo,2026-01-05,2026-01-17 15:55:19,2027-06-08,AVAILABLE
P09190,Hand Soap,2026-08-09,2026-08-17 17:17:54,2029-03-19,RESERVED
P09191,USB Cable,2026-01-24,2026-02-02 11:32:04,2028-04-28,AVAILABLE
P09192,Mechanical Keyboard,2023-12-28,2024-01-01 05:37:51,2024-07-04,EXPIRED
P09193,Laundry Detergent,2023-11-22,2023-11-29 13:12:54,2026-08-19,EXPIRED
P09194,Bluetooth Speaker,2024-11-07,2024-12-04 03:05:08,2025-02-09,EXPIRED
P09195,Water Bottle,2023-06-27,2023-06-29 04:24:09,2024-11-14,EXPIRED
P09196,Toothpaste,2023-02-20,2023-03-04 01:24:50,2025-10-07,EXPIRED
P09197,Chocolate,2026-02-14,2026-03-10 05:43:22,2027-02-06,AVAILABLE
P09198,Notebook,2023-11-24,2023-12-05 09:54:56,2026-03-08,EXPIRED
P09199,Cereal,2024-07-24,2024-08-09 12:14:51,2025-01-27,EXPIRED
P09200,Shampoo,2026-05-17,2026-05-20 09:23:22,2026-10-03,AVAILABLE
P09201,Mineral Water,2024-11-23,2024-12-01 11:47:59,2026-07-23,EXPIRED
P09202,Laptop Stand,2024-02-22,2024-03-08 05:16:27,2026-08-08,EXPIRED
P09203,Toothpaste,2025-02-25,2025-03-21 04:10:26,2027-12-08,AVAILABLE
P09204,USB Cable,2025-10-06,2025-10-16 20:28:37,2025-11-29,EXPIRED
P09205,Green Tea,2024-12-29,2025-01-23 10:10:48,2025-11-16,EXPIRED
P09206,Chocolate,2023-12-16,2024-01-08 01:23:38,2026-06-07,EXPIRED
P09207,Green Tea,2023-10-29,2023-11-10 09:38:28,2024-03-14,EXPIRED
P09208,Mineral Water,2024-07-10,2024-07-18 15:05:39,2026-11-02,AVAILABLE
P09209,Water Bottle,2024-08-17,2024-09-14 16:39:31,2025-12-14,EXPIRED
P09210,USB Cable,2023-08-11,2023-08-25 01:07:22,2025-10-27,EXPIRED
P09211,Cereal,2024-04-25,2024-05-24 18:38:23,2025-06-08,EXPIRED
P09212,USB Cable,2023-07-16,2023-08-10 23:40:46,2025-05-27,EXPIRED
P09213,Green Tea,2024-01-11,2024-01-20 00:05:22,2024-03-27,EXPIRED
P09214,Green Tea,2024-03-13,2024-04-09 20:29:39,2024-08-14,EXPIRED
P09215,Dish Soap,2025-05-01,2025-05-28 17:01:33,2028-04-13,AVAILABLE
P09216,Cereal,2025-12-15,2026-01-07 23:23:57,2028-01-05,AVAILABLE
P09217,Instant Coffee,2025-05-24,2025-06-02 10:16:40,2027-12-28,AVAILABLE
P09218,Ballpoint Pen,2025-07-08,2025-07-27 18:49:48,2028-04-22,AVAILABLE
P09219,Bluetooth Speaker,2024-12-16,2025-01-09 09:59:10,2025-05-13,EXPIRED
P09220,Chocolate,2024-03-12,2024-03-25 16:10:51,2026-12-14,AVAILABLE
P09221,Mineral Water,2025-11-20,2025-11-29 18:31:56,2027-10-22,AVAILABLE
P09222,Toothpaste,2025-12-06,2026-01-03 20:55:27,2028-09-16,AVAILABLE
P09223,Cereal,2024-04-21,2024-04-23 16:06:21,2024-06-01,EXPIRED
P09224,Laundry Detergent,2025-04-07,2025-04-22 16:43:49,2026-10-24,AVAILABLE
P09225,Power Bank,2023-08-09,2023-09-06 19:57:14,2024-07-29,EXPIRED
P09226,Chocolate,2025-04-25,2025-05-11 02:41:45,2026-04-06,EXPIRED
P09227,Toothpaste,2024-11-19,2024-11-25 06:28:57,2025-07-23,EXPIRED
P09228,Wireless Mouse,2023-01-18,2023-02-11 04:46:50,2025-03-11,EXPIRED
P09229,Ballpoint Pen,2026-08-05,2026-08-18 06:20:04,2029-05-26,AVAILABLE
P09230,Toothpaste,2023-04-24,2023-05-06 06:52:11,2023-08-17,EXPIRED
P09231,Notebook,2024-05-18,2024-05-31 02:14:43,2024-07-28,EXPIRED
P09232,USB Cable,2024-08-13,2024-08-23 13:17:50,2025-04-21,EXPIRED
P09233,Ballpoint Pen,2025-09-14,2025-09-20 22:36:53,2027-05-28,AVAILABLE
P09234,Mechanical Keyboard,2024-03-08,2024-03-22 15:20:33,2024-05-06,EXPIRED
P09235,Mineral Water,2026-03-09,2026-04-03 23:14:09,2027-10-05,AVAILABLE
P09236,USB Cable,2023-07-07,2023-07-22 02:53:12,2023-10-14,EXPIRED
P09237,Instant Coffee,2025-09-19,2025-09-20 19:29:06,2027-04-13,AVAILABLE
P09238,Toothpaste,2026-04-25,2026-04-27 17:29:30,2027-09-16,AVAILABLE
P09239,Water Bottle,2026-07-28,2026-08-01 13:51:36,2027-06-16,AVAILABLE
P09240,Orange Juice,2026-06-02,2026-06-08 15:19:26,2026-10-06,AVAILABLE
P09241,Mechanical Keyboard,2023-02-03,2023-02-16 20:38:58,2025-08-27,EXPIRED
P09242,Hand Soap,2024-08-21,2024-08-23 00:38:44,2027-04-24,AVAILABLE
P09243,USB Cable,2025-11-17,2025-11-24 04:23:40,2028-03-11,AVAILABLE
P09244,USB Cable,2026-01-19,2026-01-20 12:06:00,2028-01-12,AVAILABLE
P09245,Toothpaste,2023-03-25,2023-03-26 15:03:53,2023-06-05,EXPIRED
P09246,Power Bank,2023-01-13,2023-02-12 04:48:08,2023-11-10,EXPIRED
P09247,Power Bank,2023-12-13,2024-01-05 12:35:53,2025-04-02,EXPIRED
P09248,Ballpoint Pen,2023-03-27,2023-04-07 03:54:47,2023-07-08,EXPIRED
P09249,Power Bank,2023-06-06,2023-07-01 17:58:04,2025-08-19,EXPIRED
P09250,Notebook,2024-02-06,2024-03-03 08:46:37,2024-10-22,EXPIRED
P09251,Wireless Mouse,2025-02-21,2025-03-23 14:27:39,2028-02-17,AVAILABLE
P09252,USB Cable,2023-03-23,2023-04-19 03:18:39,2025-01-05,EXPIRED
P09253,USB Cable,2023-06-17,2023-07-13 13:14:53,2024-07-18,EXPIRED
P09254,Laundry Detergent,2023-11-03,2023-11-27 04:23:07,2026-01-21,EXPIRED
P09255,Green Tea,2023-10-04,2023-11-03 18:59:21,2026-09-06,EXPIRED
P09256,Mineral Water,2023-09-06,2023-09-20 14:09:06,2024-02-11,EXPIRED
P09257,Hand Soap,2023-02-10,2023-03-10 04:52:20,2024-08-11,EXPIRED
P09258,Chocolate,2026-05-03,2026-05-16 10:20:02,2027-04-19,RESERVED
P09259,Green Tea,2023-11-17,2023-12-16 22:05:54,2026-11-12,RESERVED
P09260,Bluetooth Speaker,2024-10-28,2024-11-24 08:40:33,2025-03-10,EXPIRED
P09261,Cereal,2025-08-13,2025-08-25 19:53:21,2025-09-16,EXPIRED
P09262,Laptop Stand,2024-08-25,2024-08-30 08:41:49,2025-07-04,EXPIRED
P09263,Shampoo,2024-03-16,2024-03-24 11:11:14,2024-12-07,EXPIRED
P09264,Toothpaste,2026-07-12,2026-07-23 09:32:28,2029-05-26,AVAILABLE
P09265,Water Bottle,2023-11-11,2023-11-12 04:01:25,2024-06-12,EXPIRED
P09266,Water Bottle,2026-06-14,2026-07-10 20:08:00,2027-11-07,AVAILABLE
P09267,Dish Soap,2025-04-30,2025-05-15 13:53:46,2028-01-01,AVAILABLE
P09268,Chocolate,2025-11-26,2025-12-25 05:11:32,2028-09-22,AVAILABLE
P09269,Wireless Mouse,2025-10-18,2025-11-17 06:39:03,2026-02-14,EXPIRED
P09270,Chocolate,2026-06-07,2026-06-21 07:02:44,2028-09-05,AVAILABLE
P09271,Mineral Water,2025-07-08,2025-08-02 13:11:36,2027-09-20,AVAILABLE
P09272,Laptop Stand,2026-05-31,2026-06-28 13:41:19,2026-11-20,RESERVED
P09273,Mechanical Keyboard,2024-06-10,2024-07-06 22:31:07,2026-11-06,AVAILABLE
P09274,Ballpoint Pen,2024-11-02,2024-11-30 08:53:20,2027-09-26,AVAILABLE
P09275,Chocolate,2025-04-13,2025-04-25 14:29:45,2026-01-09,EXPIRED
P09276,Instant Coffee,2026-07-20,2026-08-04 03:22:12,2028-01-22,AVAILABLE
P09277,Toothpaste,2025-10-25,2025-11-18 18:13:40,2026-11-16,AVAILABLE
P09278,Toothpaste,2024-03-16,2024-03-21 05:51:29,2026-05-28,EXPIRED
P09279,Shampoo,2024-10-18,2024-10-27 23:34:40,2026-07-02,EXPIRED
P09280,Bluetooth Speaker,2025-10-20,2025-11-17 09:49:38,2027-07-05,AVAILABLE
P09281,Chocolate,2024-12-02,2024-12-23 08:41:03,2026-01-23,EXPIRED
P09282,Wireless Mouse,2023-02-27,2023-03-04 20:06:54,2024-12-02,EXPIRED
P09283,Instant Coffee,2025-02-26,2025-03-12 10:48:54,2026-11-19,AVAILABLE
P09284,Water Bottle,2026-02-08,2026-02-26 05:13:08,2027-08-01,AVAILABLE
P09285,Cereal,2024-05-16,2024-05-23 11:24:26,2027-05-05,AVAILABLE
P09286,Bluetooth Speaker,2025-12-08,2025-12-28 23:48:26,2028-01-24,AVAILABLE
P09287,Orange Juice,2024-09-13,2024-10-03 20:09:42,2024-10-23,EXPIRED
P09288,Instant Coffee,2026-06-13,2026-07-01 00:07:12,2027-11-01,RESERVED
P09289,Toothpaste,2026-08-01,2026-08-14 02:50:39,2027-02-06,AVAILABLE
P09290,Toothpaste,2025-09-13,2025-09-14 03:58:19,2026-04-13,EXPIRED
P09291,Power Bank,2023-06-11,2023-06-23 23:49:33,2024-02-17,EXPIRED
P09292,Mineral Water,2023-11-11,2023-11-18 02:22:15,2025-06-22,EXPIRED
P09293,Laptop Stand,2026-01-28,2026-01-31 03:22:34,2028-10-01,RESERVED
P09294,Mineral Water,2024-11-22,2024-11-24 18:49:04,2027-01-31,AVAILABLE
P09295,Ballpoint Pen,2025-07-07,2025-08-05 20:23:01,2027-08-31,AVAILABLE
P09296,Ballpoint Pen,2023-10-08,2023-10-12 11:04:02,2024-05-14,EXPIRED
P09297,Mechanical Keyboard,2023-03-04,2023-03-25 18:54:16,2024-11-26,EXPIRED
P09298,Instant Coffee,2023-01-31,2023-02-02 04:29:31,2024-06-05,EXPIRED
P09299,Bluetooth Speaker,2023-01-29,2023-02-20 12:21:25,2024-10-12,EXPIRED
P09300,Bluetooth Speaker,2025-07-03,2025-07-24 13:40:12,2025-08-19,EXPIRED
P09301,Dish Soap,2023-12-21,2024-01-03 06:59:10,2026-04-05,EXPIRED
P09302,Toothpaste,2025-05-04,2025-05-28 07:44:41,2025-12-25,EXPIRED
P09303,USB Cable,2024-09-25,2024-10-03 02:47:03,2027-05-22,AVAILABLE
P09304,Instant Coffee,2026-05-07,2026-05-24 15:05:17,2027-01-14,AVAILABLE
P09305,Laptop Stand,2025-06-03,2025-06-27 09:08:37,2026-09-28,AVAILABLE
P09306,Mineral Water,2024-06-10,2024-07-04 12:56:07,2026-02-06,EXPIRED
P09307,Water Bottle,2025-11-02,2025-11-26 06:53:57,2028-10-03,RESERVED
P09308,USB Cable,2025-04-25,2025-05-11 09:45:46,2026-02-24,EXPIRED
P09309,Laundry Detergent,2026-05-03,2026-05-30 10:58:19,2026-09-14,EXPIRED
P09310,Orange Juice,2025-12-26,2026-01-05 21:30:16,2027-06-13,AVAILABLE
P09311,Notebook,2024-08-22,2024-09-07 10:08:50,2027-07-28,AVAILABLE
P09312,Hand Soap,2023-11-28,2023-12-19 09:21:52,2026-07-23,EXPIRED
P09313,Notebook,2026-02-12,2026-03-03 17:11:11,2027-10-24,AVAILABLE
P09314,Orange Juice,2024-08-27,2024-08-28 23:41:17,2025-08-02,EXPIRED
P09315,Power Bank,2023-02-13,2023-02-14 03:19:40,2025-06-10,EXPIRED
P09316,Power Bank,2023-08-13,2023-09-07 15:28:33,2025-07-01,EXPIRED
P09317,Green Tea,2025-01-31,2025-02-07 18:47:53,2025-05-05,EXPIRED
P09318,Orange Juice,2025-06-20,2025-07-13 19:34:24,2027-09-15,AVAILABLE
P09319,Shampoo,2026-05-02,2026-05-08 06:15:36,2028-04-24,AVAILABLE
P09320,Wireless Mouse,2023-03-08,2023-04-01 21:40:57,2023-12-24,EXPIRED
P09321,Orange Juice,2024-12-20,2024-12-27 19:21:55,2026-01-29,EXPIRED
P09322,Orange Juice,2025-03-30,2025-04-22 06:29:53,2028-01-22,RESERVED
P09323,Water Bottle,2023-08-05,2023-08-11 11:10:19,2025-09-14,EXPIRED
P09324,Dish Soap,2025-09-29,2025-10-25 01:07:14,2026-05-11,EXPIRED
P09325,Power Bank,2023-05-09,2023-05-24 11:07:31,2024-10-06,EXPIRED
P09326,Water Bottle,2025-01-17,2025-02-04 06:26:09,2026-10-11,AVAILABLE
P09327,Laptop Stand,2023-09-12,2023-09-23 02:21:27,2025-07-05,EXPIRED
P09328,Chocolate,2024-03-27,2024-04-14 15:56:35,2026-12-26,AVAILABLE
P09329,Toothpaste,2023-05-21,2023-05-29 10:43:56,2024-09-03,EXPIRED
P09330,Orange Juice,2025-11-17,2025-12-09 18:05:58,2026-04-11,EXPIRED
P09331,Orange Juice,2024-07-24,2024-08-11 05:21:27,2025-07-14,EXPIRED
P09332,Hand Soap,2024-03-12,2024-04-01 13:50:17,2025-05-23,EXPIRED
P09333,Water Bottle,2023-09-13,2023-09-27 02:49:09,2023-10-13,EXPIRED
P09334,Ballpoint Pen,2026-06-16,2026-06-21 17:26:42,2029-03-16,AVAILABLE
P09335,Chocolate,2023-11-10,2023-12-02 22:30:30,2025-10-16,EXPIRED
P09336,Power Bank,2024-10-06,2024-10-14 12:42:28,2025-08-12,EXPIRED
P09337,Mechanical Keyboard,2026-04-23,2026-05-08 23:22:02,2028-07-17,AVAILABLE
P09338,Ballpoint Pen,2026-04-29,2026-05-03 21:59:41,2027-02-16,RESERVED
P09339,Laundry Detergent,2024-10-04,2024-11-01 23:25:33,2026-09-09,EXPIRED
P09340,Notebook,2024-07-17,2024-07-27 02:26:18,2025-12-13,EXPIRED
P09341,Water Bottle,2023-07-23,2023-08-17 02:05:20,2025-10-11,EXPIRED
P09342,Laundry Detergent,2024-10-12,2024-10-22 00:10:24,2025-07-25,EXPIRED
P09343,Power Bank,2025-11-26,2025-11-28 12:45:44,2026-01-15,EXPIRED
P09344,Instant Coffee,2025-04-17,2025-04-25 05:14:43,2027-06-12,RESERVED
P09345,Power Bank,2026-01-31,2026-02-11 05:09:38,2026-08-31,EXPIRED
P09346,Shampoo,2024-12-26,2025-01-08 02:12:44,2025-05-31,EXPIRED
P09347,Toothpaste,2024-05-07,2024-06-02 19:32:28,2024-11-13,EXPIRED
P09348,Chocolate,2025-11-12,2025-11-22 21:20:17,2027-09-03,AVAILABLE
P09349,Wireless Mouse,2023-01-09,2023-01-24 20:18:50,2024-12-29,EXPIRED
P09350,Toothpaste,2025-09-27,2025-10-13 09:07:41,2027-06-20,AVAILABLE
P09351,Orange Juice,2023-07-25,2023-08-11 06:06:25,2025-01-05,EXPIRED
P09352,Water Bottle,2023-12-25,2024-01-23 11:14:54,2025-06-03,EXPIRED
P09353,Shampoo,2024-02-08,2024-02-10 10:29:47,2026-03-02,EXPIRED
P09354,Toothpaste,2025-11-01,2025-11-28 12:25:55,2026-03-25,EXPIRED
P09355,Toothpaste,2023-04-30,2023-05-06 10:01:29,2025-07-19,EXPIRED
P09356,Shampoo,2025-05-23,2025-05-25 12:36:41,2027-06-23,AVAILABLE
P09357,Dish Soap,2025-01-09,2025-02-01 04:27:05,2025-05-15,EXPIRED
P09358,Shampoo,2025-11-16,2025-12-06 13:23:22,2027-02-17,AVAILABLE
P09359,Mineral Water,2024-06-05,2024-06-21 08:55:06,2025-12-18,EXPIRED
P09360,USB Cable,2024-01-05,2024-01-27 08:00:43,2025-07-20,EXPIRED
P09361,Water Bottle,2026-03-10,2026-03-24 16:18:32,2027-06-13,AVAILABLE
P09362,Notebook,2025-03-05,2025-03-07 00:00:56,2025-08-19,EXPIRED
P09363,Laundry Detergent,2026-09-13,2026-10-05 04:00:57,2029-08-29,AVAILABLE
P09364,Power Bank,2025-03-04,2025-03-25 06:33:56,2025-12-08,EXPIRED
P09365,Notebook,2024-03-17,2024-04-09 21:37:40,2025-02-07,EXPIRED
P09366,Hand Soap,2023-06-16,2023-07-05 03:32:37,2024-10-09,EXPIRED
P09367,Laundry Detergent,2023-08-05,2023-08-25 17:30:56,2024-05-24,EXPIRED
P09368,Power Bank,2025-04-26,2025-05-07 00:06:54,2025-10-24,EXPIRED
P09369,Toothpaste,2025-01-11,2025-01-26 13:47:00,2025-09-08,EXPIRED
P09370,Dish Soap,2023-03-07,2023-03-24 13:45:28,2025-01-19,EXPIRED
P09371,Bluetooth Speaker,2023-09-16,2023-09-30 04:19:38,2024-04-10,EXPIRED
P09372,Cereal,2023-09-21,2023-10-13 16:39:14,2024-09-29,EXPIRED
P09373,Dish Soap,2023-08-08,2023-09-07 12:55:27,2025-07-28,EXPIRED
P09374,USB Cable,2025-09-25,2025-10-11 06:04:13,2026-04-13,EXPIRED
P09375,Ballpoint Pen,2025-08-01,2025-08-30 09:36:15,2026-04-24,EXPIRED
P09376,Instant Coffee,2024-10-29,2024-11-03 22:50:47,2027-08-26,RESERVED
P09377,Shampoo,2024-01-09,2024-02-04 11:21:39,2025-06-27,EXPIRED
P09378,Hand Soap,2025-05-16,2025-06-07 11:04:05,2028-05-12,AVAILABLE
P09379,Cereal,2025-06-14,2025-07-09 13:40:49,2027-06-05,AVAILABLE
P09380,Mineral Water,2024-03-15,2024-04-04 03:29:10,2026-11-30,AVAILABLE
P09381,Cereal,2024-05-30,2024-06-17 22:12:26,2025-06-16,EXPIRED
P09382,Laundry Detergent,2023-07-10,2023-08-07 23:12:18,2024-04-13,EXPIRED
P09383,Instant Coffee,2024-11-14,2024-11-15 06:12:18,2027-03-17,AVAILABLE
P09384,Hand Soap,2024-09-29,2024-10-18 13:54:40,2027-08-29,AVAILABLE
P09385,Cereal,2025-07-02,2025-07-12 20:47:18,2027-12-25,RESERVED
P09386,Cereal,2024-09-15,2024-10-08 08:34:09,2025-06-07,EXPIRED
P09387,Dish Soap,2025-09-27,2025-10-04 19:35:42,2026-10-24,AVAILABLE
P09388,Bluetooth Speaker,2024-11-06,2024-12-05 10:32:34,2027-09-04,AVAILABLE
P09389,Green Tea,2023-03-23,2023-04-21 11:03:13,2023-09-02,EXPIRED
P09390,Cereal,2023-05-16,2023-05-23 09:48:42,2025-07-30,EXPIRED
P09391,Orange Juice,2023-04-21,2023-05-09 22:42:26,2025-03-12,EXPIRED
P09392,Shampoo,2026-06-23,2026-07-12 13:44:47,2027-10-14,AVAILABLE
P09393,Hand Soap,2024-06-29,2024-07-09 15:56:31,2025-01-05,EXPIRED
P09394,Instant Coffee,2024-09-22,2024-09-25 05:21:47,2026-02-22,EXPIRED
P09395,Dish Soap,2026-08-03,2026-08-11 08:55:53,2027-02-27,AVAILABLE
P09396,Shampoo,2025-01-24,2025-02-18 14:52:57,2025-11-27,EXPIRED
P09397,Ballpoint Pen,2026-06-25,2026-07-10 13:53:24,2028-08-13,AVAILABLE
P09398,Laptop Stand,2023-03-29,2023-04-27 13:52:31,2023-08-06,EXPIRED
P09399,Instant Coffee,2026-05-27,2026-06-04 06:24:28,2029-03-19,AVAILABLE
P09400,Green Tea,2024-09-29,2024-10-27 03:02:55,2026-03-28,EXPIRED
P09401,Water Bottle,2026-04-13,2026-04-29 03:47:49,2026-12-28,AVAILABLE
P09402,Laptop Stand,2023-04-23,2023-05-22 00:13:42,2024-12-06,EXPIRED
P09403,Mechanical Keyboard,2026-06-28,2026-07-22 07:21:47,2029-06-08,AVAILABLE
P09404,Hand Soap,2023-08-21,2023-09-20 15:12:43,2024-06-22,EXPIRED
P09405,Mechanical Keyboard,2024-03-08,2024-03-11 21:00:27,2026-06-29,EXPIRED
P09406,Mineral Water,2024-07-30,2024-08-28 13:44:23,2025-03-14,EXPIRED
P09407,Dish Soap,2024-06-30,2024-07-16 16:50:32,2027-05-16,RESERVED
P09408,Ballpoint Pen,2025-08-14,2025-08-31 17:32:19,2027-08-30,AVAILABLE
P09409,Hand Soap,2026-06-22,2026-07-16 11:29:44,2029-03-25,AVAILABLE
P09410,Power Bank,2024-08-21,2024-09-18 19:05:29,2026-05-14,EXPIRED
P09411,Shampoo,2023-05-18,2023-06-08 19:03:59,2025-07-25,EXPIRED
P09412,Notebook,2023-12-29,2024-01-24 07:40:45,2026-01-22,EXPIRED
P09413,Power Bank,2023-02-12,2023-03-02 20:54:46,2024-05-05,EXPIRED
P09414,Bluetooth Speaker,2025-10-07,2025-10-29 16:25:25,2028-10-06,AVAILABLE
P09415,Laundry Detergent,2026-09-14,2026-10-04 18:33:19,2027-08-09,AVAILABLE
P09416,Wireless Mouse,2024-04-13,2024-04-19 12:51:21,2024-09-13,EXPIRED
P09417,Instant Coffee,2023-04-12,2023-05-11 10:58:08,2024-10-28,EXPIRED
P09418,Power Bank,2023-07-17,2023-07-26 05:02:46,2026-02-08,EXPIRED
P09419,Shampoo,2025-02-04,2025-03-04 03:51:14,2026-05-22,EXPIRED
P09420,Cereal,2023-12-31,2024-01-27 18:18:38,2026-03-05,EXPIRED
P09421,Hand Soap,2025-06-14,2025-06-16 07:45:40,2027-11-16,RESERVED
P09422,USB Cable,2023-03-04,2023-03-22 08:50:40,2024-03-05,EXPIRED
P09423,Notebook,2025-09-05,2025-09-07 09:49:20,2026-11-30,AVAILABLE
P09424,Shampoo,2026-01-16,2026-01-31 12:04:09,2028-08-21,AVAILABLE
P09425,Hand Soap,2025-02-10,2025-02-15 03:40:54,2026-04-17,EXPIRED
P09426,Cereal,2024-09-06,2024-09-27 10:25:48,2025-02-22,EXPIRED
P09427,Green Tea,2024-04-09,2024-05-07 03:22:47,2025-06-17,EXPIRED
P09428,Dish Soap,2026-07-07,2026-07-14 21:56:19,2028-08-17,AVAILABLE
P09429,USB Cable,2024-01-01,2024-01-29 01:02:33,2025-12-10,EXPIRED
P09430,Notebook,2023-03-29,2023-04-08 01:49:01,2024-04-21,EXPIRED
P09431,Green Tea,2023-08-01,2023-08-23 14:02:13,2025-12-06,EXPIRED
P09432,Green Tea,2024-01-11,2024-02-09 07:51:31,2025-07-02,EXPIRED
P09433,Water Bottle,2023-06-08,2023-06-15 09:52:40,2024-05-08,EXPIRED
P09434,Chocolate,2023-05-09,2023-05-19 20:28:07,2026-04-22,EXPIRED
P09435,Notebook,2025-09-14,2025-10-12 12:10:54,2026-03-16,EXPIRED
P09436,Hand Soap,2025-08-18,2025-09-07 21:52:46,2027-05-12,RESERVED
P09437,Bluetooth Speaker,2026-08-07,2026-08-27 05:06:02,2027-04-06,AVAILABLE
P09438,Bluetooth Speaker,2025-10-12,2025-11-10 08:34:49,2026-08-11,EXPIRED
P09439,USB Cable,2024-11-28,2024-12-27 02:57:30,2026-11-18,AVAILABLE
P09440,Hand Soap,2026-03-08,2026-03-22 07:05:14,2027-01-26,AVAILABLE
P09441,Mechanical Keyboard,2026-09-18,2026-10-16 23:59:17,2028-12-23,AVAILABLE
P09442,Ballpoint Pen,2025-05-09,2025-06-01 20:40:20,2025-12-13,EXPIRED
P09443,Ballpoint Pen,2025-03-22,2025-04-04 05:30:05,2026-11-07,AVAILABLE
P09444,Hand Soap,2023-04-16,2023-04-30 10:59:44,2025-10-19,EXPIRED
P09445,Dish Soap,2025-06-11,2025-06-17 06:28:32,2027-08-11,RESERVED
P09446,Toothpaste,2025-08-05,2025-08-09 21:56:29,2026-05-13,EXPIRED
P09447,Laptop Stand,2023-05-15,2023-06-03 18:36:12,2023-12-07,EXPIRED
P09448,Hand Soap,2025-02-16,2025-03-12 23:30:00,2027-12-15,RESERVED
P09449,Wireless Mouse,2023-01-03,2023-01-08 05:41:28,2025-06-19,EXPIRED
P09450,Laptop Stand,2024-07-20,2024-07-30 10:11:28,2027-06-20,AVAILABLE
P09451,Water Bottle,2023-01-01,2023-01-24 00:14:38,2025-11-13,EXPIRED
P09452,Dish Soap,2026-07-28,2026-08-22 01:26:50,2028-04-05,AVAILABLE
P09453,Cereal,2026-03-01,2026-03-11 23:38:05,2028-07-27,AVAILABLE
P09454,Chocolate,2026-05-15,2026-06-05 16:31:44,2027-12-22,AVAILABLE
P09455,Water Bottle,2024-01-01,2024-01-02 06:46:37,2024-11-15,EXPIRED
P09456,Laptop Stand,2025-02-13,2025-03-03 12:32:30,2025-05-06,EXPIRED
P09457,Water Bottle,2025-08-21,2025-09-02 11:47:50,2028-06-21,AVAILABLE
P09458,Orange Juice,2024-08-10,2024-08-21 15:45:44,2026-11-09,AVAILABLE
P09459,Water Bottle,2023-01-09,2023-01-28 04:16:47,2025-06-14,EXPIRED
P09460,Chocolate,2024-02-25,2024-02-26 16:07:14,2024-12-15,EXPIRED
P09461,Bluetooth Speaker,2023-12-21,2024-01-02 14:23:01,2025-07-02,EXPIRED
P09462,USB Cable,2023-10-10,2023-10-16 13:25:19,2025-03-11,EXPIRED
P09463,Orange Juice,2023-01-07,2023-01-26 08:53:57,2024-11-12,EXPIRED
P09464,Orange Juice,2026-08-17,2026-09-07 14:14:06,2028-04-24,AVAILABLE
P09465,Bluetooth Speaker,2026-09-12,2026-09-26 13:11:09,2028-03-13,AVAILABLE
P09466,Toothpaste,2025-05-27,2025-05-28 06:35:09,2028-04-19,AVAILABLE
P09467,Hand Soap,2023-05-24,2023-05-26 01:09:16,2025-03-31,EXPIRED
P09468,Dish Soap,2025-12-17,2026-01-08 13:17:07,2028-08-14,RESERVED
P09469,Notebook,2024-05-05,2024-05-25 19:53:24,2027-02-08,AVAILABLE
P09470,Instant Coffee,2026-09-09,2026-10-07 20:14:48,2027-11-28,AVAILABLE
P09471,Dish Soap,2024-02-05,2024-02-29 06:33:28,2026-08-02,EXPIRED
P09472,Laundry Detergent,2025-11-15,2025-11-22 17:46:50,2028-03-10,AVAILABLE
P09473,Notebook,2025-12-20,2025-12-25 11:32:07,2028-07-23,AVAILABLE
P09474,Laundry Detergent,2025-06-07,2025-06-25 03:58:24,2027-06-20,AVAILABLE
P09475,Bluetooth Speaker,2024-05-25,2024-06-05 01:31:51,2025-10-19,EXPIRED
P09476,Hand Soap,2026-01-17,2026-02-02 07:46:40,2028-02-23,AVAILABLE
P09477,Power Bank,2026-04-02,2026-04-22 16:01:24,2029-03-24,AVAILABLE
P09478,Ballpoint Pen,2025-04-07,2025-04-08 21:12:59,2026-07-08,EXPIRED
P09479,Chocolate,2023-12-28,2024-01-17 19:46:22,2024-05-23,EXPIRED
P09480,Laundry Detergent,2025-03-19,2025-04-03 04:46:09,2027-08-02,RESERVED
P09481,Shampoo,2024-01-15,2024-02-02 02:57:03,2026-08-22,EXPIRED
P09482,Mineral Water,2025-06-20,2025-07-05 23:28:51,2027-11-13,AVAILABLE
P09483,Instant Coffee,2026-05-17,2026-06-02 02:34:04,2026-09-16,EXPIRED
P09484,Orange Juice,2026-08-28,2026-09-16 14:16:58,2029-02-24,AVAILABLE
P09485,Notebook,2026-03-10,2026-03-18 06:02:23,2027-06-24,RESERVED
P09486,Hand Soap,2024-07-28,2024-07-30 21:27:10,2026-02-02,EXPIRED
P09487,Bluetooth Speaker,2025-03-05,2025-03-09 01:45:15,2026-08-11,EXPIRED
P09488,Bluetooth Speaker,2024-07-26,2024-08-13 22:30:31,2025-09-13,EXPIRED
P09489,Mineral Water,2024-12-18,2024-12-22 16:34:17,2025-09-01,EXPIRED
P09490,Ballpoint Pen,2026-01-03,2026-01-30 13:48:25,2026-07-18,EXPIRED
P09491,Water Bottle,2023-10-17,2023-11-05 09:01:25,2025-03-17,EXPIRED
P09492,Orange Juice,2025-08-25,2025-08-31 08:29:25,2026-11-15,AVAILABLE
P09493,Laundry Detergent,2024-12-14,2024-12-30 04:51:25,2026-11-05,AVAILABLE
P09494,Wireless Mouse,2025-08-10,2025-08-15 17:59:43,2027-05-14,AVAILABLE
P09495,Dish Soap,2026-08-20,2026-09-12 22:22:33,2026-10-05,AVAILABLE
P09496,Notebook,2026-06-27,2026-07-23 18:58:32,2028-12-21,AVAILABLE
P09497,Notebook,2023-11-26,2023-12-22 22:17:41,2025-09-27,EXPIRED
P09498,Wireless Mouse,2024-10-31,2024-11-03 08:39:01,2026-08-27,EXPIRED
P09499,Dish Soap,2025-08-14,2025-09-07 07:22:46,2028-06-07,AVAILABLE
P09500,Green Tea,2024-04-07,2024-05-04 09:50:20,2025-08-30,EXPIRED
P09501,Mineral Water,2024-08-24,2024-09-13 18:25:06,2025-01-26,EXPIRED
P09502,Hand Soap,2025-10-19,2025-11-12 18:38:40,2028-05-16,AVAILABLE
P09503,Bluetooth Speaker,2023-11-03,2023-11-09 04:44:27,2025-08-23,EXPIRED
P09504,Mineral Water,2023-06-23,2023-07-18 10:59:15,2024-11-19,EXPIRED
P09505,Mechanical Keyboard,2023-01-22,2023-01-27 15:00:08,2025-09-20,EXPIRED
P09506,Orange Juice,2023-05-03,2023-05-31 15:53:26,2026-01-20,EXPIRED
P09507,Shampoo,2026-02-27,2026-03-07 17:44:02,2028-01-11,AVAILABLE
P09508,Green Tea,2025-01-03,2025-01-11 17:24:41,2025-02-22,EXPIRED
P09509,Power Bank,2025-06-09,2025-06-26 02:09:48,2025-09-23,EXPIRED
P09510,Hand Soap,2024-12-01,2024-12-29 00:03:01,2027-04-04,AVAILABLE
P09511,Ballpoint Pen,2023-06-15,2023-06-27 11:33:56,2025-06-23,EXPIRED
P09512,Notebook,2024-03-24,2024-04-21 18:57:42,2025-03-10,EXPIRED
P09513,Bluetooth Speaker,2024-06-13,2024-06-22 10:22:27,2026-06-06,EXPIRED
P09514,Laptop Stand,2024-03-10,2024-03-16 04:06:19,2026-01-02,EXPIRED
P09515,Green Tea,2023-06-21,2023-06-28 19:51:49,2025-08-24,EXPIRED
P09516,USB Cable,2025-07-04,2025-07-17 18:38:12,2026-10-04,AVAILABLE
P09517,Instant Coffee,2026-02-03,2026-02-06 10:27:37,2028-01-03,AVAILABLE
P09518,Mechanical Keyboard,2025-09-13,2025-09-14 11:47:42,2028-03-22,AVAILABLE
P09519,Orange Juice,2023-05-14,2023-05-15 13:52:52,2024-08-13,EXPIRED
P09520,Shampoo,2023-08-18,2023-09-08 02:51:08,2026-08-14,EXPIRED
P09521,Hand Soap,2024-08-19,2024-08-21 22:51:32,2025-05-07,EXPIRED
P09522,USB Cable,2025-07-17,2025-08-13 06:01:43,2027-09-24,AVAILABLE
P09523,Ballpoint Pen,2024-04-14,2024-05-11 16:09:04,2025-11-29,EXPIRED
P09524,Cereal,2023-09-29,2023-10-17 14:56:51,2026-09-26,AVAILABLE
P09525,Ballpoint Pen,2026-04-03,2026-05-02 18:25:08,2029-03-02,AVAILABLE
P09526,Instant Coffee,2023-01-16,2023-02-10 20:11:35,2024-09-24,EXPIRED
P09527,Mechanical Keyboard,2025-01-08,2025-01-13 02:32:22,2025-05-14,EXPIRED
P09528,Cereal,2025-02-24,2025-03-24 01:35:59,2026-04-18,EXPIRED
P09529,Power Bank,2026-03-15,2026-03-19 04:41:26,2026-08-01,EXPIRED
P09530,Green Tea,2026-01-23,2026-02-04 23:33:36,2028-07-03,AVAILABLE
P09531,Green Tea,2026-06-09,2026-07-09 17:04:35,2028-01-16,AVAILABLE
P09532,Wireless Mouse,2026-05-01,2026-05-29 07:34:53,2028-10-23,AVAILABLE
P09533,Chocolate,2025-07-29,2025-08-01 19:49:11,2028-06-16,RESERVED
P09534,Mechanical Keyboard,2025-02-02,2025-02-11 16:29:19,2027-10-26,AVAILABLE
P09535,Cereal,2025-03-28,2025-04-10 04:14:01,2025-08-01,EXPIRED
P09536,Orange Juice,2025-03-14,2025-03-15 18:41:19,2026-10-22,RESERVED
P09537,Mineral Water,2023-08-10,2023-08-22 00:54:06,2024-06-18,EXPIRED
P09538,Instant Coffee,2024-11-16,2024-11-18 13:25:40,2027-01-22,AVAILABLE
P09539,Shampoo,2023-04-24,2023-05-22 11:01:22,2023-07-05,EXPIRED
P09540,Dish Soap,2025-01-08,2025-01-29 11:44:29,2027-07-03,AVAILABLE
P09541,Hand Soap,2026-01-06,2026-02-04 18:13:52,2028-10-07,AVAILABLE
P09542,Instant Coffee,2026-04-10,2026-04-14 19:19:31,2027-11-06,AVAILABLE
P09543,Toothpaste,2023-11-08,2023-12-07 18:53:37,2024-03-02,EXPIRED
P09544,Water Bottle,2024-10-28,2024-11-25 04:05:44,2027-01-29,AVAILABLE
P09545,Notebook,2023-09-13,2023-09-14 04:29:27,2025-04-22,EXPIRED
P09546,Hand Soap,2023-05-26,2023-06-25 09:11:16,2024-10-03,EXPIRED
P09547,Laptop Stand,2023-06-15,2023-06-19 02:52:40,2023-10-23,EXPIRED
P09548,Bluetooth Speaker,2025-06-13,2025-07-04 13:48:43,2026-04-12,EXPIRED
P09549,Instant Coffee,2025-09-20,2025-10-05 06:40:59,2026-05-31,EXPIRED
P09550,Instant Coffee,2024-05-25,2024-05-26 19:57:34,2025-11-04,EXPIRED
P09551,Power Bank,2024-06-22,2024-07-04 05:15:31,2024-08-17,EXPIRED
P09552,Water Bottle,2024-09-24,2024-10-07 06:51:12,2025-10-29,EXPIRED
P09553,Dish Soap,2025-06-26,2025-07-05 20:09:51,2027-08-11,AVAILABLE
P09554,Cereal,2025-04-06,2025-05-05 17:25:26,2025-07-14,EXPIRED
P09555,Cereal,2026-02-08,2026-02-10 01:03:45,2028-03-16,AVAILABLE
P09556,Notebook,2026-09-08,2026-09-20 22:48:13,2027-06-02,AVAILABLE
P09557,Hand Soap,2025-02-01,2025-03-01 01:58:05,2026-12-06,AVAILABLE
P09558,Instant Coffee,2026-01-18,2026-02-10 23:51:21,2028-09-03,AVAILABLE
P09559,Power Bank,2026-02-20,2026-03-13 01:30:29,2027-10-03,AVAILABLE
P09560,Power Bank,2024-07-31,2024-08-29 16:33:55,2025-04-21,EXPIRED
P09561,Orange Juice,2026-07-23,2026-08-18 03:18:17,2029-01-13,AVAILABLE
P09562,USB Cable,2026-05-06,2026-05-28 19:21:16,2027-01-17,AVAILABLE
P09563,USB Cable,2023-03-14,2023-03-15 13:58:23,2025-08-09,EXPIRED
P09564,Bluetooth Speaker,2025-03-21,2025-04-03 13:34:35,2027-05-01,AVAILABLE
P09565,Cereal,2024-11-12,2024-11-20 20:43:25,2026-03-07,EXPIRED
P09566,Hand Soap,2025-10-13,2025-10-27 13:23:38,2027-11-03,AVAILABLE
P09567,Ballpoint Pen,2023-04-04,2023-04-10 21:14:17,2024-11-30,EXPIRED
P09568,Bluetooth Speaker,2024-04-22,2024-05-21 17:06:53,2026-10-15,AVAILABLE
P09569,Laptop Stand,2025-02-19,2025-03-05 08:32:54,2026-12-15,AVAILABLE
P09570,Power Bank,2025-12-14,2026-01-04 12:06:19,2028-03-11,AVAILABLE
P09571,Laundry Detergent,2025-11-24,2025-12-02 12:13:45,2027-11-10,AVAILABLE
P09572,Mechanical Keyboard,2026-09-12,2026-09-24 06:12:05,2028-10-19,AVAILABLE
P09573,Water Bottle,2023-06-08,2023-06-30 06:22:27,2024-02-25,EXPIRED
P09574,Power Bank,2025-06-28,2025-07-27 00:10:31,2028-05-30,AVAILABLE
P09575,Hand Soap,2024-01-20,2024-01-30 09:29:53,2025-03-17,EXPIRED
P09576,Toothpaste,2023-12-16,2024-01-09 05:14:49,2024-08-27,EXPIRED
P09577,Hand Soap,2025-02-17,2025-02-20 19:44:55,2027-07-01,AVAILABLE
P09578,Laptop Stand,2023-12-15,2023-12-27 16:34:21,2025-07-26,EXPIRED
P09579,Water Bottle,2023-09-04,2023-09-11 20:45:48,2025-07-08,EXPIRED
P09580,Hand Soap,2024-09-15,2024-09-16 16:28:19,2027-04-18,AVAILABLE
P09581,Wireless Mouse,2025-07-13,2025-07-20 19:30:09,2027-12-19,AVAILABLE
P09582,Hand Soap,2024-12-12,2024-12-26 10:28:31,2025-05-04,EXPIRED
P09583,Mineral Water,2023-09-13,2023-09-30 07:47:18,2025-04-02,EXPIRED
P09584,Bluetooth Speaker,2024-11-04,2024-11-08 02:32:02,2026-09-12,EXPIRED
P09585,Green Tea,2024-11-14,2024-11-25 02:37:57,2025-08-29,EXPIRED
P09586,Chocolate,2023-08-02,2023-08-14 04:32:27,2024-12-29,EXPIRED
P09587,Chocolate,2026-01-25,2026-02-03 00:04:27,2026-08-21,EXPIRED
P09588,Toothpaste,2023-04-09,2023-05-08 20:42:24,2024-10-05,EXPIRED
P09589,Ballpoint Pen,2023-08-29,2023-09-08 09:20:13,2025-02-11,EXPIRED
P09590,Hand Soap,2024-12-16,2025-01-12 05:01:06,2027-01-21,AVAILABLE
P09591,Ballpoint Pen,2023-07-15,2023-07-24 13:43:06,2025-09-29,EXPIRED
P09592,Chocolate,2023-06-06,2023-06-18 15:14:12,2026-03-05,EXPIRED
P09593,Shampoo,2025-11-26,2025-12-05 00:46:39,2026-06-25,EXPIRED
P09594,Water Bottle,2024-07-01,2024-07-04 20:31:32,2024-12-18,EXPIRED
P09595,Wireless Mouse,2026-06-20,2026-06-21 15:07:36,2028-08-24,AVAILABLE
P09596,Power Bank,2026-09-07,2026-09-17 11:06:19,2028-10-10,AVAILABLE
P09597,Green Tea,2026-04-07,2026-05-05 22:41:22,2028-03-06,AVAILABLE
P09598,Water Bottle,2026-01-16,2026-02-01 06:24:35,2026-04-30,EXPIRED
P09599,Toothpaste,2023-12-25,2024-01-14 12:27:46,2024-07-01,EXPIRED
P09600,Dish Soap,2023-04-12,2023-04-30 08:15:57,2026-04-11,EXPIRED
P09601,Dish Soap,2023-05-21,2023-06-03 17:19:33,2024-04-01,EXPIRED
P09602,Toothpaste,2023-12-14,2023-12-21 20:56:01,2024-03-17,EXPIRED
P09603,Toothpaste,2023-02-05,2023-03-03 09:46:59,2025-05-03,EXPIRED
P09604,Green Tea,2024-05-28,2024-06-08 00:15:01,2024-07-11,EXPIRED
P09605,Mineral Water,2023-01-06,2023-01-15 11:45:46,2023-10-17,EXPIRED
P09606,Ballpoint Pen,2026-06-12,2026-06-14 16:05:53,2029-05-28,AVAILABLE
P09607,Instant Coffee,2024-03-08,2024-03-10 00:11:31,2026-05-20,EXPIRED
P09608,Instant Coffee,2023-10-12,2023-11-07 14:11:10,2025-01-07,EXPIRED
P09609,Hand Soap,2024-03-30,2024-04-26 13:39:54,2026-02-21,EXPIRED
P09610,Mechanical Keyboard,2024-06-20,2024-07-17 06:09:58,2026-09-18,EXPIRED
P09611,Mechanical Keyboard,2024-11-10,2024-11-29 01:16:29,2026-04-02,EXPIRED
P09612,Orange Juice,2024-03-07,2024-03-18 04:10:26,2026-04-25,EXPIRED
P09613,Green Tea,2026-04-22,2026-04-29 01:50:52,2028-04-25,AVAILABLE
P09614,Notebook,2025-08-16,2025-09-14 06:49:19,2027-10-11,AVAILABLE
P09615,Water Bottle,2026-09-10,2026-09-22 19:37:27,2028-06-07,AVAILABLE
P09616,Shampoo,2023-05-02,2023-05-23 12:52:03,2023-07-23,EXPIRED
P09617,Ballpoint Pen,2026-02-24,2026-03-16 22:29:10,2028-11-06,AVAILABLE
P09618,Wireless Mouse,2024-10-05,2024-10-08 08:41:44,2026-03-15,EXPIRED
P09619,Power Bank,2025-03-03,2025-03-13 02:50:04,2025-10-01,EXPIRED
P09620,Water Bottle,2025-06-08,2025-06-20 13:19:45,2025-10-17,EXPIRED
P09621,Laptop Stand,2025-01-08,2025-02-07 09:56:52,2026-01-27,EXPIRED
P09622,Shampoo,2023-03-25,2023-03-27 13:08:34,2024-05-03,EXPIRED
P09623,Laptop Stand,2024-01-23,2024-02-09 08:13:23,2026-09-26,AVAILABLE
P09624,Ballpoint Pen,2024-01-20,2024-02-07 20:38:20,2025-10-26,EXPIRED
P09625,Orange Juice,2026-02-25,2026-03-16 05:09:20,2026-08-04,EXPIRED
P09626,Hand Soap,2024-07-24,2024-08-21 15:20:11,2026-02-28,EXPIRED
P09627,Ballpoint Pen,2025-06-30,2025-07-15 11:25:23,2027-05-05,AVAILABLE
P09628,Laptop Stand,2025-11-20,2025-12-18 16:43:56,2027-11-02,AVAILABLE
P09629,Water Bottle,2026-01-02,2026-01-09 13:31:26,2028-06-17,AVAILABLE
P09630,Toothpaste,2023-04-30,2023-05-07 02:47:00,2023-11-06,EXPIRED
P09631,Laptop Stand,2023-09-19,2023-10-10 02:15:14,2026-09-09,EXPIRED
P09632,Hand Soap,2024-12-30,2025-01-25 06:41:49,2026-07-19,EXPIRED
P09633,Laptop Stand,2023-05-31,2023-06-10 09:47:32,2024-09-11,EXPIRED
P09634,Cereal,2024-08-13,2024-09-04 10:48:50,2027-03-30,AVAILABLE
P09635,Notebook,2025-11-03,2025-11-20 22:40:14,2028-04-21,AVAILABLE
P09636,Water Bottle,2026-02-24,2026-03-19 04:23:09,2028-04-25,AVAILABLE
P09637,Water Bottle,2023-03-15,2023-04-04 06:21:44,2024-09-04,EXPIRED
P09638,Cereal,2023-12-21,2023-12-24 11:04:31,2025-02-23,EXPIRED
P09639,Chocolate,2025-02-16,2025-03-02 00:50:27,2026-01-22,EXPIRED
P09640,Green Tea,2025-08-21,2025-08-25 11:30:49,2027-07-09,AVAILABLE
P09641,Power Bank,2023-02-05,2023-02-23 01:42:58,2023-08-11,EXPIRED
P09642,Mechanical Keyboard,2024-03-12,2024-04-08 00:10:11,2024-11-07,EXPIRED
P09643,Bluetooth Speaker,2024-03-05,2024-03-24 10:23:06,2025-04-05,EXPIRED
P09644,Power Bank,2025-05-05,2025-05-25 16:14:08,2026-06-30,EXPIRED
P09645,Bluetooth Speaker,2026-02-11,2026-02-23 08:06:16,2026-11-27,AVAILABLE
P09646,Shampoo,2024-04-17,2024-05-08 04:26:47,2025-02-02,EXPIRED
P09647,Power Bank,2024-08-27,2024-09-05 10:12:58,2027-05-26,AVAILABLE
P09648,Cereal,2026-08-16,2026-08-18 08:20:07,2028-11-27,AVAILABLE
P09649,Laundry Detergent,2025-06-21,2025-07-07 17:32:51,2025-09-25,EXPIRED
P09650,USB Cable,2023-09-13,2023-10-04 11:48:38,2024-05-05,EXPIRED
P09651,Water Bottle,2024-01-01,2024-01-15 17:19:11,2025-03-06,EXPIRED
P09652,Laptop Stand,2025-03-16,2025-03-23 10:22:50,2026-10-17,AVAILABLE
P09653,Ballpoint Pen,2023-03-25,2023-04-01 06:45:24,2024-05-13,EXPIRED
P09654,USB Cable,2023-03-13,2023-04-11 10:28:05,2025-10-29,EXPIRED
P09655,Instant Coffee,2023-12-27,2024-01-03 22:35:06,2026-01-20,EXPIRED
P09656,Chocolate,2024-11-28,2024-12-09 04:29:35,2027-08-16,AVAILABLE
P09657,Laptop Stand,2026-07-14,2026-07-27 00:56:11,2027-10-27,AVAILABLE
P09658,Shampoo,2024-08-05,2024-08-06 21:37:14,2024-10-03,EXPIRED
P09659,Ballpoint Pen,2026-06-07,2026-07-02 19:34:27,2029-05-14,AVAILABLE
P09660,USB Cable,2026-05-13,2026-06-06 11:00:30,2028-11-22,AVAILABLE
P09661,Notebook,2025-03-13,2025-04-01 18:38:36,2026-07-01,EXPIRED
P09662,Dish Soap,2023-08-10,2023-08-29 20:07:56,2025-04-25,EXPIRED
P09663,Laundry Detergent,2025-07-31,2025-08-09 12:07:11,2026-12-23,RESERVED
P09664,USB Cable,2026-05-10,2026-06-02 21:00:02,2027-03-26,AVAILABLE
P09665,USB Cable,2025-01-11,2025-01-22 03:31:54,2026-12-11,AVAILABLE
P09666,Mineral Water,2024-03-21,2024-04-19 14:13:21,2025-06-12,EXPIRED
P09667,Water Bottle,2023-12-06,2024-01-04 15:02:08,2026-11-03,AVAILABLE
P09668,Ballpoint Pen,2025-04-02,2025-04-16 13:32:27,2027-05-27,AVAILABLE
P09669,Green Tea,2024-03-11,2024-03-14 02:24:10,2024-08-25,EXPIRED
P09670,Mechanical Keyboard,2025-04-09,2025-04-21 02:19:44,2026-10-09,AVAILABLE
P09671,Water Bottle,2026-06-10,2026-07-10 12:46:23,2028-02-24,RESERVED
P09672,Water Bottle,2023-06-10,2023-06-11 10:22:28,2026-04-19,EXPIRED
P09673,USB Cable,2026-09-19,2026-09-21 06:43:03,2027-08-09,AVAILABLE
P09674,Cereal,2026-03-20,2026-04-03 01:35:58,2028-02-25,AVAILABLE
P09675,Mineral Water,2026-06-02,2026-06-17 19:12:21,2028-03-06,AVAILABLE
P09676,Green Tea,2023-11-26,2023-12-03 03:16:36,2025-07-14,EXPIRED
P09677,Cereal,2023-12-09,2024-01-02 03:10:22,2026-06-13,EXPIRED
P09678,Mechanical Keyboard,2025-05-18,2025-05-23 20:48:00,2028-04-30,AVAILABLE
P09679,Laundry Detergent,2023-04-02,2023-04-24 08:03:41,2023-12-24,EXPIRED
P09680,Cereal,2023-09-12,2023-10-08 09:47:06,2025-05-31,EXPIRED
P09681,Wireless Mouse,2025-01-03,2025-01-29 01:35:22,2025-03-03,EXPIRED
P09682,USB Cable,2024-05-10,2024-06-01 08:30:40,2025-12-19,EXPIRED
P09683,Laptop Stand,2026-05-16,2026-06-08 12:58:14,2028-10-11,AVAILABLE
P09684,USB Cable,2024-01-10,2024-01-16 13:19:28,2024-11-12,EXPIRED
P09685,Cereal,2024-06-30,2024-07-23 07:44:36,2025-07-30,EXPIRED
P09686,Chocolate,2024-11-28,2024-12-05 19:59:46,2027-03-22,AVAILABLE
P09687,Chocolate,2023-09-17,2023-09-26 00:34:05,2026-05-02,EXPIRED
P09688,Chocolate,2026-07-12,2026-07-21 04:23:43,2027-12-09,AVAILABLE
P09689,Mineral Water,2025-12-17,2026-01-07 10:48:40,2027-01-31,AVAILABLE
P09690,Shampoo,2025-10-27,2025-11-24 05:01:36,2026-06-14,EXPIRED
P09691,Laundry Detergent,2026-08-19,2026-09-06 03:10:09,2028-06-07,AVAILABLE
P09692,Mineral Water,2023-09-09,2023-10-09 08:56:10,2023-12-28,EXPIRED
P09693,Ballpoint Pen,2025-09-26,2025-09-27 05:00:38,2028-06-10,AVAILABLE
P09694,Wireless Mouse,2026-05-28,2026-06-11 21:15:22,2027-01-20,RESERVED
P09695,Cereal,2026-06-29,2026-07-02 02:30:21,2027-10-08,AVAILABLE
P09696,Power Bank,2025-06-19,2025-06-21 04:42:54,2027-07-06,AVAILABLE
P09697,Instant Coffee,2025-10-18,2025-11-07 15:00:34,2028-01-23,AVAILABLE
P09698,Chocolate,2026-08-18,2026-08-26 14:48:30,2028-08-24,AVAILABLE
P09699,Toothpaste,2024-01-04,2024-01-29 11:12:29,2024-07-28,EXPIRED
P09700,Hand Soap,2023-10-11,2023-10-13 21:07:20,2025-02-23,EXPIRED
P09701,Instant Coffee,2024-04-10,2024-04-11 00:12:59,2025-05-26,EXPIRED
P09702,Cereal,2025-02-22,2025-03-13 13:17:28,2026-08-20,EXPIRED
P09703,USB Cable,2024-01-26,2024-02-25 07:04:59,2024-09-17,EXPIRED
P09704,Orange Juice,2023-07-07,2023-07-27 13:32:14,2025-03-23,EXPIRED
P09705,Laundry Detergent,2024-09-08,2024-09-14 04:26:41,2027-03-12,AVAILABLE
P09706,USB Cable,2025-01-23,2025-02-02 06:01:37,2025-04-23,EXPIRED
P09707,Water Bottle,2026-08-07,2026-08-28 09:44:36,2027-05-04,AVAILABLE
P09708,USB Cable,2024-12-29,2025-01-25 12:40:21,2026-03-05,EXPIRED
P09709,Mineral Water,2025-06-03,2025-06-19 02:13:25,2027-03-21,AVAILABLE
P09710,Water Bottle,2024-11-04,2024-11-07 23:59:19,2026-09-30,AVAILABLE
P09711,Laptop Stand,2025-11-20,2025-12-15 20:08:13,2026-10-01,AVAILABLE
P09712,Water Bottle,2024-09-24,2024-10-11 21:20:46,2025-11-10,EXPIRED
P09713,Ballpoint Pen,2025-07-04,2025-07-29 19:36:13,2027-01-08,AVAILABLE
P09714,Shampoo,2024-12-28,2025-01-12 14:20:35,2026-06-02,EXPIRED
P09715,Instant Coffee,2024-12-10,2024-12-16 03:42:38,2027-10-22,AVAILABLE
P09716,Mineral Water,2024-08-25,2024-08-26 13:18:05,2025-07-15,EXPIRED
P09717,Water Bottle,2026-08-05,2026-08-08 10:17:02,2027-07-19,AVAILABLE
P09718,Green Tea,2025-07-31,2025-08-17 06:00:56,2028-03-13,AVAILABLE
P09719,Wireless Mouse,2023-08-08,2023-08-21 06:09:31,2023-10-19,EXPIRED
P09720,Water Bottle,2026-08-25,2026-09-03 18:07:16,2027-04-21,AVAILABLE
P09721,Orange Juice,2023-09-14,2023-09-27 19:40:25,2024-11-28,EXPIRED
P09722,Shampoo,2024-09-01,2024-09-07 14:59:09,2025-03-01,EXPIRED
P09723,Laptop Stand,2025-04-11,2025-04-20 21:20:18,2026-06-30,EXPIRED
P09724,Mineral Water,2025-09-23,2025-10-07 16:41:49,2028-07-04,AVAILABLE
P09725,Shampoo,2025-09-07,2025-09-29 09:24:30,2026-10-22,AVAILABLE
P09726,Ballpoint Pen,2025-11-18,2025-12-02 22:12:00,2026-06-18,EXPIRED
P09727,Instant Coffee,2024-02-27,2024-03-06 04:31:39,2024-12-29,EXPIRED
P09728,Power Bank,2025-07-15,2025-07-16 05:41:26,2028-05-01,AVAILABLE
P09729,Ballpoint Pen,2026-03-06,2026-03-19 02:18:54,2027-11-05,AVAILABLE
P09730,Power Bank,2026-01-11,2026-01-23 03:19:47,2028-09-08,AVAILABLE
P09731,Shampoo,2023-09-10,2023-09-24 23:02:50,2024-12-10,EXPIRED
P09732,Laundry Detergent,2024-08-02,2024-08-21 10:44:09,2026-11-25,AVAILABLE
P09733,Shampoo,2025-11-21,2025-12-20 05:53:10,2028-10-13,AVAILABLE
P09734,Notebook,2024-10-03,2024-10-26 12:04:19,2025-04-24,EXPIRED
P09735,Wireless Mouse,2026-03-04,2026-04-03 12:24:04,2028-04-26,AVAILABLE
P09736,Laptop Stand,2026-06-25,2026-07-24 06:10:46,2028-06-14,AVAILABLE
P09737,Dish Soap,2026-05-11,2026-05-13 17:32:21,2026-09-06,EXPIRED
P09738,Shampoo,2026-03-10,2026-03-11 06:03:52,2027-07-08,AVAILABLE
P09739,Hand Soap,2023-05-26,2023-05-29 05:03:08,2026-02-09,EXPIRED
P09740,Water Bottle,2023-02-20,2023-03-19 20:08:57,2024-07-13,EXPIRED
P09741,Dish Soap,2026-07-04,2026-07-31 11:40:36,2028-06-09,RESERVED
P09742,Power Bank,2023-10-13,2023-11-01 20:09:02,2026-06-20,EXPIRED
P09743,Bluetooth Speaker,2023-10-29,2023-11-05 01:50:13,2025-04-07,EXPIRED
P09744,Orange Juice,2026-02-07,2026-02-12 07:14:36,2028-03-13,AVAILABLE
P09745,Power Bank,2023-09-03,2023-09-11 20:48:39,2026-07-17,EXPIRED
P09746,Hand Soap,2024-05-13,2024-05-31 21:29:38,2025-04-30,EXPIRED
P09747,Toothpaste,2026-02-03,2026-02-18 12:28:34,2027-01-19,AVAILABLE
P09748,Mineral Water,2023-01-16,2023-02-06 17:45:18,2024-02-23,EXPIRED
P09749,Bluetooth Speaker,2026-04-29,2026-05-24 12:51:55,2028-09-10,AVAILABLE
P09750,Power Bank,2024-09-15,2024-09-24 21:16:50,2027-08-23,AVAILABLE
P09751,Cereal,2025-07-30,2025-08-08 06:01:57,2027-12-02,AVAILABLE
P09752,Wireless Mouse,2025-02-21,2025-03-10 02:19:43,2026-11-24,AVAILABLE
P09753,Ballpoint Pen,2026-07-06,2026-07-10 18:32:44,2029-01-20,AVAILABLE
P09754,Mechanical Keyboard,2023-12-21,2024-01-17 18:32:05,2024-05-27,EXPIRED
P09755,Water Bottle,2023-01-21,2023-02-15 00:33:17,2024-06-20,EXPIRED
P09756,Water Bottle,2026-04-13,2026-04-17 09:57:05,2027-01-05,AVAILABLE
P09757,Toothpaste,2026-04-25,2026-05-09 07:57:12,2026-07-07,EXPIRED
P09758,Cereal,2023-01-03,2023-01-18 08:36:21,2023-05-21,EXPIRED
P09759,Chocolate,2024-08-02,2024-08-10 05:28:06,2025-08-07,EXPIRED
P09760,Notebook,2026-02-17,2026-03-18 20:00:09,2029-02-16,AVAILABLE
P09761,Green Tea,2023-08-17,2023-09-12 13:05:43,2025-10-28,EXPIRED
P09762,Notebook,2024-03-12,2024-04-03 13:51:11,2025-10-22,EXPIRED
P09763,Mechanical Keyboard,2025-11-30,2025-12-24 16:49:21,2026-08-21,EXPIRED
P09764,Shampoo,2024-04-21,2024-04-26 07:32:06,2025-06-26,EXPIRED
P09765,Hand Soap,2023-01-29,2023-02-27 23:20:30,2024-10-22,EXPIRED
P09766,USB Cable,2023-03-19,2023-03-27 15:26:59,2024-03-08,EXPIRED
P09767,Laptop Stand,2025-04-28,2025-05-26 23:21:38,2026-11-27,AVAILABLE
P09768,Cereal,2023-09-21,2023-10-03 17:13:33,2025-10-06,EXPIRED
P09769,USB Cable,2025-06-02,2025-06-10 10:31:33,2025-11-29,EXPIRED
P09770,Power Bank,2025-04-22,2025-05-02 08:45:27,2027-09-09,AVAILABLE
P09771,Green Tea,2025-09-07,2025-09-11 06:10:43,2026-02-04,EXPIRED
P09772,Power Bank,2023-05-01,2023-05-30 05:53:38,2023-12-23,EXPIRED
P09773,Cereal,2025-12-03,2025-12-28 21:55:21,2026-09-06,EXPIRED
P09774,Power Bank,2026-02-02,2026-02-14 16:05:58,2026-11-06,AVAILABLE
P09775,Power Bank,2024-08-07,2024-08-20 01:08:12,2026-10-05,AVAILABLE
P09776,Cereal,2026-07-22,2026-08-17 18:25:32,2027-07-20,AVAILABLE
P09777,Notebook,2023-01-31,2023-02-04 08:03:34,2023-10-20,EXPIRED
P09778,Bluetooth Speaker,2024-05-11,2024-05-22 13:14:51,2024-11-24,EXPIRED
P09779,Mineral Water,2025-10-11,2025-11-07 12:25:03,2026-08-29,EXPIRED
P09780,Toothpaste,2023-07-14,2023-07-27 17:37:11,2026-03-18,EXPIRED
P09781,Dish Soap,2026-07-20,2026-08-07 17:17:55,2029-04-04,AVAILABLE
P09782,Toothpaste,2023-07-03,2023-07-21 02:54:39,2024-09-12,EXPIRED
P09783,Laundry Detergent,2024-04-15,2024-04-25 15:42:57,2026-11-09,RESERVED
P09784,Mechanical Keyboard,2024-12-13,2024-12-16 00:41:52,2026-06-19,EXPIRED
P09785,Hand Soap,2024-04-21,2024-04-22 20:35:01,2025-06-03,EXPIRED
P09786,Dish Soap,2023-12-04,2023-12-08 06:07:45,2024-06-12,EXPIRED
P09787,Chocolate,2025-11-12,2025-11-18 09:40:56,2026-06-19,EXPIRED
P09788,Chocolate,2024-04-24,2024-04-25 08:48:18,2026-02-16,EXPIRED
P09789,Mineral Water,2026-03-07,2026-03-22 17:40:37,2027-12-04,AVAILABLE
P09790,Cereal,2026-02-26,2026-03-12 07:19:37,2026-04-29,EXPIRED
P09791,Wireless Mouse,2023-07-07,2023-07-26 14:26:33,2024-11-11,EXPIRED
P09792,Instant Coffee,2024-07-20,2024-08-01 00:03:16,2025-03-19,EXPIRED
P09793,Ballpoint Pen,2025-01-15,2025-01-18 21:05:12,2025-05-14,EXPIRED
P09794,Water Bottle,2023-02-23,2023-03-10 12:54:24,2023-08-16,EXPIRED
P09795,Hand Soap,2023-01-09,2023-01-22 22:59:06,2025-04-12,EXPIRED
P09796,Mineral Water,2026-02-13,2026-03-09 08:54:26,2027-12-11,RESERVED
P09797,Laundry Detergent,2023-10-05,2023-10-31 20:01:59,2026-07-31,EXPIRED
P09798,Bluetooth Speaker,2025-12-23,2026-01-02 16:58:53,2026-06-16,EXPIRED
P09799,Dish Soap,2023-08-05,2023-08-23 12:36:25,2024-06-16,EXPIRED
P09800,Instant Coffee,2024-07-29,2024-08-07 08:03:20,2026-09-24,AVAILABLE
P09801,Bluetooth Speaker,2024-09-25,2024-10-11 14:10:05,2026-01-23,EXPIRED
P09802,Notebook,2025-04-19,2025-05-17 06:41:25,2026-03-27,EXPIRED
P09803,Wireless Mouse,2026-04-08,2026-04-11 13:00:42,2027-11-17,AVAILABLE
P09804,Chocolate,2023-08-13,2023-08-29 23:44:10,2024-10-12,EXPIRED
P09805,USB Cable,2026-07-02,2026-07-03 02:28:03,2028-10-08,AVAILABLE
P09806,Dish Soap,2025-02-08,2025-02-16 14:08:06,2027-03-23,AVAILABLE
P09807,Notebook,2024-03-17,2024-04-13 11:32:16,2024-07-29,EXPIRED
P09808,Chocolate,2025-09-12,2025-09-14 11:44:29,2026-04-10,EXPIRED
P09809,Laptop Stand,2025-05-03,2025-05-14 12:22:24,2026-12-23,AVAILABLE
P09810,Shampoo,2024-10-08,2024-10-21 12:26:29,2025-05-20,EXPIRED
P09811,Cereal,2025-07-27,2025-08-21 03:05:52,2026-04-26,EXPIRED
P09812,Bluetooth Speaker,2023-03-21,2023-04-20 15:01:06,2023-05-26,EXPIRED
P09813,Cereal,2026-07-06,2026-07-23 18:12:48,2028-08-26,AVAILABLE
P09814,Shampoo,2025-10-01,2025-10-22 18:51:11,2028-02-16,AVAILABLE
P09815,Orange Juice,2024-11-25,2024-11-30 11:29:26,2025-06-03,EXPIRED
P09816,Orange Juice,2023-02-27,2023-03-22 22:58:54,2024-07-27,EXPIRED
P09817,Water Bottle,2024-12-12,2025-01-09 19:51:40,2027-11-28,RESERVED
P09818,Green Tea,2026-01-01,2026-01-03 16:26:04,2028-11-28,AVAILABLE
P09819,Dish Soap,2024-01-27,2024-02-21 00:52:16,2025-04-19,EXPIRED
P09820,Green Tea,2023-10-25,2023-10-31 18:38:55,2026-09-04,EXPIRED
P09821,Laundry Detergent,2025-02-04,2025-02-11 04:52:55,2025-11-14,EXPIRED
P09822,Wireless Mouse,2023-05-13,2023-06-05 07:14:57,2024-08-29,EXPIRED
P09823,Wireless Mouse,2026-03-03,2026-03-04 08:00:03,2027-08-21,AVAILABLE
P09824,Shampoo,2024-12-06,2024-12-24 09:53:47,2025-02-06,EXPIRED
P09825,Power Bank,2024-09-14,2024-09-16 10:27:21,2024-10-14,EXPIRED
P09826,Bluetooth Speaker,2024-12-21,2025-01-05 17:31:02,2025-04-25,EXPIRED
P09827,Ballpoint Pen,2024-10-27,2024-11-16 01:09:43,2027-06-28,RESERVED
P09828,Ballpoint Pen,2026-02-28,2026-03-01 08:25:12,2028-06-15,AVAILABLE
P09829,USB Cable,2026-05-03,2026-05-28 18:58:07,2029-04-24,AVAILABLE
P09830,Dish Soap,2025-05-10,2025-06-08 08:33:48,2026-06-28,EXPIRED
P09831,Mineral Water,2023-09-30,2023-10-14 18:58:26,2024-04-09,EXPIRED
P09832,Shampoo,2024-02-02,2024-02-15 14:42:30,2024-07-17,EXPIRED
P09833,Toothpaste,2025-07-26,2025-08-06 05:38:26,2027-04-29,RESERVED
P09834,Laptop Stand,2025-02-26,2025-03-18 03:22:54,2026-10-06,RESERVED
P09835,Laundry Detergent,2026-07-19,2026-08-08 14:59:34,2027-02-14,RESERVED
P09836,Green Tea,2023-07-17,2023-08-09 04:16:20,2024-07-16,EXPIRED
P09837,Toothpaste,2025-08-25,2025-08-27 11:02:50,2028-05-18,AVAILABLE
P09838,Cereal,2023-03-25,2023-04-05 13:10:16,2024-12-18,EXPIRED
P09839,Laundry Detergent,2023-06-14,2023-07-02 23:51:55,2025-09-10,EXPIRED
P09840,Toothpaste,2025-11-23,2025-12-12 22:23:55,2026-02-12,EXPIRED
P09841,Power Bank,2024-04-07,2024-05-06 18:07:58,2025-06-22,EXPIRED
P09842,Dish Soap,2025-08-02,2025-08-04 14:58:17,2026-02-13,EXPIRED
P09843,Chocolate,2023-12-11,2023-12-12 03:15:17,2025-10-05,EXPIRED
P09844,Water Bottle,2026-02-04,2026-03-05 23:11:34,2026-08-06,EXPIRED
P09845,Chocolate,2023-02-04,2023-02-14 12:11:19,2025-11-02,EXPIRED
P09846,Laundry Detergent,2025-06-14,2025-07-06 23:12:50,2027-07-16,AVAILABLE
P09847,Laptop Stand,2024-03-17,2024-03-31 21:10:30,2025-07-25,EXPIRED
P09848,Instant Coffee,2023-04-08,2023-04-25 21:36:00,2024-09-14,EXPIRED
P09849,Chocolate,2024-10-14,2024-11-08 09:19:25,2027-09-03,AVAILABLE
P09850,Instant Coffee,2024-01-01,2024-01-28 02:47:02,2025-11-20,EXPIRED
P09851,Chocolate,2026-05-16,2026-05-29 17:26:06,2029-03-08,AVAILABLE
P09852,Water Bottle,2023-04-28,2023-05-24 15:36:59,2023-06-03,EXPIRED
P09853,Notebook,2026-06-24,2026-06-27 22:55:46,2029-05-14,AVAILABLE
P09854,Mineral Water,2025-07-02,2025-07-16 02:29:01,2027-09-02,AVAILABLE
P09855,USB Cable,2023-03-23,2023-03-30 22:53:22,2025-07-27,EXPIRED
P09856,Laptop Stand,2024-10-14,2024-10-30 22:25:08,2025-04-03,EXPIRED
P09857,Mechanical Keyboard,2026-07-05,2026-07-25 01:09:33,2026-09-25,AVAILABLE
P09858,Toothpaste,2026-04-24,2026-05-17 10:23:01,2026-07-12,EXPIRED
P09859,Mechanical Keyboard,2024-06-09,2024-06-19 08:04:22,2026-11-29,AVAILABLE
P09860,Instant Coffee,2023-03-26,2023-04-25 11:46:28,2024-03-10,EXPIRED
P09861,Hand Soap,2025-02-02,2025-02-16 04:51:56,2026-03-22,EXPIRED
P09862,Wireless Mouse,2023-12-02,2023-12-06 14:20:34,2025-01-01,EXPIRED
P09863,Laundry Detergent,2024-03-10,2024-03-29 22:01:20,2025-05-11,EXPIRED
P09864,Toothpaste,2023-03-01,2023-03-05 23:14:41,2025-12-04,EXPIRED
P09865,Mineral Water,2023-03-01,2023-03-23 14:11:00,2024-06-16,EXPIRED
P09866,Bluetooth Speaker,2024-07-25,2024-08-11 19:12:53,2025-06-08,EXPIRED
P09867,Instant Coffee,2026-08-20,2026-09-04 15:58:23,2029-01-27,AVAILABLE
P09868,Hand Soap,2026-06-06,2026-07-06 08:59:24,2028-09-07,AVAILABLE
P09869,Cereal,2024-02-23,2024-03-21 05:17:07,2025-11-15,EXPIRED
P09870,Dish Soap,2024-08-02,2024-08-07 13:41:35,2027-07-08,AVAILABLE
P09871,Mechanical Keyboard,2025-09-23,2025-10-08 11:30:55,2027-05-31,AVAILABLE
P09872,Orange Juice,2025-12-20,2025-12-31 21:47:28,2028-02-19,AVAILABLE
P09873,Chocolate,2025-01-20,2025-01-23 22:37:11,2026-09-09,EXPIRED
P09874,Bluetooth Speaker,2025-07-07,2025-07-26 07:16:24,2026-04-23,EXPIRED
P09875,Ballpoint Pen,2026-02-19,2026-03-03 02:25:22,2027-01-10,AVAILABLE
P09876,Dish Soap,2025-10-01,2025-10-30 06:20:06,2026-04-26,EXPIRED
P09877,Laundry Detergent,2025-08-14,2025-08-30 16:25:15,2027-02-26,RESERVED
P09878,USB Cable,2024-07-14,2024-07-24 17:57:30,2027-05-03,AVAILABLE
P09879,Chocolate,2025-06-30,2025-07-14 06:37:28,2026-01-04,EXPIRED
P09880,Wireless Mouse,2024-01-31,2024-02-03 16:34:28,2025-03-02,EXPIRED
P09881,Hand Soap,2025-09-23,2025-10-21 18:26:03,2028-02-09,RESERVED
P09882,Laundry Detergent,2025-11-01,2025-11-27 16:42:24,2028-05-16,RESERVED
P09883,Chocolate,2023-12-24,2023-12-25 10:43:44,2024-03-25,EXPIRED
P09884,Cereal,2025-08-21,2025-09-08 09:25:11,2026-07-12,EXPIRED
P09885,USB Cable,2025-04-09,2025-04-16 08:49:26,2027-03-16,AVAILABLE
P09886,Laundry Detergent,2025-04-08,2025-05-06 10:49:07,2027-04-16,AVAILABLE
P09887,USB Cable,2023-09-29,2023-10-02 09:57:04,2025-02-18,EXPIRED
P09888,Dish Soap,2023-09-14,2023-10-05 19:32:41,2026-07-01,EXPIRED
P09889,Ballpoint Pen,2023-04-07,2023-04-25 23:53:46,2025-10-03,EXPIRED
P09890,Dish Soap,2025-05-24,2025-06-04 03:58:40,2026-11-24,AVAILABLE
P09891,Shampoo,2023-04-19,2023-05-15 03:31:00,2025-05-04,EXPIRED
P09892,Notebook,2024-04-30,2024-05-20 13:29:02,2025-01-04,EXPIRED
P09893,Cereal,2025-01-26,2025-02-18 05:11:24,2026-11-18,AVAILABLE
P09894,Bluetooth Speaker,2024-06-22,2024-07-05 11:21:09,2026-07-31,EXPIRED
P09895,Hand Soap,2026-02-23,2026-03-10 06:58:20,2026-11-14,AVAILABLE
P09896,Laundry Detergent,2024-05-03,2024-05-08 00:52:11,2025-04-23,EXPIRED
P09897,Toothpaste,2023-09-12,2023-09-15 06:41:05,2026-08-01,EXPIRED
P09898,Mechanical Keyboard,2023-05-03,2023-05-08 02:47:17,2026-04-29,EXPIRED
P09899,Mechanical Keyboard,2023-03-07,2023-03-31 17:16:28,2025-01-10,EXPIRED
P09900,Cereal,2025-01-07,2025-01-22 21:31:15,2026-09-23,RESERVED
P09901,Water Bottle,2023-11-03,2023-11-21 05:14:56,2024-04-20,EXPIRED
P09902,Water Bottle,2023-09-18,2023-10-10 22:04:35,2025-02-22,EXPIRED
P09903,Shampoo,2025-03-10,2025-03-29 23:16:39,2028-03-03,AVAILABLE
P09904,Orange Juice,2026-04-18,2026-05-05 20:00:33,2027-11-25,AVAILABLE
P09905,Ballpoint Pen,2025-11-22,2025-12-19 15:13:08,2028-07-07,AVAILABLE
P09906,Dish Soap,2024-07-12,2024-08-06 10:27:09,2027-04-09,AVAILABLE
P09907,Water Bottle,2025-08-12,2025-08-14 20:09:16,2027-05-16,AVAILABLE
P09908,Ballpoint Pen,2025-12-11,2025-12-20 11:36:34,2026-03-10,EXPIRED
P09909,Ballpoint Pen,2023-05-06,2023-05-19 12:59:52,2023-08-01,EXPIRED
P09910,Notebook,2024-08-31,2024-09-15 16:12:03,2027-01-31,AVAILABLE
P09911,Shampoo,2024-08-18,2024-08-31 23:21:32,2027-07-07,AVAILABLE
P09912,Green Tea,2024-07-02,2024-07-27 09:24:58,2025-12-10,EXPIRED
P09913,USB Cable,2023-10-19,2023-11-12 16:43:17,2024-08-30,EXPIRED
P09914,Mechanical Keyboard,2026-04-01,2026-04-07 14:19:37,2027-09-16,RESERVED
P09915,Notebook,2023-04-01,2023-04-20 16:05:43,2023-10-11,EXPIRED
P09916,Bluetooth Speaker,2023-10-11,2023-10-13 05:48:04,2025-10-08,EXPIRED
P09917,Power Bank,2023-10-11,2023-11-01 21:32:22,2024-04-18,EXPIRED
P09918,Water Bottle,2025-02-23,2025-03-12 08:02:20,2026-11-10,AVAILABLE
P09919,Mineral Water,2024-11-10,2024-11-16 07:31:00,2024-12-12,EXPIRED
P09920,Laundry Detergent,2025-07-14,2025-07-30 15:23:04,2025-12-01,EXPIRED
P09921,Mechanical Keyboard,2024-02-26,2024-03-03 05:46:27,2024-05-20,EXPIRED
P09922,Hand Soap,2024-05-10,2024-05-20 14:32:47,2026-01-17,EXPIRED
P09923,Instant Coffee,2023-11-26,2023-12-10 14:16:56,2025-09-20,EXPIRED
P09924,Shampoo,2024-07-11,2024-08-01 07:04:49,2024-12-14,EXPIRED
P09925,Water Bottle,2023-10-15,2023-10-22 07:34:59,2025-11-07,EXPIRED
P09926,Green Tea,2024-05-12,2024-05-27 22:27:56,2027-02-21,AVAILABLE
P09927,Mechanical Keyboard,2024-12-29,2025-01-16 10:34:11,2025-07-05,EXPIRED
P09928,Ballpoint Pen,2025-05-15,2025-06-13 23:17:48,2027-05-13,AVAILABLE
P09929,Ballpoint Pen,2025-05-09,2025-05-27 04:08:17,2026-08-03,EXPIRED
P09930,USB Cable,2023-10-06,2023-10-28 21:56:05,2024-09-05,EXPIRED
P09931,Orange Juice,2025-01-18,2025-02-04 16:39:33,2026-03-24,EXPIRED
P09932,Ballpoint Pen,2023-12-11,2024-01-03 06:01:30,2024-09-10,EXPIRED
P09933,Green Tea,2023-08-16,2023-08-21 10:29:01,2026-01-06,EXPIRED
P09934,Toothpaste,2023-04-30,2023-05-15 15:53:39,2024-06-14,EXPIRED
P09935,Chocolate,2024-06-03,2024-07-02 22:52:21,2026-03-10,EXPIRED
P09936,Hand Soap,2024-10-29,2024-11-19 19:28:04,2025-06-27,EXPIRED
P09937,Instant Coffee,2023-08-14,2023-08-26 22:26:51,2026-06-05,EXPIRED
P09938,Water Bottle,2023-08-28,2023-09-19 01:08:19,2024-08-14,EXPIRED
P09939,Mineral Water,2024-08-28,2024-09-08 19:46:51,2027-02-23,AVAILABLE
P09940,Notebook,2024-07-26,2024-08-09 16:18:23,2027-07-12,AVAILABLE
P09941,Power Bank,2023-01-26,2023-02-21 18:00:12,2025-02-03,EXPIRED
P09942,Laundry Detergent,2024-12-07,2024-12-24 22:30:08,2027-02-19,AVAILABLE
P09943,Laptop Stand,2025-08-27,2025-09-08 01:53:11,2028-06-27,RESERVED
P09944,USB Cable,2026-05-25,2026-05-30 12:19:11,2027-02-05,RESERVED
P09945,Wireless Mouse,2023-12-21,2023-12-29 17:49:28,2024-12-17,EXPIRED
P09946,Dish Soap,2026-01-25,2026-01-26 15:15:27,2028-06-21,RESERVED
P09947,Chocolate,2026-03-11,2026-03-27 01:24:41,2028-01-10,AVAILABLE
P09948,Ballpoint Pen,2023-01-06,2023-01-30 23:43:40,2023-10-02,EXPIRED
P09949,Notebook,2025-04-08,2025-04-30 20:52:17,2026-08-02,EXPIRED
P09950,Instant Coffee,2024-12-08,2024-12-22 04:12:37,2026-11-20,AVAILABLE
P09951,Laptop Stand,2023-05-30,2023-06-28 02:55:07,2026-05-05,EXPIRED
P09952,Hand Soap,2023-01-11,2023-02-02 01:00:02,2023-11-23,EXPIRED
P09953,Laptop Stand,2023-09-19,2023-09-21 11:15:08,2024-09-24,EXPIRED
P09954,Mechanical Keyboard,2026-01-14,2026-02-02 07:36:45,2028-02-18,AVAILABLE
P09955,Mechanical Keyboard,2025-12-19,2026-01-07 16:01:18,2028-06-05,AVAILABLE
P09956,USB Cable,2025-07-04,2025-07-08 00:55:05,2027-03-11,AVAILABLE
P09957,Laundry Detergent,2024-01-07,2024-01-16 14:52:22,2024-08-28,EXPIRED
P09958,Power Bank,2025-09-24,2025-10-01 18:02:50,2028-01-05,AVAILABLE
P09959,Cereal,2023-04-30,2023-05-24 12:32:33,2026-03-24,EXPIRED
P09960,Orange Juice,2025-08-04,2025-08-27 13:49:02,2026-09-12,EXPIRED
P09961,Toothpaste,2024-02-08,2024-02-12 13:01:15,2026-02-20,EXPIRED
P09962,Mechanical Keyboard,2023-11-11,2023-12-04 09:57:55,2025-11-06,EXPIRED
P09963,Wireless Mouse,2025-03-17,2025-04-13 06:08:47,2027-11-20,AVAILABLE
P09964,Orange Juice,2023-11-13,2023-12-11 08:58:05,2026-05-06,EXPIRED
P09965,Ballpoint Pen,2024-06-10,2024-07-05 20:47:20,2026-12-10,AVAILABLE
P09966,Mineral Water,2026-01-04,2026-01-18 12:29:25,2027-07-08,AVAILABLE
P09967,Ballpoint Pen,2023-09-03,2023-09-12 05:45:32,2025-06-18,EXPIRED
P09968,Wireless Mouse,2023-02-05,2023-02-06 00:53:44,2023-10-17,EXPIRED
P09969,Water Bottle,2025-06-27,2025-07-06 06:28:32,2027-02-02,AVAILABLE
P09970,Power Bank,2023-02-05,2023-03-02 15:15:32,2024-03-06,EXPIRED
P09971,Water Bottle,2024-01-05,2024-01-10 10:54:46,2025-05-05,EXPIRED
P09972,Instant Coffee,2025-09-11,2025-09-25 05:41:46,2026-07-27,EXPIRED
P09973,Water Bottle,2024-04-26,2024-05-05 10:02:07,2026-04-27,EXPIRED
P09974,Green Tea,2023-08-31,2023-09-16 15:25:23,2026-05-02,EXPIRED
P09975,Laundry Detergent,2025-05-13,2025-06-09 13:05:02,2025-09-23,EXPIRED
P09976,Mechanical Keyboard,2023-02-08,2023-03-09 11:38:05,2023-11-16,EXPIRED
P09977,Dish Soap,2025-02-19,2025-02-25 20:46:17,2028-01-08,AVAILABLE
P09978,Instant Coffee,2026-06-30,2026-07-07 20:13:19,2029-06-04,RESERVED
P09979,Notebook,2023-06-24,2023-07-04 01:08:25,2025-09-27,EXPIRED
P09980,Instant Coffee,2023-06-26,2023-07-07 22:22:40,2025-07-13,EXPIRED
P09981,Dish Soap,2023-04-08,2023-04-29 00:32:30,2025-06-04,EXPIRED
P09982,Hand Soap,2024-11-24,2024-12-09 10:06:44,2026-03-03,EXPIRED
P09983,Power Bank,2025-11-08,2025-12-08 07:47:46,2026-09-12,EXPIRED
P09984,Water Bottle,2025-10-02,2025-10-04 21:47:34,2027-05-30,AVAILABLE
P09985,Green Tea,2025-03-05,2025-03-23 20:20:01,2025-11-05,EXPIRED
P09986,Water Bottle,2026-07-16,2026-08-03 02:15:32,2028-09-04,RESERVED
P09987,Chocolate,2023-08-12,2023-08-30 09:11:39,2024-12-16,EXPIRED
P09988,Laptop Stand,2025-04-05,2025-04-29 08:20:29,2025-08-07,EXPIRED
P09989,USB Cable,2025-08-20,2025-09-17 14:15:14,2028-06-12,RESERVED
P09990,Mechanical Keyboard,2023-05-17,2023-05-19 13:23:12,2025-09-15,EXPIRED
P09991,Mechanical Keyboard,2024-12-09,2024-12-19 23:52:36,2027-10-01,AVAILABLE
P09992,Laptop Stand,2025-08-26,2025-09-14 07:05:40,2025-12-11,EXPIRED
P09993,Laundry Detergent,2023-11-16,2023-12-15 12:10:41,2026-08-26,EXPIRED
P09994,Toothpaste,2024-10-04,2024-10-18 23:38:38,2024-11-03,EXPIRED
P09995,Shampoo,2023-02-15,2023-02-25 03:32:27,2025-05-20,EXPIRED
P09996,Wireless Mouse,2026-06-04,2026-06-16 12:25:55,2027-01-25,AVAILABLE
P09997,Laundry Detergent,2024-01-18,2024-02-05 18:08:55,2024-08-13,EXPIRED
P09998,Wireless Mouse,2025-09-11,2025-09-22 16:27:19,2027-01-03,AVAILABLE
P09999,Laundry Detergent,2024-05-01,2024-05-02 18:31:20,2025-08-31,EXPIRED
P10000,Water Bottle,2025-02-11,2025-02-18 03:16:37,2025-12-13,EXPIRED
